Station_Code,Station_Name,Train_Count
CSMT,CST-MUMBAI,1027
KYN,KALYAN JN,828
TNA,THANE,796
SDAH,SEALDAH,745
MSB,CHENNAI BEAC,738
HWH,HOWRAH JN.,699
DR,DADAR,567
DDJ,DUM DUM JN.,463
CLA,KURLA,462
TBM,TAMBARAM,434
BZA,VIJAYWADA JN,416
GC,GHAT KOPAR,406
BNXR,BIDHANNAGAR,404
PNVL,PANVEL,400
MTN,MUMBAI (MATU,393
MLND,MULUND,393
BY,MUMBAI (BYCU,392
CNB,KANPUR CENTR,383
BRC,VADODARA JN.,376
BND,BHANDUP,373
VK,VIKHROLI,370
VVH,VIDYAVIHAR,356
NDLS,NEW DELHI,356
NHU,NAHUR,355
PR,MUMBAI(PAREL,346
CRD,MUMBAI CURRE,344
CHG,MUMBAI (CHIN,344
MSD,MUMBAI (MASJ,344
SNRD,MUMBAI SANDH,344
PER,PERAMBUR,342
BDC,BANDEL JN.,325
BWN,BARDDHAMAN J,319
ST,SURAT,316
MS,CHENNAI EGMO,309
KGP,KHARAGPUR,309
NH,NAIHATI JN.,307
LLH,LILUAH,306
ADI,AHMEDABAD,305
BLN,BALLYGUNGE J,300
BSL,BHUSAVAL JN.,298
BEQ,BELUR,295
LKO,LUCKNOW JN.,295
VLK,VILLIVAKKAM,293
MGS,MUGHAL SARAI,292
AVD,AVADI,291
ET,ITARSI,291
SC,SECUNDERABAD,288
ABU,AMBATTUR,281
PUNE,PUNE JN.,278
VPY,VEYSARPADI,274
UMB,AMBALA CANTT,274
BBQ,BASIN BRIDGE,268
MMCC,MOOR MARKET,267
DI,DOMBIVLI,267
SRP,SHRIRAMPUR,266
DIVA,DIVA JN,265
SHE,SEORAPHULI J,265
BP,BARRACKPORE,264
ASN,ASANSOL MAIN,263
GZB,GHAZIABAD JN,262
CGL,CHENGALPATTU,254
NGP,NAGPUR JN.(C,252
NZM,HAZRAT NIZAM,249
KLVA,KALVA,248
MBQ,MUMBRA,248
BBS,BHUBANESWAR,248
KOPR,KOPAR,248
PNBE,PATNA JN.,246
JHS,JHANSI JN,246
KPD,KATPADI JN,245
ANND,ANAND JN.,243
DLI,DELHI JN.,240
BPL,BHOPAL,239
MB,MORADABAD JN,238
BLY,BALLY,238
UPA,UTTARPARA,238
KUR,KHURDA ROAD,236
LDH,LUDHIANA JN.,235
KOG,KONNAGAR,235
SPR,SONARPUR JN.,235
VLCY,VELACHEERY,233
VSKP,VISAKHAPATNA,233
RIS,RISHRA,233
HMZ,HINDMOTOR,231
BSB,VARANASI JN.,230
MTMY,THIRUMAYILAI,230
SRC,SANTRAGACHI,230
AJJ,ARAKKONAM JN,227
ABH,AMBERNATH,225
RJY,RAJAHMUNDRY,220
BLH,BELGHARIA,219
SEP,SODPUR,219
GKP,GORAKHPUR JN,219
GIA,GARIA,217
STM,ST. THOMAS M,217
JDP,JADABPUR,217
DHK,DHAKURIA,217
BGJT,.BAGHAJATIN,217
MKK,KODAMBAKKAM,214
PV,PALLAVARAM,214
ED,ERODE JN.,214
MMR,MANMAD JN.,212
MTJ,MATHURA JN.,212
TGH,TITA GARH,210
AGP,AGARPARA,210
SA,SALEM JN.,210
KDH,KHARDAHA,210
TRL,TIRUVALLUR,209
RHA,RANAGHAT JN.,207
TCR,TRICHUR,206
ALD,ALLAHABAD JN,205
GDR,GUDUR JN.,203
PRES,PATTABIRAM E,200
NRPR,NARENDRAPUR,200
SNR,SHYAM NAGAR,200
OGL,ONGOLE,198
RU,RENIGUNTA JN,197
JTJ,JOLARPETTAI,197
MBM,MAMBALAM,196
NLR,NELLORE,195
MAS,CHENNAI CENT,192
RVJ,RAVLI JN,192
KOTA,KOTA,189
CTC,CUTTACK JN.,189
IP,ICHHAPUR,188
TI,TIRUNINRAVUR,186
PTF,PALTA,186
KCG,KACHEGUDA,186
CBE,COIMBATORE,186
YPR,YESVANTPUR J,186
VSH,VASHI,185
THK,THAKURLI,185
TMVL,THIRUMULLAIV,184
KOTR,KORATTUR,184
ANNR,ANNANUR,184
KNR,KANKINARA,184
PVM,PATTARAVAKKA,184
VZM,VIZIANAGARAM,183
R,RAIPUR JN.,183
JP,JAIPUR JN.,180
BJU,BARAUNI JN.,179
QLN,QUILON,179
JBP,JABALPUR,178
BT,BARASAT JN.,178
ND,NADIAD JN.,177
AGC,AGRA CANTT,176
CGR,CHANDAN NAGA,173
SPJ,SAMASTIPUR J,173
RTM,RATLAM JN,171
CNS,CHUCHURA,171
BE,BAREILLY JN.,170
GDY,GUINDY,170
MSF,CHENNAI FORT,169
BSP,BILASPUR JN.,169
MPK,CHENNAI PARK,169
TLM,TIRUSULAM,169
MSC,CHENNAI CHET,169
NBK,NUNGAMBAKKAM,169
SP,SAIDAPET,169
PZA,PALAVANTHANG,169
MN,MINAMBAKKAM,169
CMP,CHROMEPET,168
TBMS,TAMBARAM SAN,168
VAPI,VAPI,167
SBC,KRANTIVIRA S,167
KPA,KANCHRAPARA,166
KYI,KALYANI JN.,166
KTE,KATNI,165
KIUL,KIUL JN.,164
AWY,ALWAYE,164
KJT,KARJAT,164
STA,SATNA,163
DURG,DURG,163
PGT,PALAKKAD JN,162
DDC,DUMDUM CANTO,161
GWL,GWALIOR JN,160
JUC,JALANDHAR CI,160
BMT,BEGAMPET,160
TUP,TIRUPPUR,160
LPI,LINGAMPALLI,160
BBT,BIRATI,159
MMG,MADHYAM GRAM,159
JGDL,JAGADAL,158
GAYA,GAYA JN.,158
DGR,DURGAPUR,158
LNL,LONAVLA,157
BRP,BARUIPUR JN.,156
JSME,JASIDIH JN.,156
SRE,SAHARANPUR J,156
BH,BHARUCH JN.,155
PRWS,PATTABIRAM W,155
CPR,CHHAPRA JN.,155
HC,HINDU COLLEG,155
TLA,TITVALA,155
PNC,PATNA SAHEB,154
BPQ,BALHARSHAH,154
SLO,SAMALKOT JN.,152
BLS,BALASORE,152
KYJ,KAYANKULAM J,152
NJP,NEW JALPAIGU,151
WL,WARANGAL,151
MFP,MUZAFFARPUR,149
HLR,HALISAHAR,148
EE,ELURU,148
BINA,BINA,147
TPTY,TIRUPATI,147
TPJ,TIRUCHIRAPPA,147
BUD,BADLAPUR,147
SBGR,SUBHASGRAM,146
MAK,MALLIKPUR,146
JL,JALGAON JN.,145
BAM,BERHAMPUR,145
BHR,BHADRESHWAR,144
DGNR,DURGANAGAR,144
BBAE,BAIDYABATI,144
HGY,HOOGHLY,143
TEL,TENALI JN.,143
MUU,MANKUNDU,143
BVI,BORIVLI,143
KNW,KHANDWA JN.,142
SRR,SHORANUR JN.,142
G,GONDIA JN.,141
TATA,TATANAGAR JN,141
HHR,HRIDAYPUR,139
LTT,LOKMANYA TIL,139
BL,VALSAD,139
NK,NASIK ROAD,139
DD,DAUND JN.,138
ERS,ERNAKULAM. J,137
NBE,NEW BARRACKP,137
BRPK,BISHARPARA-K,137
KIR,KATIHAR JN.,136
MCA,MECHEDA,136
GD,GONDA JN.,135
JRC,JALANDHAR CA,135
SWM,SAWAI MADHOP,135
AK,AKOLA JN.,134
ULB,ULUBARIA,134
CDH,CHAKDAHA,133
VM,VILLUPURAM J,133
HJP,HAJIPUR JN.,133
RPH,RAMPUR HAT,131
BHC,BHADRAKH,130
KNE,KISHANGANJ,129
RE,REWARI JN.,129
PKU,PANSKURA,129
AII,AJMER JN.,127
ASR,AMRITSAR JN.,127
NAD,NAGDA JN,126
BSR,VASAI ROAD,126
MLDT,MALDA TOWN,126
KZJ,KAZIPET JN.,125
UJN,UJJAIN JN,124
JSG,JHARSUGUDA J,124
HFZ,HAFIZPETA,124
MDP,MADHUPUR JN.,122
BZN,BAGNAN,122
BD,BADNERA JN.,122
GTL,GUNTAKAL JN.,121
ERN,ERNAKULAM TO,121
SBB,SAHIBABAD,121
NBQ,NEW BONGAIGA,121
SMX,SIMURALI,121
WST,WASHERMANPET,120
RPM,ROYAPURAM,120
GHY,GUWAHATI,119
FM,FALAKNUMA,118
PNP,PANIPAT JN.,118
MKA,MOKAMA JN.,118
MSH,MAHESANA JN,118
TDL,TUNDLA JN,118
HYB,HYDERABAD DE,118
KJM,KRISHNA RAJA,117
VEU,VEPPAMPATTU,117
BWT,BANGARPET JN,117
PTLR,PUTTLUR,117
SVR,SEVVAPET ROA,117
KTYM,KOTTAYAM,116
MPJ,MADANPUR,115
SUR,SOLAPUR,115
DNR,DANAPUR,115
PDX,PAYRA DANGA,115
ADL,ANDUL,115
VG,VIRAMGAM JN,115
BVA,BAURIA JN,114
BKP,BAKHTIYARPUR,114
CLT,CALICUT,114
MAO,MADGOAN JN.,114
ROU,ROURKELA,114
JAJ,JHAJHA,114
DKAE,DANKUNI JN.,113
ARA,ARA,113
ULNR,ULHASNAGAR,113
FDB,FARIDABAD,112
DTK,DATTAPUKUR,112
BMG,BAMANGACHHI,112
DHN,DHANBAD JN.,111
JAT,JAMMU TAWI,110
ON,UNNAO JN.,110
VLDI,VITHALWADI,109
UBL,HUBLI JN.,109
FLR,FULESWAR,109
SPN,SHAHJAHANPUR,109
PXR,PALPARA,109
STPD,SITAFALMANDI,109
CAN,KANNUR,109
FNB,FATEHNAGAR,108
HTCY,HITECH CITY,108
PSA,PALASA,108
GNT,GUNTUR JN.,108
NCHS,NATURE CURE,108
BEAS,BEAS JN,108
PNU,PALANPUR JN,108
BTNR,BHARATNAGAR,108
BRBD,BORABANDA,108
CDNR,CHANDANAGAR,108
CNGR,CHENGANNUR,108
TKJ,TILAK BRIDGE,107
KYQ,KAMAKHYA JN,107
BBK,BARA BANKI J,107
IGP,IGATPURI,106
SEE,SONPUR JN.,105
CSB,SHIVAJI BRID,105
JU,JODHPUR JN.,105
TNP,TONDIARPET,104
KOK,KORUKKUPET,104
TVT,TIRUVOTTIYUR,104
TRVL,TIRUVALLA,104
ENR,ENNORE,104
CGA,CHENGEL,103
BST,BASTI,103
SEL,SANKRAIL,103
NALR,NALPUR,103
MXT,MALAKPET,103
PON,PONNERI,102
TVC,TRIVANDRUM C,102
DSA,DELHI-SHAHDA,102
MJR,MINJUR,102
ROK,ROHTAK JN.,102
JJKR,JAJPUR KEONJ,102
MDU,MADURAI JN,102
AIP,ATTIPATTU,102
AIPP,ATTIPATTU PU,101
YKA,YAKUT PURA,101
DQR,DABIR PURA,101
DVD,DUVVADA,101
BXR,BUXAR,101
KIG,KOLAGHAT,101
HPG,HUPPUGUDA,101
ABR,ABU ROAD,100
DTE,DEULTI,100
HBJ,HABIBGANJ,100
MJT,MAJERHAT,100
PAU,PURNA  JN.,100
VAR,VIDYA NAGAR,99
FL,PHULERA JN.,99
JOO,JAMAI-OSMANI,99
BEPR,BELAPUR C.B.,99
NED,NANDED,99
BNC,BANGALORE CA,99
ATC,ARTS COLLAGE,99
KOAA,KOLKATA,99
SV,SIWAN JN.,99
KGG,KHAGARIA JN.,99
ALJN,ALIGARH JN.,99
JMP,JAMALPUR JN.,99
KMT,KHAMMAM,98
KGY,KULGACHIA,98
BSBP,BIRSHIBPUR,98
PURI,PURI,98
BDTS,BANDRA TERMI,98
RMJ,RAMRAJATALA,98
GMO,NSC BOSE J G,98
SKZR,SIRPURKAGHAZ,98
GPD,GUMMIDIPUNDI,98
KLNP,KALINARAYANP,98
NCB,NEW COOCH BE,97
GRP,GANGPUR,97
SKG,SAKTI GARH J,97
SUNR,SURENDRANAGA,96
MTD,MERTA ROAD J,96
TPKR,TIKIAPARA,96
ADRA,ADRA,96
BNJ,BANGAON JN.,96
RJT,RAJKOT,96
DSNR,DASHNAGAR,95
RN,RATNAGIRI,95
BTE,BHARATPUR JN,95
KVP,KAVARAIPPETT,94
CLX,CHIRALA,94
RJPB,RAJENDRANAGA,94
MJ,MARWAR JN.,94
DRD,DAHANU ROAD,94
INDB,INDORE BG,94
RNY,RANGIYA JN.,94
GGTA,GHORAGHATA,93
PTKC,PATHANKOT CA,93
CHE,SRIKAKULAM R,93
KBT,KADAMBATTUR,93
ANVT,ANAND VIHAR,93
BOE,BARSOI JN.,92
DBG,DARBHANGA JN,92
DMM,DHARMAVARAM,92
WR,WARDHA JN.,92
GUMA,GUMA,91
HB,HABRA,91
DEC,DELHI CANTT,91
ASKR,ASHOKNAGAR R,91
MDN,MIDNAPORE,91
ASK,ARSIKERE JN.,91
BIRA,BIRA,91
LJN,LUCKNOW JN.,90
CRJ,CHITTARANJAN,90
KWAE,KATWA JN.,90
ABB,ABADA,90
AKV,ANKLESHWAR J,90
DG,DINDIGUL JN,90
PGW,PHAGWARA JN.,89
BHP,BOLPUR,89
GY,GOOTY JN.,89
GGN,GURGAON,89
DHD,DAHOD,88
BZU,BETUL,88
MURI,MURI,87
BOP,BHOGPUR,87
RNC,RANCHI,87
DEOS,DEORIA SADAR,87
MRJ,MIRAJ JN.,86
NFK,NEW FARAKKA,85
FUT,FATUHA,85
NVS,NAVSARI,85
RK,ROORKEE,85
NACC,NEW ALIPUR (,85
TO,TIRUVALANGAD,85
GR,GULBARGA,84
TDD,TADEPALLI GU,84
SSB,SHAKUR BASTI,84
KKDE,KURUKSHETRA,84
BYT,BHATAPARA,84
ATP,ANANTAPUR,84
LKF,LAKE GARDENS,83
PPI,PIPARIYA,83
HW,HARIDWAR JN,83
KQR,KODERMA,83
TLG,TOLLY GANJ,83
KGQ,KASARAGOD,83
RPJ,RAJPURA JN.,83
BTI,BATHINDA JN,82
CD,CHANDRAPUR (,82
MJF,MALKAJGIRI,82
DOS,DEHRI-ON-SON,82
FD,FAIZABAD JN.,82
RDM,RAMGUNDAM,82
PBN,PARBHANI JN.,82
SSM,SASARAM,82
DEE,DELHI-SARAI,81
LKPR,LAKSHMIKANTA,81
RBL,RAE BARELI J,81
AZ,AZIMGANJ JN.,80
TIR,TIRUR,80
TK,TUMKUR,80
WCN,WIMCO NAGAR,79
KAVM,KATHIVAKKAM,79
FA,FALNA,79
UDL,ANDAL JN.,79
KPG,KOPARGAON,79
TEN,TIRUNELVELI,79
BQA,BANKURA,78
KNJ,KRISHNA NAGA,78
PRR,PURULIA JN.,78
CKP,CHAKARADHARP,78
APB,ANUPPAMBATTU,78
ABY,AMBIVLI,78
VSD,VASIND,78
KDV,KHADAVALI,78
ASO,ASANGAON,78
SHAD,SHAHAD,78
BGP,BHAGALPUR,78
LKR,LUCKEESARAI,78
MAJN,MANGALORE JN,78
LRJ,LAKSAR JN.,77
GDA,GODHRA JN.,77
WADI,WADI JN.,77
MZP,MIRZAPUR,77
ARJ,AUNRIHAR JN.,76
BUI,BALLIA,76
MYS,MYSORE JN.,76
NRL,NERAL,76
NPKM,NANDIYAMBAKK,76
RC,RAICHUR,76
DKZ,DELHI-KISHAN,75
MTC,MEERUT CITY,75
GBG,GOBARDANGA,75
RNG,RANI GANJ,75
MSL,MACHHALANDAP,75
BALU,BALUGAN,75
TRT,TIRUTTANI,75
SNT,SAINTHIA JN.,74
SGO,SAUGOR,74
SBP,SAMBALPUR JN,74
SPE,SULLURUPETTA,74
YJUD,YAMUNANAGER,74
BTT,BHATNI JN.,74
MUR,MANKAPUR JN.,73
VGI,VANGANI,73
KQU,KAMARKUNDU J,73
BVS,BHIVPURI ROA,73
NZB,NIZAMABAD,73
DHNE,DHONE JN,73
PDA,PUNDOOAH,73
ETW,ETAWAH,73
RRB,BIRUR JN.,73
BGS,BEGU SARAI,73
NU,NARSINGHPUR,72
NDD,NIDADAVOLU J,72
APR,ANUPPUR JN.,72
BARH,BARH,72
TAK,TARAKESHWAR,72
AKP,ANAKAPALLE,72
HRI,HARDOI,72
CPH,CHAMPA JN.,72
JOX,JANAI ROAD,71
BHS,VIDISHA,71
PBH,PARTAPGARH J,71
MBNR,MAHBUBNAGAR,71
RJN,RAJNANDGAON,71
MKP,MANIKPUR JN.,71
MVLK,MAVELIKARA,71
NOQ,NEW ALIPURDU,71
HPU,HAPUR JN.,71
WKR,WANKANER,70
BRPA,BARUI PARA,70
GBRA,GOBRA,70
TLY,THALASSERY,70
BPAE,BEGAMPUR,70
LAR,LALITPUR,70
VPT,VIRUDUNAGAR,70
JIND,JIND JN,70
MUG,MAGRA,70
NDB,NANDURBAR,70
SLN,SULTANPUR JN,70
NPMR,NARAYAN PAKU,70
PKR,PAKUR,69
KQD,KHAIRATABAD,69
KOJ,KOKRAJHAR,69
KLD,KHALILABAD,69
DEA,DIARA,69
BVH,BALLABGARH,69
NSF,NASIBPUR,69
SIU,SINGUR,69
DWX,DEWAS,69
GDV,GUDIVADA JN.,69
NDGJ,NANDAIGAJAN,69
AWB,AURANGABAD,68
TJ,THANJAVUR JN,68
DMO,DAMOH,68
TIG,TITLA GARH J,68
MKU,MALKAPUR,68
BOR,BOISAR,68
ALLP,ALLEPPEY,68
SJVP,SANJIVAIAH P,68
JET,JAMES STREET,68
NDAE,NABADWIP DHA,68
UD,UDUPI,68
KHN,KHANYAN,67
KRNT,KURNOOL TOWN,67
MUE,MUDKHED JN.,67
KUN,KARNAL,67
TKNR,THAKURNAGAR,67
J,JALNA,67
SEGM,SEWAGRAM,67
MYM,MEMARI,67
KRR,KARUR JN.,67
MAU,MAU JN.,67
HUP,HINDUPUR,66
PAR,PANDHURNA,66
ORAI,ORAI,66
BZL,BELA NAGAR,66
CDG,CHANDIGARH,66
FZR,FIROZPUR CAN,66
SVJR,SHIVAJINAGAR,66
BOI,BAINCHI,66
KWV,KURDUVADI JN,66
SNP,SONIPAT,66
JNU,JAUNPUR JN.,66
BKSC,BOKARO STEEL,66
SIR,SIRHIND JN.,66
BKI,BANDIKUI JN.,65
BKN,BIKANER JN.,65
NKL,NALIKUL,65
ADST,ADI SAPTAGRA,65
MNE,MANSI JN.,65
BPP,BAPATIA,65
MLYA,MALIYA,65
VRI,VRIDHA CHALA,65
CDP,CHANDPARA,65
HPL,HARI PAL,65
KQLS,KAMARKUNDU H,65
TLO,TALANDU,65
DVG,DAVANGERE,65
COR,CHITTAURGARH,65
NBD,NAJIBABAD JN,65
CDAE,CHANDANPUR,64
MALM,MANTHRALAYAM,64
BRYA,BARHIYA,64
DAKE,DAKHINESWAR,64
KSG,KISHANGARH,64
KTHU,KATHUA,64
LMG,LUMDING JN.,64
CCH,CHINCHVAD,64
BBU,BHABUA ROAD,64
SDL,SHAHDOL,64
BLAE,BALARAMBATI,64
DWR,DHARWAD,64
PWL,PALWAL,64
MBE,MIRZAPUR BAN,64
SJP,SHUJALPUR,64
SHG,SHAHGANJ JN.,63
MV,MAYILADUTURA,63
ANG,AHMADNAGAR,63
AWR,ALWAR JN.,63
HAPA,HAPA,63
MAN,MANINAGAR,63
KKAE,KAIKALA,63
DUI,DHURI JN.,63
MDSE,MADHUSUDANPU,63
BAHW,BAHIR KHANDA,63
LOK,LOKNATH,63
NCJ,NAGERCOIL JN,63
SNHT,SANHATI,62
BGF,BAGILA,62
MCI,MANCHIRYAL,62
NAI,NANGI,62
SSP,SANTOSH PUR,62
DBP,DEBIPUR,62
BGB,BUDGE BUDGE,62
BRJ,BRACE BRIDGE,62
KK,KHADKI,62
BCGM,BAINCHI GRAM,62
KAWR,KAWR,62
BCK,BALICHAK,62
SLG,SIMLAGARH,62
AKRA,AKRA,62
AHA,ABHAIPUR,62
MKC,MAKSI JN,61
RMU,RAMPUR,61
DSB,SADAR BAZAR,61
MYR,MAIHAR,61
RKM,RAJA-KI-MAND,61
BDYP,BIDYADHARPUR,60
GUNA,GUNA,60
BDJ,VADAKARA,60
KLKR,KALIKAPUR,60
CHT,CHAMPAHATI,60
DNA,DEGANA JN.,60
VKB,VIKRABAD JN.,60
KMC,KAMAREDDI,59
GOF,GHUTIARI SHA,59
BGZ,BAHADURGARH,59
GCT,GHAZIPUR CIT,59
TGN,TALEGAON,58
DLN,DILDARNAGAR,58
MABD,MAHBUBABAD,58
HAUR,HAUR,58
AF,AGRA  FORT,58
AY,AYODHYA,58
LKPL,LAKDI KA PUL,58
CG,CANNING,58
HSR,HISAR JN,58
TLX,TALDI,58
NLRD,NECKLACE ROA,58
RGDA,RAYAGADA JN.,58
RIG,RAIGARH,58
HD,HARDA,58
UBC,AMBALA CITY,58
PLF,PIALI,57
GQD,GOURDAHA (HA,57
KSRA,KASARA,57
BPHB,BHILAI POWER,57
RDU,RADHAMOHANPU,57
BMAE,BELMURI,57
MRA,MORENA,57
SGG,SULTANGANJ,57
MOZ,MUZAFFARNAGA,57
NNA,NAUGACHIA,57
RMA,RAMGANJ MAND,57
VR,VIRAR,57
GRAE,GURAP,57
GWD,GADWAL,57
HX,CUDDAPAH,57
AD,ADONI,57
CVP,KOVILPATTI,56
SZM,SUBZI MANDI,56
KYP,KALYANPUR,56
VVKP,VIVEKANANDPU,56
ABKA,AMBIKA KALNA,56
BARU,BAHARU F,56
MPRD,MATHURAPUR R,56
AME,AMETHI,56
SJPR,SURJYAPUR,56
HIH,HAJIGARH,56
GCN,GOCHARAN,56
DKDP,DAKSHIN DURG,56
KSJ,KASGANJ JN.,56
DBT,DAKSHIN BARA,56
DBSI,DAYA BASTI,56
CRP,CHANDRAPURA,56
OTP,OTTAPPALAM,56
LUNI,LUNI JN.,56
MAQ,MANGALORE CE,56
DPDP,DHAPDHAPI,56
JNM,JAYNAGAR MAJ,56
GADJ,GANDHINAGAR,56
BMO,BOLARUM,56
BIJ,BIRNAGAR,56
GGC,GANGAPUR CIT,56
BDZ,BADKULLA,56
PBZ,PORA BAZAR,56
THP,TAHERPUR,56
HT,HOTAR,56
TKD,TUGALAKABAD,56
NEU,NERUL,56
MGT,MAGRAHAT,56
CHI,CHIPLUN,55
HGA,HOGLAHALT E,55
ACOI,CHHEOKI,55
KVZ,KAVALI,55
VVB,VIVEK VIHAR,55
JHL,JAKHAL JN.,55
DPA,DURGAPURA,55
JAM,JAMNAGAR,55
TUNI,TUNI,55
MSAE,MASAGRAM,55
D,DEULA,54
BHW,BARHARWA JN.,54
PND,PENDRA ROAD,54
SRT,SATUR,54
PNME,PARASNATH,54
PMP,PIMPRI,54
CTO,CHITTOOR,54
BXN,BAYANA,54
DH,DIAMOND HARB,54
NTA,NETRA,54
AMLA,AMLA JN.,54
DMU,DHAMUA,54
BSD,BASULDANGA,54
MDBP,MADHABPUR,54
HTZ,HATHIDAH JN,54
UTN,UTTAR RADHAN,54
OKA,OKHLA,54
KOO,KHUSROPUR,54
UDN,UDHNA JN.,54
SBG,SAHIBGANJ,54
SGL,SAGAULI JN.,54
JPQ,JHAPANDANGA,54
JRAE,JAUGRAM,54
YG,YADGIR,54
NBAE,NABAGRAM,54
MED,MEDCHAL,53
CGY,CHANGANACHER,53
LD,LONDA JN.,53
PLG,PALGHAR,53
HRR,HARIHAR JN.,53
VSU,BISHNUPUR,53
GURN,GURUDAS NAGA,53
YA,YERRA GUNTLA,53
MHD,MAHEMADAVAD,53
BGM,BELGAUM,53
MLMR,MELMARUVATHU,52
PAN,PANA GARH,52
KRJ,KHURJA JN,52
RSLR,RASULPUR,52
EGT,EGATTUR,52
AH,ACHHNERA JN.,52
DEHR,DEHU ROAD,52
JNH,JANGHAI JN.,52
KHT,SRI KALAHAST,52
BTPG,BETHERIA GHO,52
PTK,PATHANKOT JN,52
PLAE,PALSIT,52
PHR,PHILLAUR JN.,52
UHP,UDHAMPUR,52
BAU,BURHANPUR,52
VAK,VARKALA,52
THVM,THIVIM,51
PAY,PAYYANUR,51
AMRO,AMROHA,51
YNK,YELAHANKA JN,50
GMDN,GIRI MAIDAN,50
NKE,NARKATIAGANJ,50
SKB,SHIKOHABAD J,50
JMU,JAMUI,50
TPH,TINPAHAR JN.,50
BNW,BHIWANI JN.,50
HBD,HOSHANGABAD,50
DGG,DONGAR GARH,50
SHC,SAHARSA JN.,50
HVR,HAVERI,50
KAN,KHANA JN.,50
MPD,MADPUR,50
WFD,WHITE FIELD,50
BPA,BELLAMPALLI,49
KHAI,KHIRAI,49
JOC,JOYCHANDI PA,49
TTR,TIPTUR,49
DO,DAUSA,49
JER,JALESWAR,49
SMCK,SHYAM CHAK,49
MEJ,VANCHI MANIY,49
CAP,CHATRAPUR,49
FDN,FARIDABAD NE,49
BAQ,GANJ BASODA,49
GKL,GOKULPUR,48
DNKL,DHENKANAL,48
JPR,JAKPUR,48
AST,ASAOTI,48
MGN,MEGHNAGAR,48
NLDA,NALGONDA,48
SGUJ,SILIGURI JN.,48
RNR,RANIBENNUR,48
KGI,KENGERI,48
DAPD,DAPODI,48
MRGA,MIRYALAGUDA,48
KSNG,KESINGA,48
SIL,SAKHIGOPAL,48
KPY,KARUNAGAPPAL,48
AFK,ANGAMALI (FO,48
CSN,CHALISGAON J,48
AKRD,AKURDI,48
BIRD,BHIWANDI ROA,48
DRU,KADUR,47
KMZ,KATNI MURWAR,47
VN,VANIYAMBADI,47
MAF,MANAVUR,47
BCT,MUMBAI CENTR,47
BCY,VARANASI CIT,47
SBI,SABARMATI JN,47
DKJ,DORNAKAL JN.,47
SPAM,SENJIPANAMBA,47
NDO,NIDUBROLU,47
DNHL,DHANIOIAKHAL,47
PLMG,PULIYAMANGAL,47
HTE,HATIA,47
CKI,CHALAKUDI,47
MSU,MOSUR,47
GYN,GYANPUR ROAD,47
ANVR,ANAND VIHAR,47
SHBC,SIBAICHANDI,47
STR,SATARA,46
AN,AMALNER,46
HJI,HOJAI,46
LSI,LAHERIA SARA,46
VBL,BOBBILI JN.,46
IJK,IRINJALAKUDA,46
BWM,BHAWANI MAND,46
GRWD,GHORAWADI,46
VDLR,MUMBAI VADAL,46
RCD,RAJCHANDRAPU,46
TDU,TANDUR,46
PRAE,PALLA ROAD,46
KGLE,KHAGRAGHAT R,46
BLYG,BALLY GHAT,46
GDG,GADAG JN.,46
SEH,SEHORE,46
BLYH,BALLY HALT,46
BRGA,BARGARH ROAD,46
BRKA,BARKAKANA,46
BARN,BARANAGAR RO,46
KZE,KANHANGAD,46
AMP,AHMADPUR JN.,46
BRD,BHANDARA RD,46
NMF,NIMO,46
AKT,AKALTARA,46
BLGR,BALANGIR,46
LKU,LALKUA JN.,46
ANGL,ANGUL,46
KSWD,KASARWADI,46
NHT,NALHATI JN.,46
HYG,HOOGHLY GHAT,45
DMV,DIMAPUR,45
BGWI,BEGDAEWAI,45
SALE,SALAR,45
MXN,MARIANI JN.,45
FBD,FARRUKHABAD,45
PPTA,PATLIPUTRA,45
GFAE,GARIFA,45
NRW,NARWANA JN.,45
SPT,SOMPETA,45
DSS,DALSINGH SAR,45
MPN,MADHYAMPUR,44
PTMS,PATTABIRAM E,44
BSHT,BASIRHAT,44
MPE,MALATI PUR,44
BBLA,BHYABLA,44
RTGH,RATANAGARH J,44
HRO,HARUA ROAD,44
BGRD,BELIAGHATA R,44
SXC,SONDALIA,44
NSL,NAGARSOL,44
KZPR,KAZIPARA  HA,44
BSLA,BHASILA,44
TKF,TAKI ROAD,44
LBTL,LEBUTALA,44
BCH,BERCHHA,44
CQR,CHAMPAPUKUR,44
UMR,UMARIA,44
TLD,TILDA,44
NMDR,NIMDANRI,44
SGZ,SHAMGARH,44
GGV,GHOVARASH GH,44
BPRD,BARPETA ROAD,44
KTU,KUTTIPPURAM,44
HNB,HASANABAD,44
BMKI,BAPUDHAM MOT,44
TMR,TUMSAR RD,44
GDYA,GHORADONGRI,44
SDB,SHAHABAD,44
NHH,NIHALGARH,44
BHKA,BAHIRA KALIB,44
KMZA,KANKRA MIRZA,44
KMU,KUMBAKONAM,44
SCM,SIMHACHALAM,44
BTA,BIHTA,44
JGM,JHARGRAM,44
NGO,NAGAUR,44
DVL,DEVLALI,44
KBGH,KAREA KADAMB,44
BUP,BARIARPUR,44
KUDL,KUDAL,44
MYA,MANDYA,44
BVRT,BHIMAVARAM T,44
FZD,FIROZABAD,44
DBA,DABRA,44
STB,SHANTIPUR JN,43
SNU,SANGRAMPUR,43
TU,TADIPATRI,43
TPZ,TAPRI JN.,43
BSX,BASAR,43
BHPA,BAHIRPUYA HA,43
MKN,MAKRANA JN.,43
BNCE,BANGALORE EA,43
SVDK,SHRI MATA VA,43
DPU,DIPHU,43
CPA,KANPUR ANWAR,42
ABP,AKBARPUR JN.,42
BCA,BACHWARA JN.,42
DBD,DEOBAND,42
NNO,NANGLOI,42
DGA,DIGHWARA,42
GPAE,GUPTIPARA,42
SDLP,SADULPUR JN,42
DHO,DHAULPUR,42
SKI,SAKRI JN.,42
BVRM,BHIMAVARAM J,42
TBAE,TRIBENI,42
BHL,BHILWARA,42
ANR,ANARA,42
JIT,JIRAT,42
SGNR,SHRI GANGANA,42
ANDN,ANAND NAGAR,42
GHD,GARWA ROAD J,42
CPJ,KAPTANGANJ J,42
CH,CHANDAUSI JN,42
BDL,VINDHYACHAL,42
STN,SITARAMPUR J,42
PGI,PARPANANGADI,42
PGRL,PIDUGURALLA,42
TIT,TALIT,42
DMN,DHAMANGAON,42
BSAE,BANSH BARIA,42
KJU,KUNTIGHAT,42
AUBR,ANUGRAH NARA,42
SOAE,SOMRA BAZAR,42
SEG,SHEGAON,42
BIH,BAIRAGARH,42
RJP,RAZAMPETA,42
PSAE,PURBA STHALI,42
KSV,KOSI KALAN,42
MNGD,MUNIGUDA,42
KMAE,KHAMARGACHHI,42
DURE,DUMRAON,42
BGAE,BALA GARH,42
APDJ,ALIPUR DUAR,42
PRG,PRAYAG JN.,42
BNZ,BADSHAHNAGAR,41
KQN,KODAIKKANAL,41
PAK,PAKALA JN.,41
PMY,PALI MARWAR,41
SELU,SELU,41
SLI,SANGLI,41
KMST,KAMSHET,41
SHR,SIHORAROAD,41
AKVD,AKIVIDU,41
SKL,SINGAPERUMAL,41
SMAE,SAMUDRA GARH,41
DTAE,DHATRI GRAM,41
DLK,DALKOLHA,41
SRTL,SHERTALAI,41
CPK,CHAPARMUKH J,41
KKLR,KAIKALUR,41
BER,BEAWAR,41
BIM,BILIMORA JN.,41
BJE,BHOJUDIH JN.,41
CNJ,CHANDER NAGA,41
HIJ,HIJLI,41
PTRD,PATAUDI ROAD,41
ANV,ANNAVARAM,40
GHH,GARHI HARSAR,40
DMLE,DUMURDAHA,40
GKH,GUSKARA,40
GEDE,GEDE,40
FLU,PHULIA,40
DQG,DHUPGURI,40
RXL,RAXAUL JN.,40
NOK,NOKHA,40
DHAE,DAINHAT,40
DDA,DURAUNDHA JN,40
HBE,HABIBPUR,40
SIOB,SAMAKHIYALI,40
HAN,HINDAUN CITY,40
PTAE,PATULI,40
MDR,MADHIRA,40
PTU,PARTUR,40
BGRA,BAGHNAPARA,40
DTO,DALTONGANJ,40
CAR,CHUNAR JN.,40
AGAE,AGRADWIP,40
IAA,INDARA JN.,40
BTH,BETTIAH,40
QLD,QUILANDI,40
GTS,GHATSILA,40
KRMI,KARMALI,40
TLHD,TALCHER ROAD,40
DAA,DATIA,40
NIA,NAILA,40
SAP,SATTENAPALLE,40
LGDH,LALAGUDA GAT,40
SBV,SIMRI BAKHTI,40
GIMB,GANDHIDHAM J,40
BHLA,BEHULA,39
NTSK,NEW TINSUKIA,39
RMGM,RAMANAGARAM,39
LKX,LAKSHMIPUR,39
BFZ,BHANDARTIKUR,39
BOY,BHADOHI,39
PWS,PHULWARI SHA,39
PDPL,PEDDAPALLI,39
KSB,KOSAMBA JN.,39
JCL,JADCHARLA,39
BURN,BURNPUR,39
BAP,BELAPUR,39
KPN,KUPPAM,39
SHM,SHALIMAR,39
VDN,VADGAON,39
OYR,WARIA,39
BGL,BAGULA,38
ZBD,ZAFARABAD JN,38
CPB,KANPUR BRIDG,38
MYHT,MAYURHAT,38
ATG,ATGAON,38
BC,BAREILLY CIT,38
GNG,GAURIGANJ,38
DDN,DEHRA DUN,38
BNAA,BIBHUTI BHUS,38
SAG,SANGRUR,38
CLG,KAHALGAON,38
PTJ,PODANUR JN.,38
KKW,KANKAVALI,38
DUAN,DUAN,38
PNE,PRANTIK,38
BPN,BANPUR,38
JMT,JAMTARA,38
JAA,JHALIDA,38
SKM,SINGARAYAKON,38
BZLE,BAZARASU,38
BAY,BELLARY JN.,38
KCVL,KOCHUVELI,38
TNX,TARAK NAGAR,38
TMV,TINDIVANAM,38
SPZ,SAMPLA,38
BHGH,BAHIRGACHHI,38
NRKR,NARKHER,38
KBJ,KANTABANJI,38
MIJ,MAJHDIA,38
PLO,PULGAON JN.,38
MGW,MAGARWARA,38
MML,MADANMAHAL,38
JYG,JAYNAGAR,38
KLNT,KALINAGAR,38
NDKD,NADIKUDE JN.,38
BHNA,BHAINA H,38
AG,ARANGHATA,38
GP,RAJGANGPUR,38
IDH,IDGAH,37
GLPT,GOALPARA  TO,37
SMK,SAMALKHA,37
SSRD,SHASAN ROAD,37
CPU,CHOPAN,37
BNKA,BANKIMNAGAR,37
RTA,RUTHIYAI JN,37
KPV,KASHIPUR JN,37
BYPL,BAIYYAPPANAH,37
MVL,MALAVLI,37
HRSR,HARISH NAGAR,37
CNI,CHANDIL JN.,37
GI,GUDUVANCHERI,37
BLM,BALAMAU JN.,37
JUDW,JAGADHRI WOR,37
DAB,DHARMABAD,37
MVJ,MAVLI JN.,37
KNHE,KANHE,37
MLO,MALUR,37
KE,KHARDI,37
ZN,JANGAON,37
CCT,KAKINADA TOW,37
PNCB,PANCHBHERIA,37
KRXM,KRISHNAMOHAN,37
CAA,CHAKIA,36
MRR,MURARAI,36
OMB,UMBERMALLI,36
BEA,BIHIYA,36
VDR,VANDALUR,36
KRD,KARAD,36
PBE,PILIBHIT JN.,36
SAH,SAPHALE,36
KUH,KHACHROD,36
ZNA,ZAMANIA,36
HGT,HINGANGHAT,36
KNN,KHANNA,36
MBI,MADHUBANI,36
CVB,CAVALRY BARR,36
CUR,CHURU,36
CTM,KATTANGULATH,36
THS,THANSIT,36
PDI,PALASDARI,36
ASKN,ASHOK NAGAR,36
GZH,GULZARBAGH,36
PVP,PARVATIPURAM,36
CHC,CHANCHAI,36
SM,SAMSI,36
PFM,PHAPHAMAU JN,36
BGKT,BHAGAT-KI-KO,36
KJH,KAJRA,36
BJP,BIJAPUR JN,36
GOC,PONMALAI (GO,36
WKI,WADAKANCHERI,36
UR,UMDANAGAR,36
PTNR,PATEL NAGAR,36
JRU,CHIKJAJUR JN,35
GNU,GANAUR,35
AUB,ALUABARI ROA,35
KOP,CHHATRAPATI,35
VKI,VENKATAGIRI,35
KTV,KOTTAVALASA,35
MZR,MURTAJAPUR J,35
JID,JAGI ROAD,35
KBRV,KANJARI BORI,35
KCC,KRISHANA CAN,35
CDM,CHIDAMBARAM,35
SOG,SURATGARH JN,35
LTRR,LATUR ROAD,35
KEI,KASHI,35
LSR,LASUR,35
MUT,MEERUT CANT,35
FK,FEROK,35
MAG,MANGALA GIRI,35
KOU,KODURU,35
PKW,PILKHUA,35
TMZ,TAMLUK,35
PM,PALAM,34
SY,SIRKAZHI,34
BID,BIDADI,34
BMB,BAMRA,34
MNM,MANAMADURAI,34
IPM,ICHCHA PURAM,34
BRWD,BARWADIH JN,34
PTB,PATTAMBI,34
SCC,SITAPUR CANT,34
DRH,DHARHARA,34
NUR,NARELA,34
STKT,SASTHANKOTTA,34
PRLI,PARLI VAIJNA,34
GOTN,GOTAN,34
CKU,CHAKULIA,34
KVR,KOVVUR,34
RKO,RAMAKISTA PU,34
WHM,WASHIM,34
IDG,INDRAGARH SU,34
KKP,KOT KAPURA J,34
URI,URULI,34
SFX,SAFILGUDA HA,34
DYE,DAYANANDNAGA,34
KRH,KHAIRTHAL,34
ALW,ALWAL HALT,34
BUG,BAGAHA,34
HNL,HINGOLI(DECC,34
TNKU,TANUKU,34
TEA,TAREGNA,34
JHD,JEHANABAD,34
MAHE,MAHE,34
AKM,ARAMBAKKAM,34
BCN,BACHHRAWN,34
MSMD,MAHASAMUND,34
AMH,AZAMGARH,34
VDS,VIDYASAGAR,34
ELR,ELAVUR,34
AMQ,AMMUGUDA HAL,34
GPB,GHATPRABHA,34
TADA,TADA,34
BOZ,BOLARUM BAZA,34
KRAR,KHARIAR ROAD,34
MUV,MANDUADIH,34
MCS,MANCHESWAR,34
BQY,BELERHAT,34
MYG,MIYAGAM KARJ,33
NMH,NIMACH,33
MDNR,MODINAGAR,33
SOH,SIROHI ROAD,33
GWV,GOWDAVALLI H,33
FTP,FATEHPUR,33
KLYS,KALYANI SILP,33
GKC,GORAKHPUR CA,33
KLYM,KALYANI SIMA,33
RGO,ROTEGAON,33
ROHA,ROHA,33
BIDR,BIDAR,33
KLYG,KALYANI GHOS,33
FKG,FURKATING JN,33
RDL,RUDAULI,33
GAR,GADARWARA,33
SHNR,SHADNAGAR,33
ALY,ALLAHABAD CI,33
BAND,BANASWADI,33
BBDB,BENOY BADAL,33
MNP,MANANPUR,32
AMPA,AMBALAPUZHA,32
GHR,GIDHAUR,32
PDY,PONDICHERRY,32
SBPD,SAMBALPUR RO,32
WJR,WALAJAH ROAD,32
HAD,HARIPAD,32
GJL,GAJRAULA JN.,32
HYT,HAIAGHAT,32
PHK,PUNARAKH,32
PPT,PIRPAINTI,32
BBM,BARABHUM,32
DZA,DASUA,32
BCOB,BHACHAU,32
UDZ,UDAIPUR CITY,32
GMR,GAHMAR,32
SMI,SITAMARHI,32
SMBJ,SHRI MAHABIR,32
BAL,BUDALUR,32
JRLE,JANGIPUR ROA,32
VGN,VANGAON,32
YLM,ELAMANCHILI,32
RKSN,RAJKHARSAWAN,32
MHRG,MAHENDRAGARH,32
HCR,HARISHCHANDR,32
SEB,SON NAGAR JN,32
CT,CHITTAPUR,32
KMBL,KHAMBHALIYA,32
BJD,BAREJADI NAN,32
TPT,TIRUPATTUR,32
DADN,MHOW,32
BTTR,BITRAGUNTA,32
ROZA,ROZA JN,32
ATL,ATHMAL GOLA,32
MVO,MANWATH ROAD,32
KP,KAMPTEE,32
BVC,BHAVNAGAR TE,32
OKHA,OKHA,32
GBA,GARBETA,32
SIP,SURAIMANPUR,32
DWK,DWARKA,32
KJN,KANNAUJ,31
KIM,KIM,31
GN,GOPAL NAGAR,31
CPT,CHANNA PATNA,31
RPZ,RANA PRATAP,31
BRR,BARAKAR,31
SWV,SAWANTWADI R,31
STBB,SATBERIAHALT,31
MDS,MANDSOR,31
HZD,HAZARIBAGH R,31
MLV,MALLARPUR,31
GDPL,GUNDLA POCHA,31
BPB,BADARPUR JN.,31
BQR,BHILAINAGAR,31
NBRN,NABA RAYNAGA,31
BIA,BHILAI,31
JJG,JIAGANJ,31
SLGR,SIMALUGURI J,31
BTD,BOTAD,31
MBB,MURSHIDABAD,31
DBRG,DIBRUGARH,31
SCY,SACHIWALAYA,31
LGL,LALGOLA,31
BLDA,BELDA,31
GGP,GANGNAPUR,31
DLJ,DHOLA JN,31
KLV,KELVE ROAD,31
TUN,TOHANA,31
PLY,PLASSEY,31
MNAE,MANKAR,31
FKM,FAKIRAGRAM J,31
BTY,BETHUADAHARI,31
DDR,DADAR,31
SRID,SRIDHAM,31
BPC,BERHAMPORE C,31
MIPM,MARRI PALEM.,31
BEB,BELDANGA,31
BDVL,BUDVEL,31
MAJ,MAJHERGRAM,31
JOP,JAUNPUR CITY,31
KUDA,KUNDAPURA,31
AKIP,AKAIPUR H,31
ABO,ASTHAL BOHAR,31
VDA,VASAD JN.,31
AKN,AKBARNAGAR,30
HRS,HATHRAS JN.,30
SKP,SHANKARPALLI,30
AMI,AMRAVATI,30
BUW,BURHWAL JN.,30
MAI,MEHSI,30
KWDP,KWAKDWIP,30
SINI,SINI JN,30
KNJI,KARANJALI,30
TGA,TEGHRA,30
SORO,SORO,30
ROP,RUPSA JN.,30
BDGM,BUDGAM,30
BCQ,BARACHAK JN.,30
KDPR,KUMEDPUR,30
KHGR,KASHINAGAR-H,30
SOJN,SIHOR JN(GUJ,30
KDM,KESAMUDRAM,30
SMBX,SAMBA,30
KLK,KALKA,30
DOL,DHOLI,30
MNV,MUNGAOLI,30
PHD,PHAPHUND,30
ACLE,AZIMGANJ  CI,30
MEX,MUKERIAN,30
NCP,NISCHINDAPUR,30
URP,UDAIRAMPUR,30
MFKA,MUSAFIRKHANA,30
ALU,ARIYALUR,30
BAW,CHIKBANAVAR,30
KZT,KULITTURAI,30
SURI,SIURI,30
HTC,HATHRAS CITY,30
BKG,BANKA GHAT,30
AB,AMBUR,30
LKA,LANKA,30
LHU,LOHARU JN,30
UJA,UNJHA,30
CDGR,CHANDRAKONA,30
VTN,VAITARNA,30
KLW,KULPI-FLAG,30
SNSI,SAI NAGAR SH,30
KMME,KUMAR DUBI,30
NDL,NANDYAL,30
IZN,IZZATNAGAR J,30
TORI,TORI,30
KATL,KATOL,30
SBZ,SISWA BAZAR,30
MTR,MOTIPUR,30
TRTR,TRIPUNITTURA,30
BYNR,BYNDOOR,29
BQG,BHAGWANGOLA,29
PPGT,PRINCEP GHAT,29
HSRA,HOSUR,29
TMLP,TIRUMALPUR,29
AMG,ALAM NAGAR,29
TDPR,TIRUPPADIRIP,29
EDG,EDEN GARDENS,29
CHZ,CHARLAPALLI,29
RKB,RAIKA BAGH P,29
BLD,BHILAD,29
PML,PAPANASAM,29
ODM,ONDAGRARM,29
BTJL,BHATKAL,29
UCA,UCHANA,29
TVR,THIRUVARUR J,29
PRNA,PURNEA JN.,29
NWP,NAUPADA JN.,29
KY,KARELI,29
KT,KUMTA,28
NYP,NAYUDUPETA,28
GJUT,GANGSAR JAIT,28
JTU,JAITIPUR,28
DLR,DULLAHAPUR,28
LCAE,LALBAGH COUR,28
SEM,SERAM,28
AMS,AMAUSI,28
KTQ,KUDRA,28
PLJ,PALEJ,28
PVRD,PIRAVAM ROAD,28
SRNT,SARNATH,28
NILE,NIMTITA,28
MKB,MANKATHA,28
KPK,KALI PAHARI,28
HG,HOTGI JN.,28
VSPR,BISNUPRIYA H,28
MKG,MANAK NAGAR,28
POF,PIPARSAND,28
SLB,SALBONI,28
SAN,SANDILA,28
PB,PUNTAMBA,28
AJ,AJGAIN,28
BYL,BELHA,28
DWP,DWARAPUDI,28
BUH,BURHAR,28
RPAN,RANGAPARA NO,28
BNLW,BANASTHALI N,28
MAKR,MALKHEDI,28
MAD,MADDUR,28
BAB,BABINA,28
DHG,DHRANGADHRA,28
LTHR,LATEHER,28
KUD,KUDACHI,28
RAIR,RAIRAKHOL,28
SID,SIDHAPUR,28
PVU,PARAVUR,28
KHS,KHARSIA,28
ABS,ABOHAR,28
GNH,GANGA KHER,28
KVX,KUSUMBHI,28
CJ,KANCHIPURAM,28
RPR,RAGHUNATHPUR,28
BELA,BELA,28
VMA,VIKRAMGARH A,28
MWM,MALLESWARAM,28
KYE,KHURAI,28
APT,ANAPARTI,28
MOR,MOR,28
KWO,KARAUTA,28
HRN,HARAUNI,28
MDE,MAKHDUMPUR G,28
MET,MALERKOTLA,28
VLY,VALLIYUR,28
MRL,MAROLI,28
ADTP,ADITYAPUR,28
SIC,SONIK,28
BG,BHONGIR,28
AML,AMALSAD,28
TA,TANUR,28
AO,AONLA,28
SRU,SALEMPUR JN.,28
NMKA,NAMKHANA,28
CUPJ,CUDDALORE PO,28
KMI,KUMHARI,28
PVPT,PARVATIPURAM,28
TALA,TALLA,27
JND,JUNAGADH JN,27
REJ,REJINAGAR,27
BZB,BARRA BAZAR,27
KIRP,KHIDIRPUR,27
SMQL,SHAMLI,27
BRRG,BIYAVRA RAJG,27
SCL,SILCHAR,27
JMKT,JAMIKUNTA,27
KHED,KHED,27
PBR,PORBANDAR,27
SOLA,SOVABAZAR-AH,27
DEB,DEBAGRAM,27
SRGM,SRIRANGAM,27
SJN,SANJAN,27
TCL,TYAKAL,27
RMTR,REMOUNT ROAD,27
RANI,RANI,27
CJN,CHHATNA,27
PPN,PUNPUN,27
BTP,BABATPUR,27
BBR,BAGH BAZAR,27
ADH,ANDHERI,27
MWC,MANDAWALI CH,27
MGLP,MANGOLPURI,27
AJNI,AJNI,27
KAT,KHATAULI,27
ISM,ISMAILA HARY,27
UBR,UMBERGAON RO,27
CSZ,COSSIMBAZAR,27
STL,SIMULTALA,26
KKDI,KARAIKKUDI,26
JPE,JALPAIGURI R,26
HPT,HOSPET JN.,26
NDU,NADAUL,26
TET,TETULMARI,26
ULT,KULTI,26
BNY,BARHNI,26
MTFA,MERTALA PHAL,26
LWR,ALNAVAR JN.,26
TYAE,TENYA,26
SDLE,SWADINPUR,26
NRT,NARASARAOPET,26
VLR,VELLORE CANT,26
DYD,DARYABAD,26
KRBP,KHUDIRAM BOS,26
LNK,LOHIAN KHAS,26
KDG,KEDGAON,26
HIR,HARINAGAR,26
MZL,MIRZAPALI,26
USL,USALAPUR,26
ASE,ASAUDAH,26
SKT,SAKTI,26
ROHN,ROHAD NAGAR,26
LS,LASAL GAON,26
BYN,BANAHI,26
FKA,FAZILKA JN.,26
MW,MAIRWA,26
PPC,PIPRAICH,26
BRS,BIRSINGHPUR,26
KUA,KULHARIA,26
HAS,HASSAN JN.,26
PHN,POKHRAYAN,26
BV,BABHNAN,26
KNSN,KARNA SUBARN,26
AL,ATTILI,26
SDE,SADISOPUR,26
PNQ,PUNKUNNAM,26
JAIS,JAIS,26
RFJ,RAFIGANJ,26
MRK,MARKAPUR ROA,26
NS,NARASAPUR,26
GHE,GHEVRA,26
GGA,GHOGHA,26
GGJ,GOSHAINGANJ,26
GGLE,GANGATIKURI,26
BLTR,BELTHARA ROA,26
TRB,TIRUVERUMBUR,26
NN,NANDURA,26
THA,TEHTA,26
LKN,LAKHMINIA,26
CWLE,CHOWRIGACHA,26
MQC,MUNDKA HALT,26
KRZ,KHARAWAR,26
PUT,PUTUR,26
TVP,TRIVANDRAM P,26
UMRI,UMRI,26
RMM,RAMESWARAM,26
NYY,NEYYATTINKAR,26
BSQP,BANSIPUR,26
VKA,VERKA JN.,26
BGK,BAGALKOT,26
CRR,KARAGOLA ROA,26
NEO,NEORA,26
NDW,NADWAN,26
KSX,KOTSHILA,26
MTY,MULTAI,26
NUH,NAUGARH,26
BRJN,BRAJARAJNAGA,26
JRMG,JAIRAMNAGAR,26
MOT,MALOUT,26
BJNR,BIJAINAGAR,26
PKO,PALAKOLLU,26
YFP,YUSUFPUR,26
AMBG,ARAMBAG,25
BHTR,BHATPAR RANI,25
BWSN,BIJWASAN,25
JLL,JALALGANJ,25
JKN,JAKHANIAN,25
EKMA,EKMA,25
DNRE,DHANAURI,25
BFT,BHABTA,25
JPH,JHANTIPAHARI,25
UVD,UDVADA,25
PJ,PEPPEGANJ,25
MMA,MUHAMMADABAD,25
PHA,PATHARIA,25
DSJ,DELHI-SAFDAR,25
DPJ,DHARMAPURI,25
PTKR,PATIPUKUR,25
RAA,BARARA,25
PANP,PANDAVAPURA,25
NGT,NAGAPPATTINA,25
THB,THANA BIHPUR,25
RJG,RAJGRAM,25
RJI,RAJAWARI,25
KRP,KRISHNAPUR,25
SGV,SARGACHNI,25
MAYP,MAYAPUR,25
MGM,MURAGACHHA,25
BTU,BARAUT,25
SBT,SABARMATI,25
GMH,GAMHARIA,25
SFY,SHAJAPUR,25
AGN,AMGAON,25
KND,KANDRA,25
KDQ,KADIPUR,25
HDIH,HOODI,25
TUVR,THURAVUR,25
DHU,DHUBULIA,25
ANDI,ADARSH NAGAR,25
PCX,PAGLA CHANDI,25
SZB,SARONA,25
EKI,EKLAKHI,24
SKJ,SAHIBPUR KAM,24
AAL,AMLAI,24
BONA,BOINDA,24
EKC,EKCHARI,24
PFT,POTHAHI,24
IDR,INDI ROAD,24
BTS,BASTA,24
THAN,THAN,24
BAT,BATALA JN.,24
JLD,JARWAL ROAD,24
DRL,DEROL,24
SMDP,SHAHABAD MUH,24
BNN,BARNALA,24
AKE,AKANAPET,24
HTK,HATKANANGALE,24
GDB,GIDDARBAHA,24
BWH,BHADAURA,24
SUA,SARDIHA,24
KMNC,KUCHAMAN CIT,24
KPQ,KANNAPURAM,24
GBD,GAURIBIDANUR,24
NOLI,NOLI,24
GRB,GARH-DHRUBBE,24
GTRA,GOTRA,24
KFA,KOPARIA,24
KLRE,KHALARI,24
UCR,UNCHAHAR JN.,24
DER,DADRI,24
BHD,BADLI,24
ERL,ERANIEL,24
BVP,BHAVNAGAR PA,24
SPRD,SINGAPUR ROA,24
MHTR,MALIHATI TAL,24
FDK,FARIDKOT,24
CPP,CHIPURUPALLE,24
CHRA,CHHARRA,24
MRGM,MAURIGRAM,24
GLI,GALSI,24
DRTP,DASHARATHPUR,24
JHBN,JHAMATPUR BA,24
BNDA,BANDA JN,24
PTRU,PATRATU,24
NGR,ANNIGERI,24
KEX,KHEKRA,24
FAP,FAKHARPUR HA,24
MLN,MAILANI JN.,24
BPM,BAGHPAT ROAD,24
RJK,RAJA-KA-SAHA,24
BPR,BHOJIPURA JN,24
NLV,NALBARI,24
MBA,MAHOBA,24
RGL,RENGALI,24
RMD,RAMANATHAPUR,24
HCP,HARCHANDPUR,24
PMK,PARAMAKKUDI,24
SSPN,SRI SATYA SA,24
ITR,ITWARI JN.,24
SPP,SHAHPUR PATO,24
SFA,SUNEHRA,24
PAJ,PARAJ,24
PNK,PANKI,24
CAPE,KANNIYAKUMAR,24
NLDM,NANGAL DAM,24
SFMU,SUNAM,24
MHQ,MOHUDA,24
MTM,MACHILIPATNA,24
BUJ,BARAUNI FLAG,24
PDKT,PUDUKKOTTAI,24
BDXT,BASAI DHANKO,24
SBO,SABOUR,24
AKAT,AKKAMPET,24
SRWN,SARASWATI NA,24
BRAG,BARANG JN.,24
AIT,AIT JN,24
DJ,DARJEELING,24
KSU,KUSTAUR,24
BJW,BAJVA,24
NMZ,NEW MAL JN.,24
BGA,BAGALIA,24
AHQ,AHERA,24
RBH,RAJBANDH,24
ALER,ALER,24
RWL,RAIWALA JN.,24
MZC,MIRZA-CHEUKI,24
ALK,ALAKKUDI,24
KWR,KOELWAR,24
CLJ,COLONELGANJ,24
PAP,PITHAPURAM,24
HMH,HANUMANGARH,24
CJM,CHINNAGANJAM,24
RHE,RAKHA MINES,24
RHG,RAJGARH,24
SGM,SOLAGAMPATTI,24
TRO,TIRORA,24
CHV,CHERVATTUR,23
CM,CAMPIERGANJ,23
PKA,PRADHAN KHUN,23
MIM,MANIRAM,23
NBH,NIMBAHERA,23
WSJ,WANSJALIYA J,23
PDT,PENDURTI,23
SVH,SONADANGA,23
CBF,COIMBATORE N,23
RDDE,RATHDHANA,23
MABA,MANDI BAMORA,23
TDO,TANDA-URMAR,23
SGRL,SINGRAULI,23
SHDM,SHAHABAD MAR,23
KIT,KHALLIKOT,23
VRL,VERAVAL,23
RMR,RAMNAGAR,23
GHLE,GADADHARPUR,23
SOT,SHOHRATGARH,23
BNDM,BONDAMUNDA J,23
BN,BIBINAGAR,23
JLR,JETALSAR JN,23
NKM,NAMKOM,23
FGR,FATEHGARH,23
PAD,PARDI,23
NKP,NIRAKARPUR,23
UDGR,UDGIR,23
TPF,TARAPITH ROA,23
MLY,MAULA ALI,23
PC,PACHORA JN.,23
SRJ,SHANKARGARH,23
GDL,GONDAL,23
RNO,RANOLI,23
VVM,VIRAVASARAM,23
PTA,PATIALA,23
MDF,MURADI,23
MDKD,MADHUKUNDA,23
BZO,BARSOLA,23
SMR,SAMDARI,23
KBL,KOPPAL,23
NYN,NAINI JN.,23
BDH,BHEDIA,22
RPRD,RUPRA ROAD,22
BEML,BEML NAGAR,22
THE,THAWE JN.,22
KVU,KADAKAVUR,22
NRLR,NORLA  ROAD,22
PKD,PENU KONDA,22
CLU,CHILAKALPUDI,22
CHU,CHAMPION,22
ANT,ANANTNAG,22
ANSB,ANANDPUR SAH,22
KVM,KAVUTARAM,22
GZN,NAYA GHAZIAB,22
KLP,KOTALPUKUR,22
VTM,VETAPALEM,22
MAP,MORAPPUR,22
CSA,CHAUSA,22
DHT,DHAMARA GHAT,22
NSVP,NPA SIVARAMP,22
LKMN,LOKMANYA NAG,22
SMU,SAMBHU,22
DGLE,DHULIAN GANG,22
PUL,RAMPURA PHUL,22
JEA,NAKAHA JUNGL,22
GVL,GUDLAVALLERU,22
CRY,CHIRAYINKIL,22
AJI,ANJI SHAHABA,22
SNF,SANAT NAGAR,22
DBL,DODBELE,22
KRND,KHORASON ROA,22
TALL,TALL JN.,22
GSP,GURDASPUR,22
MUD,MURADNAGAR,22
VSG,VASCO-DA-GAM,22
SFNR,Saifee Nagar,22
BLP,"BALRAMPUR,",22
BFM,BHALUI,22
TLJ,TALJHARI,22
RBZ,RAMBHADDARPU,22
VTJ,VARTREJ,22
PRBZ,PARSA BAZAR,22
MQO,MUNROTURUTTU,22
JNR,JANAKPUR ROA,22
SHBA,SAHEBTALA  H,22
DKN,DEVAN GONTHI,22
NLE,NILESHWAR,22
KDP,KONDAPURAM,22
LAV,LABHA,22
BNR,BHAGWANPUR,22
RPAR,ROOP NAGAR,22
BHHZ,BEHTA HAZIPU,22
BNT,BHARTHANA,22
AJR,AJAIBPUR,22
NWD,NAWADAH,22
MKM,MARIKUPPAM,22
NTG,NUSRATABAD K,22
BMF,BASMAT,22
WDR,WADIARAM,22
DKD,DONAKONDA,22
DKDE,DANKAUR,22
MOB,MANOHARABAD,22
OGM,OORGAUM,22
BKRD,BHALUKA ROAD,22
SGD,SONGADH,22
CKH,CHAKAND,22
SVRP,SHIVNARAYANP,22
COL,COROMANDEL,22
TLH,TILHAR,22
DEG,DELANG,22
MLPR,MALIPUR,22
SVM,SANVORDEM CU,22
NCR,NAGORE,22
RAU,RAU,22
TOM,TONDAMANPATT,22
SINA,SRINAGAR,22
BRKY,BORAKI HALT,22
SMET,SHIMOGA TOWN,22
BAHL,BANIHAL,22
RDUM,RAMPUR DUMRA,22
GTW,GATORA,22
PAV,PEDANA,22
CAI,CHANPATIA,22
GOY,GOVINDPURI,22
TAPA,TAPA,22
QLM,KULEM,22
QG,QUAZIGUND,22
MIU,MARIPAT,22
BPD,BAHADURPUR,22
SL,SURATHKAL,22
KQL,KANDHLA,22
KPKI,QASIMPUR KHE,22
SHU,SHOLINGUR,22
SUJR,SUJRA,22
KUE,KURSELA,22
HUK,HOLAMBI KALA,22
GID,GIDDALUR,22
RJQ,RAJENDRANAGA,22
ATPA,AWANTIPURA,22
KML,KAMTAUL,22
JWP,JWALAPUR,22
JKE,JUKEHI,22
DES,DESARI,22
GRRU,GURARU,22
JJK,JHINJHAK,22
PASA,PARASSALA,22
ZB,ZAHIRABAD,22
VMD,VADLAMANNADU,22
AMB,AMBODALA,22
RURA,RURA,21
NBR,NAMBURU,21
HNN,HARSANA KALA,21
CKTD,CHITRAKUTDHA,21
ML,MALHOUR,21
SDT,SADAT,21
KKQ,KALAIKUNDA,21
KATI,KANTHI FS,21
KPNA,KAPAN  HALT,21
GTE,GOTHAJ,21
BHLK,BHALKI,21
AZR,AZAMNAGAR RO,21
KANJ,KANIJ,21
PAO,PANOLI,21
DGHA,DIGHA FS,21
CC,CHAURI CHAUR,21
KSD,KESHOD,21
RPUR,RATANPUR,21
SFH,SAFEDABAD,21
SCH,SACHIN,21
KAPG,KALUPARA GHA,21
NEP,NENPUR,21
DIG,DUGGIRALA,21
JNA,JULANA,21
GVN,GODAVRI,21
GVD,GHOLVAD,21
PMR,PITAMBARPUR,21
RSG,RAMSAGAR,21
PEP,PHEPHNA JN.,21
JVN,JORAVARNAGAR,21
CHL,CHOLA,21
KHKN,KHERA KALAN,21
TGU,TARI GOPPULA,21
IBL,INDRABIL,21
BKNG,BHAKTINAGAR,21
SGP,SOHAGPUR,21
UREN,UREN,21
VTA,VATVA,21
PDKN,PEDAKAKANI H,21
LGH,LALGARH JN.,21
BJRI,BIJURI,21
JRR,JUGAUR,21
NKD,NEKONDA,21
NDR,NANDESARI,21
PVR,PANDHARPUR,21
SHBL,SHIBLUN,21
KSO,KHEMASULI PH,21
LHA,LEHRA GAGA,21
KRE,KARTARPUR,20
BBW,BODARWAR,20
HSA,HASIMARA,20
PJGM,PANJGAM,20
HRSB,HILLAR SHAHA,20
WRR,WARORA,20
SVA,SUWASRA,20
VDD,VENDODU,20
VDE,VEDAYAPALEM,20
MJBK,MANJARI BUDR,20
LONI,LONI,20
SDUA,SADURA,20
BADK,BARKA HALT,20
KPGM,KARPOORIGRAM,20
GUR,GANGAPUR ROA,20
GUD,GALUDIH,20
REWA,REWA,20
GB,GAURI BAZAR,20
ROA,RUSERA GHAT,20
RNPR,RUPNARAYANPU,20
GTJT,GETOR JAGATP,20
KRBA,KORBA,20
GPH,GARPOS,20
GRA,GHARAUNDA,20
PAZ,PAYANGADI,20
LPW,LOHARPURWA (,20
NNR,NARAYANPUR,20
KKHT,KAKARGHATTI,20
TKE,TARIKERE,20
NHN,NIGOHAN,20
NAT,NATHNAGAR,20
BMH,BETAMCHERLA,20
BXJ,BOKAJAN,20
MSDN,MASUDAN,20
MSK,MAHESH KHUNT,20
KPP,KALA PIPAL,20
JKI,KAURIA JUNGL,20
DPR,DHAMPUR,20
SMO,SEMAPUR,20
PBA,PIARDOBA,20
SRGT,SURENDRANAGA,20
AKD,AKODIA,20
BLDI,BHILDI JN,20
GER,GERATPUR,20
KAPE,KAKAPORA,20
DOKM,DOKRA HALT,20
OMLF,OLD MALDA,20
VKN,VINUKONDA,20
PAA,PATAS,20
PUK,PUDUKAD,20
NGG,NAGINA,20
SLW,SOHWAL,20
LKE,LAKHERI,20
GYM,GUDIATTAM,20
MSW,MASKANWA,20
KIAT,KYATSANDRA,20
ULG,UDALGURI,20
SSA,SIRSA,20
BFW,BYATRAYANHAL,20
BJBA,BIJBIARA,20
GNA,GONIANA,20
AILM,AILAM HALT,20
KIK,KARAIKAL,20
DHW,DHARIWAL,20
MQL,MIRKHAL,20
UHR,UNCHEHARA,20
JEUR,JEUR,20
SCMN,SIMHACHALAM,20
ANB,AMMANABROLU,20
MPO,MANPUR JN.,20
ADT,ADUTHURAI,20
NPNR,NEPA NAGAR,20
GSO,GHASO,20
NGN,NANDGAON,20
NSD,NASIRABAD,20
KHH,KICHHA,20
DVM,DALBHUMGARH,20
RBG,RAYBAG,20
PMPE,PAMPORA,20
BGBR,BAGBAHRA,20
KSP,KISHANPUR,20
LGTR,LINGARAJ TEM,20
RCRA,RAMCHAURA HA,20
NRE,NANDALUR,20
AIH,ALAWALPUR ID,20
PRND,PERINAD,20
RSR,RASRA,20
TIA,TILAIYA,20
GMS,GARHMUKTESAR,20
HDW,HALDWANI,20
KEB,KARAMBELI,20
CHJ,CHATA,20
KTMA,KOTMA,20
GMAN,GUMANI,20
OCR,OCHIRA,20
PRTL,PIRTALA,20
TNGL,TORANAGALLU,20
TNL,TANGLA,20
DLO,DALGAON,20
MOG,MOHIUDDINNAG,20
SLKN,SANDAL KALAN,20
SLJ,SAKRIGALI,20
MUW,MATHURA PUR,20
UNLA,UNAULA,20
BEH,BAGDIHI,20
HDP,HADAPSAR,20
HIP,HALDIPADA,20
BDVT,BHADRAVATI,20
MVKR,MAHAWAN KHOR,20
KZK,KAZHAKUTTAM,20
CKD,CHARKHI DADR,20
BPS,BANPAS,20
TMX,TIMMAPUR,20
SVPI,SHIVPURI,20
DKNT,DAKANIYA TAL,20
DKO,DEVAKOTTAI R,20
JVT,JIBANTI,20
NMJ,NIDAMANGALAM,20
JWB,JAWAI BANDH,20
CMU,CHAU MAHLA,20
KTSH,KOTMI SONAR,20
BDME,BAIDYANATHDH,20
KGB,KARGI ROAD,20
KGM,KATHGODAM,20
DWNA,DIWANA,20
TLWA,THALWARA,20
NBL,NIMBAL,20
UTD,UTARSANDA,20
SVGA,SIVAGANGA,20
PIZ,PINGLI,20
MCJ,MANJATTIDAL,20
DMT,DIGUVAMETTA,20
THV,THERUBALI,20
NZD,NUZVID,20
RJ,RAWATGANJ F,20
RJA,RAJNAGAR,20
TRS,TARSARAI,20
YT,YEVAT,20
MZM,MUAZZAMPUR N,19
JTL,JHAPATERDHAL,19
BSLE,BATASPUR,19
DMA,DAMODAR JN.,19
MOO,MUDDANURU,19
RKI,RAMKANALI JN,19
DNT,DANTAN,19
ARQ,ARARIYA COUR,19
JOB,ASAIPUR JOBN,19
KNVT,KINWAT,19
NIU,NABIPUR,19
BRND,BORIDAND,19
TIS,TATISILWAI,19
PALR,PALUR,19
KPLE,KOPAI,19
LUR,LATUR,19
BXL,BHEDUASOL,19
ALM,ALAMANDA,19
SDN,SHOLAVANDAN,19
BSBR,BANSHLAI BRI,19
SRJM,SIRJAM,19
DGI,DUNGRI,19
AHH,AHMED GARH,19
KUK,KORU KONDA,19
KDTN,KADETHAN,19
PLS,PIPALSANA,19
CW,CHAINWA,19
SYN,SAYAN,19
MSZ,MANSA,19
ADB,ADILABAD,19
UMD,USMANABAD,19
CTR,CHATRA,19
JBN,JOGBANI,19
KSF,KHALISPUR,19
KIP,KHALILPUR,19
PCQ,PICHKURIRDHA,19
DAZ,DELHI-AZADPU,19
KIN,KAPASAN,19
UJP,UJIARPUR,19
VJA,VEJANDLA,19
GTNR,GOMTINAGAR F,19
KPL,KANTAKAPALLE,19
LMT,ALMATTI,19
NDJ,NANDGANJ,19
BERO,BERO,19
NRX,NOADAR DHAL,19
FBG,FORBESGANJ J,19
ATE,ATARRA,19
SWA,SAHJANWA,19
COA,KAKINADA POR,19
RUG,RAJLU GARHI,19
UPL,UPPALUR,19
NRO,NAKODAR JN.,19
TMQ,TIRUMANGALAM,19
BDMJ,BHODWAL MAJR,19
CLDY,CHANDLODIYA,19
TLR,TULSIPUR,19
PGR,PUGALUR,19
BDM,BADAMI,19
DIA,DIDWANA,18
DINR,DIVINE NAGAR,18
BUA,BARADWAR,18
JNL,JANDIALA,18
SEO,SEOHARA,18
GOGH,GOSAI GAON H,18
JPL,JAPLA,18
BATL,BAIHATOLA,18
MMM,MANDAPAM,18
KAP,KALIANPUR,18
SMZ,SARAIMIR,18
MOGA,MOGA,18
MNO,MEHNAR ROAD,18
KLL,KALOL,18
JSP,JAYASINGPUR,18
GNRL,GANGRAUL HAL,18
GNP,GHANPUR,18
DNN,DINANAGAR,18
PT,PATLI,18
MDUN,MADHRANAGAR,18
KMS,KARAMNASA,18
PSDA,PASIVEDALA H,18
RKD,RUKADI,18
MOU,MANOHARPUR,18
MNTT,MULANTURUTTI,18
VXD,VADOD,18
TSI,TENKASI,18
HRV,HARRAD,18
TRR,TARAORI,18
BKLE,BAKUDI,18
NLPD,NALLA PADU J,18
MCN,MUKUNDARAYAP,18
JSKA,JATAULA JORI,18
HRNR,HIRA NAGAR,18
MZH,MAUHARI,18
MZMA,MAZHOM,18
ANTU,ANTU,18
VARD,VAIKAM ROAD,18
KWMD,KUMBHAWAS MU,18
NAC,NAWA CITY,18
SNQ,SANKARPUR,18
MCV,MACHARYA,18
JTW,JAITWAR,18
GII,GIDHNI,18
ADD,ADAS ROAD,18
YLG,YALVIGI,18
NBA,NABHA,18
NAZJ,NAZIRGANJ,18
POE,PAWAPURI ROA,18
NUQ,NAGARUNTARI,18
KAV,KALUMNA,18
NNP,NANPARA JN.,18
MEC,MERTA CITY,18
BRML,BARAMULLA,18
BHUJ,NEW BHUJ,18
JKM,JANKAMPET JN,18
PPA,PIPRA,18
NHLG,NEW HALFLONG,18
BMI,BAMNIA,18
SI,SONAILI,18
WAIR,WAIR,18
MRT,MATHURA CANT,18
MRND,MORINDA,18
BHRL,BHAROLI,18
JM,JALAMB JN.,18
KKN,KHIRKIYA,18
RMV,RAMAVARAPPAD,18
WZJ,WAZERGANJ,18
KASR,KANAS ROAD,18
NYH,NAYANDAHALLI,18
DGO,DURGAUTI,18
BIG,BELGAHNA,18
TWG,TWINING GANJ,18
RGD,RAJGIR,18
SHK,SHEIKHPURA,18
RGB,RAMGANGA,18
DPD,DOSAPADU,18
KKPR,KOKPARA,18
LRD,LAR ROAD,18
GRL,GORAUL,18
NLD,NALANDA,18
KNHN,KANHAN JN.,18
MPLR,MAHIPAL ROAD,18
MAKM,MARARIKULAM,18
KL,KHERLI,18
KRNR,KRISHNA RAJA,18
KRS,KARISATH,18
BNB,BANSTOLA P.H,18
TAN,TARANA ROAD,18
GT,GHATKESAR,18
KJI,KHAJAULI,18
GALE,GANKAR,18
KD,KUNDARKHI,18
CUX,CHAURA BH,18
KRPU,KORAPUT JN.,18
BHI,BAHERI,18
DSO,DESHNOKE,18
BHB,BADLA GHAT,18
DRSN,DHURWASIN  H,18
BHLP,BHULANPUR F,18
BRK,BAHRAICH,18
MKX,MORAK,18
GUG,GARJAIPUR,18
GUH,GULDHAR,18
JGN,JAGRAON,18
SCT,SENGOTTAI JN,18
RNQ,RENUKUT,18
BZM,BHIMSEN,18
PNW,PUNDAG,18
AYRN,AKSHAYWAT RA,18
JHN,JAKHIM,18
DBV,DABILPUR HAL,18
KHNM,KUNDA HARNAM,18
DUD,DUDHANI,18
BAOL,BAWLI HALT,18
VS,VISHWAMITRI,18
MKPR,MUKTAPUR,18
MGLE,MANIGRAM,18
BEHS,BIHAR SHARIF,18
SXZM,SOPORE,18
BGU,BAIRAGNIA,18
PDW,PANDAUL,18
CBM,CUMBUM,18
KDMR,KHODIYAR MAN,18
CU,CHAGALLU,18
ASAR,ASRA HALT,18
FLK,FALAKATA,18
MVI,MORVI,18
MT,MATERA,18
VV,VALIVADE,18
WJ,WALAJABAD,18
PLCJ,PHALODI,18
HDL,HODAL,18
RS,RISIA,18
LAU,LADNUN,18
CHD,CHANDIA ROAD,18
RTN,RETANG,18
MWX,MALLANWALA K,18
KTM,KUTRALAM,18
MJP,MOHARAJPUR,18
TNJR,TAJ NAGAR,18
TNM,TIRUVANNAMAL,18
SBM,SONBARSA KAC,18
PLP,PHULPUR,18
ETM,ETTUMANUR,18
IHP,INCHHAPURI,18
PERN,PERNEM,18
SLH,SILYARI,18
KZA,KHADA,18
STD,SATROD,18
SASN,SAHIBZADA AJ,18
HLN,HOLENARSIPUR,18
QRP,KILA RAIPUR,18
KHDB,KHODIYAR,18
NRP,NARSIPATNAM,18
SLD,SAKALDIHA,18
HTZU,HATHIDAH JN,18
KTT,KHUTBAV,18
STNL,SATNALI,18
KXE,KALIAN CHAK,18
CND,CHANDUR,18
SUJH,SUJANGARH,18
CI,CHHAPRA KACH,18
CIL,CHILBILA JN,18
CLR,CASTLE ROCK,18
UTR,UTRAITIA JN,18
NBI,NADBAI,18
NBG,NABINAGAR RO,18
RUJ,RANUJ,18
BDHP,BHUDPUR,18
HNS,HANSI,18
HN,HATHBANDH,18
HPO,HASANPUR ROA,18
MXH,MAKHU,18
WRS,WARISALIGANJ,18
SKQ,SIKANDARPUR,18
VDH,VEDCHHA,17
PRTP,PARTAPUR,17
FAN,FATEH NAGAR,17
SKS,SALEKASA,17
IDP,INDUPALLI,17
KZI,KHANDRAWALI,17
JTR,JATKANHAR,17
OBR,OBRADAM,17
TSR,TSUNDURU,17
MAUR,MAUR,17
SNDD,SINDHU DURG,17
BSDP,BHUSANDPUR,17
KAD,KANDALA,17
TBN,TIMARNI,17
KPRD,KALYANPUR RO,17
JKNI,JHARKHANDI F,17
TBB,TILBHITA,17
HJL,HEJJALA,17
BDU,BADNAPUR,17
LC,LUCKNOW CITY,17
IPL,IDAPPALLI,17
VLI,VALLIUKUNNU,17
BHET,BHESTAN,17
NNW,NARAYANPUR T,17
KSN,KRISHNA,17
MLHA,MALIYA HATIN,17
MUA,MUSRA,17
NGF,NAGAR NABI,17
MKDD,MUKUNDWADI H,17
BAZ,BARAN,17
GAM,GANJAM,17
VRR,VIRPUR,17
PVD,PEDDAVADLAPU,17
JAO,JOARA,17
SSNR,SATSANG NAGA,17
MUZ,MOHIUDDINPUR,17
SJL,SANGAM JAGAR,17
SLF,SILLI,17
MHO,MAHPUR,17
HEM,HIMAYATNAGAR,17
CRLM,CARMELARAM,17
CLKA,CHILKA,17
CNA,CHANDERIYA J,17
ACL,ANCHELI,17
KUU,KUHURI,17
BTKB,BATHNA KRITT,17
SNTD,SANTALDIH,17
JSM,JAISALMER,17
GLBN,GUJRAN-BALWA,17
MYX,METYAL SAHAR,17
VYA,VYARA,17
HPP,HARPALPUR,16
KXN,KANSBAHAL,16
YVP,YAWARPURA,16
KMD,KODUMUDI,16
KLT,KULITALAI,16
TIHU,TIHU,16
RJL,RAJMAHAL,16
SGE,SANKARIDRUG,16
PRP,PAHARPUR,16
BTK,BANKATA,16
KUV,KUNDARA,16
MYK,MAYAKONDA,16
SADP,SAIDAPUR,16
SUD,SUDHANI,16
HME,HAMRE,16
MJBT,MAJBAT,16
MJL,MAJHOWALIA,16
BNV,BINNAGURI,16
EKM,EKAMBARAKUPP,16
EKN,EZHUKONE,16
DZB,DAHINA-ZAINA,16
KGBS,KISHANGARH B,16
BPZ,BAZPUR,16
BQI,BOMMIDI,16
MJRI,MAJRI JN.,16
TNR,TANGUTURU,16
KTD,KANTADIH,16
CRU,CHUDAWA,16
HDN,HAIDARNAGAR,16
NDM,NIDAMANURU,16
NRZB,NOWROZABAD,16
SLNA,SALAUNA,16
SLS,SALANPUR,16
TNRU,TENNERU HALT,16
BNGN,BONGAIGAON,16
DTVL,DATIVLI,16
KSI,KOSLI,16
RQJ,RANINAGAR JA,16
CTKT,CHHOTI KHATU,16
LBG,LIMBGAON,16
ARV,ARNI ROAD,16
ASB,ASANBONI,16
PUU,PUNALUR,16
NPS,NAPASAR,16
NR,NIPHAD,16
ARD,AMARDA ROAD,16
RCF,RAIL COACH F,16
SRY,SIRARI,16
MUP,MURHIPAR,16
MURD,MANDAWAR MAH,16
NDV,NIDVANDA,16
RPK,RAVALPALLI K,16
NTN,NAR TOWN,16
RDE,RUNDHI,16
NPL,NAGALAPALLE,16
MKO,MARKONA,16
VJPJ,VIJAYPUR JAM,16
SYJ,SAIDRAJA,16
CDMR,CHANDAULI MA,16
CTF,CHITGIDDA,16
KSH,KALISINDH,16
KSC,KASHI CHAK,16
CYN,CHERIYANAD,16
BGO,BOGRI ROAD,16
NW,NALWAR,16
MEP,MEHIDPUR ROA,16
PTTN,PATTAN,16
NTV,NAUTANWA,16
NUJ,NUJELLA,16
BNCR,BANCHARI,16
TNW,THANPAR NAGA,16
TP,TIRUCHIRAPPA,16
PDH,PADADHARI,16
TAO,TAMNA,16
BHAL,BHATIEL,16
GVG,MANDI GOBIND,16
NPD,NAWAPARA ROA,16
DRLA,DAURALA,16
SME,SHIMOGA,16
MGAE,MORGRAM,16
MGC,MUGAT,16
RDRA,RAMDEVRA,16
GVR,GORESWAR,16
AJP,AJAMPUR,16
CBSA,CHAIBASA,16
CBY,KHAMBHAT,16
AHN,AHIRAN H,16
KRYR,KARAMSAD,16
PNYA,PANIYAHAWA,16
DBU,DODBALLAPUR,16
SRNR,SRI RAMNAGAR,16
GTD,GOURINATHDHA,16
BGVN,BHIGVAN,16
KRPP,KURUPPANTARA,16
BRPL,BARPALI,16
ALS,AMLORI SARSA,16
DPS,DANGOAPOSI,16
DPX,DADPUR BH,16
TPND,TALAJA PANCH,16
KART,KIRATPUR SAH,16
KATB,KHATKURA PH,16
KRLI,KURALI,16
PNDR,PANDORI,16
DDP,DAUDPUR,16
SRI,SALMARI,16
KPTO,KARANPURATO,16
PBL,PATHSHALA,16
BYD,BYADGI,16
PCK,PACHRUKHI,16
SDGH,SRI DUNGARGA,16
MFA,MUKURIA,16
MDVL,MANDAVALLI,16
BMD,BHIMADOLU,16
SHLK,SHOLAKA,16
HTW,HATHUA,16
CNO,CANACONA,16
KXH,KAPURTHALA,16
KXJ,KARIMGANJ JN,16
SAY,SAYAMA,16
SBE,SORBHOG,16
ATUL,ATUL,16
LBA,LAMBHUA,16
SWPR,SEWAPURI,16
PYOL,PAYYOLI,16
MHU,MANHERU,16
TLHR,TALCHER,16
CAM,CHHOTA AMBAN,16
LMN,LACHHMANPUR,16
LMNR,LAXMIBAINAGA,16
PNUG,PUNPUN GHAT,16
VNUP,VISHNUPURAM,16
VPDA,VIDYAPATINAG,16
MRDW,MURDESHWAR,16
SDI,SAGARDIGHI,16
PAW,PANDABESWAR,16
PTD,PETLAD JN.,16
KKZ,KOTTARAKKARA,16
KKM,KAMALAPURAM,16
KAO,KALUBATHAN,16
GGD,GULLAGUDA,16
MMU,MUGMA,16
MMV,MAHALI MARUP,16
NMM,NEW MISAMARI,16
TWB,TALWANDI,16
BVR,BANAVAR,16
KNNK,KANINA KHAS,16
BABR,BALANAGAR,16
BWK,BAWANI KHERA,16
NIIJ,NILJE,16
SDRA,SUDHRANA,16
GRMR,GARHI MANIKP,16
SQR,SULTANPUR LO,16
TBT,TALBAHAT,16
MRPR,MAU RANIPUR,16
GH,GHUGHULI,16
PTAB,PATIA HALT,16
VNR,DEVANUR,16
MQR,MALKHAID ROA,16
PQS,PARK CIRCUS,16
MALB,MALIYA MIYAN,16
SPLE,SUJNIPARA,16
WENA,WENA,16
BJF,BIJNI,16
GOL,GOILKERA,16
MDJ,MUHAMMADGANJ,16
BSE,BADSHAHPUR,16
RGH,RAMGARHWA F,16
GHQ,GARHWA,16
MNI,MANGAON,16
BKSL,BIKRAMSHILA,16
AGAS,AGAS,16
RMT,RAMGARH CANT,16
BTSR,BHUTESHWAR,16
KMQ,KUMBLA,16
TTO,TARN TARAN,16
TETA,TELTA,16
BUDI,BUNDI,16
KLMG,KALAMBOLI,16
KLNK,KALANAUR KAL,16
KLQ,KILIKOLLUR,16
NMDA,NEW MORINDA,16
JTS,JATUSANA,16
MAY,MARIAHU,16
SPC,SITAPUR CITY,16
KNM,KANIMAHULI P,16
NJT,NAGERCOIL TO,16
TSK,TINSUKIA JN.,16
THO,TULIN,16
KLWD,KALITALAVADI,16
NYO,NAYAGAON,16
RHN,ROSHANPUR,16
NLS,NELLORE SOUT,16
TRP,TARAPUR,16
DKGS,SIMARIA,16
DKJR,DHEKIAJULI R,16
RJR,RAJALDESAR,16
AMSA,AMMASANDRA,16
GLA,GARLA,16
HSX,HOSHIARPUR,16
URD,UNTARI ROAD,16
URMA,URMA,16
SAW,SURIAWAN,16
BPF,BANAPURA,16
BPH,BELPAHAR,16
BPO,BARIPADA PH,16
AGTL,AGARTALA,16
RAY,RAY,16
NLKR,NILOKHERI,16
JRL,JHARLI,16
GLY,GOLLAPALLI,16
WPR,WANPARTI ROA,16
KWM,KAMPUR,16
HRT,HARNAUT,16
S,SRIRANGAPATT,16
ANH,ANKORAH (AKO,16
DXH,DUHAI,16
HNA,HONNAVAR,16
SAHI,SATHI,16
BCU,BHUCHCHU,16
VLYN,VALLABH VIDH,16
AVS,AUVANEESWARA,16
KUPR,KHURDPUR,16
RV,RAVER,16
HSK,HARI SHANKAR,16
RWTB,ROWTA BAGAN,16
RWO,RANAVAV,15
DZP,DARAZPUR,15
SVC,SIWAN KACHER,15
RWA,RAUTARA,15
BTF,BATHNAHA,15
SKF,SAKHOTI TAND,15
KDU,KADAMBUR,15
KUB,KASBA,15
PKY,PILKHANI,15
KHLL,KETO HALLI H,15
MIAN,MIANGRAM,15
MJS,MANJESHWAR,15
PGK,PILI BANGAN,15
KZU,KUNKI BH,15
ITA,ITOLA,15
SBD,SLEEMNABAD,15
RSM,RASMARA,15
JAG,JALALGARH,15
ARR,ARARIYA,15
MOTC,MOTICHUR,15
BTV,BAITARANI RO,15
BTW,BARSHI,15
SGBA,SIR GURUDAS,15
KSY,KUSIARGAON,15
SSW,SARSAWA,15
LDW,LADHOWAL,15
RPO,RAWATPUR,15
CTH,CHIKALTHAN,15
RPMN,RAMPUR MANIH,15
NSI,NIKURSINI,15
BAKL,BAKAL,15
SZR,SARUPATHAR,15
NUD,NAVAGADH,15
BNBH,BANI BIHAR,15
MLD,MALIHABAD,15
SRZ,SARDARGARH,15
PMS,PARMALKASA,15
LKS,LUNKARANSAR,15
MSP,MANSURPUR,15
PSD,PARSODA,15
SNI,SINDI,15
JWO,JAWAD ROAD,15
DLB,DAULATABAD,15
SOD,SOJAT ROAD,15
KMV,KARMAD,15
SMH,SIMRAHA,15
GBN,GARH BANALI,15
ANCR,ANCHURI PH,15
LM,LIMDI,15
DBR,DABHAURA,15
GSPR,GOSALPUR,15
PQY,PABLI KHAS,15
VKT,VENKATACHALE,15
TDW,TANDWAL,15
AKU,ANGALAKUDURU,15
MPY,MURARPUR HAL,15
GNNA,GANGANIA,15
JRS,JORAWASAN,15
SRPR,SARUPSAR JN.,15
TKBG,TEKA BIGHA,15
MFB,MUSTAFABAD,15
BLZ,BUDHLADA,15
BME,BARMER,15
RNX,RANIPATRA,15
DOA,DORAHA,15
DOE,DEORI,15
DOKY,DUKHERI,15
GHUM,GHUM,15
GNGD,GANGADHARPUR,15
NYA,NARAYANGARH,15
TR,TARUR,15
DDX,DHAMDHAMIA,15
SRJN,SIRAJNAGAR,15
SHAN,SRINIVASANAG,15
KAJG,KARANJGOAN,15
SNGP,SINGHPUR,15
PARD,PATHRAD HALT,15
JKL,JALALKHALI H,15
POZ,POTUL,15
RNA,ROHANA KALAN,15
KNZ,KALANOUR,15
DHE,DHOBHI,15
TDN,TIRUPARANKUN,15
VKD,BAKHRABAD,15
LXD,LAKSHANNATH,15
PPH,PIPRIDIH,15
GHJ,GURSAHAIGANJ,15
DLF,DALAN,15
BSRX,BASAVANA BAG,15
CLVR,CHILUVUR,15
MIK,MANIKUI,15
BNVD,BHANVAD,15
KES,KESRI,15
MJA,MEJA ROAD,15
ADF,ADINA,14
ABI,AMBATURAI,14
NAS,NASRALA,14
VMU,VEMURU HALT,14
ANK,ANKAI,14
RVKH,RAVINDRAKHAN,14
RUPC,RUDRAPUR CIT,14
HMY,HARMUTI,14
DYP,DARYAPUR,14
HLZ,HALDIA,14
HIND,HIND,14
BOD,BANGROD,14
APL,APPIKATLA,14
OEA,ODELA,14
MBS,MADHOSINGH,14
DMR,DHARMANAGAR,14
PSB,PARSABAD,14
NZT,NAZARETH,14
SGLA,SANGOLA,14
JTDM,JATDUMRI HAL,14
THDR,THANDLA ROAD,14
ODG,OBAIDULLA GA,14
CIV,CHINNARAVURU,14
CJL,CHAJLI,14
KUCH,KUCHAVARAM H,14
MLT,MALATIPATPUR,14
MLTR,MELATUR HALT,14
BIK,BHIRA KHERI,14
KNP,KHANAPUR,14
DHJ,DHINOJ,14
DHKR,DHODA KHERI,14
DHMZ,DHOLA MAJRA,14
TDLE,TILDANGA,14
KOV,KIRLOSKAR WA,14
PPO,PANPOSH,14
DHA,DHEENA,14
NIL,NILAMBUR ROA,14
JNT,JAINTIPURA,14
GOH,GAROTH,14
BSCK,BASUCHAK HAL,14
GHL,GOLHALLI,14
MRQ,MATARI,14
DDL,DHANDARI KAL,14
BXM,BELRAYAN,14
JJT,JAI JAI WANT,14
JMKR,JAWALAMUKHI,14
JKZ,JITA KHERI,14
SDNR,SEYDUNGANALL,14
SRBA,SARAGBUNDIA,14
KPLL,KOTTA PANDIL,14
PPD,PIPOLOD,14
TCN,TIRUCHENDUR,14
GRN,GURNAY,14
RNH,RUNKHERA,14
JKDP,JANKIDAIPUR,14
BHT,BHATTU,14
NNN,NANGUNERI,14
RLS,ROMANA ALBEL,14
TUA,TIRUNNAVAYA,14
KLAR,KULPAHAR,14
TQN,TIKUNIA,14
VPG,VENTRAPRAGAD,14
DDW,DUDWA,14
POA,PALLIKONA HA,14
DDE,DONDAICHA,14
SCQ,SHAM CHAURAS,14
BLND,BOLINNA DOAB,14
BLPU,BILPUR,14
BLK,BELAKOBA,14
MNF,MANDA ROAD,14
MMK,MADURANTAKAM,14
KAG,KODAGANUR,14
MDH,MANDHAR,14
GTX,GOTHAN GAM,14
LMK,LIMKHERA,14
KPS,KOPA SAMHOTA,14
KLA,KULWA,14
GHNA,GOHANA,14
RGT,RAJGHAT PH,14
TRK,TIRUKKOVILUR,14
TRN,TARAON,14
MNL,MINCHNAL,14
TUV,TUVVUR HALT,14
TVL,TADWAL,14
AGI,AMGURI,14
RMPR,RAMPUR  HALT,14
SDY,SADHOO GARH,14
WNG,WANEGAON HAL,14
GNB,JNANA BHARAT,14
UDR,AMDARA,14
UGD,UPPU GUNDURU,14
UGR,UGAR KHURD,14
GWA,GANJ DUNDWAR,14
GULR,GULER,14
CAER,CHANERA,14
KRON,KARONA HALT,14
SDF,SUDSAR,14
MLZ,MALARNA,14
DPL,DANAULI PHUL,14
BRST,BIRPURUSOTHA,14
REN,REN,14
KAMG,KAMAKHYAGURI,14
KAMP,KAMALPUR HAL,14
BRY,BAREILLY JN,14
MDKU,MODUKURU HAL,14
PNF,PANGAON,14
LMM,LAILAKH MAMA,14
GSL,GODAPEASAL,14
JHW,JHALAWAR ROA,14
SPF,STUARTPURAM,14
DING,DING,14
KNT,KANTH,14
PQN,PARIAWAN KAL,14
BU,BASWA,14
AKS,ANKUSPUR,14
JPRD,JENAPUR ROAD,14
BUDM,BADMAL,14
BSPH,BISHANPUR HA,14
NGL,NAGAL,14
NGRS,NAGROTA SURI,14
BHN,BHULI,14
GANL,GHANAULI,14
NNU,NANGAL MUNDI,14
DAR,DANWAR,14
DARA,DARA,14
MLB,MODLIMB,14
BRU,BIHAIROGANJ,14
PTN,PATAN,14
SMLA,SAMLAYA JN.,14
DPP,DHIRPUR,14
SMNH,SOMNATH,14
BMHR,BAMANHERI,14
BMJ,BRIJMANGANJ,14
KARD,KAMAN,14
KRJR,KARJARA,14
LLJ,LALGANJ,14
KRV,KARAVADI,14
SNHR,SANKHARI,14
DMW,DALMAU JN.,14
KLDI,KALDHARI,14
KLG,KALUNGA,14
NMBR,NUAGAON-MAYU,14
JWLS,JAWANWALA SH,14
WRC,WRS COLONY,14
VPZ,VALAPUZHA HA,14
MBL,MANUBOLU,14
GLP,GOLLAPROLU,14
GUV,GURUVAYUR,14
MKR,MADDIKERA,14
KKI,KARKELI,14
SMF,SAMAR GOPALP,14
NPI,NIPANIA,14
GBK,GOPALPUR BAL,14
LHB,LAHABON HALT,14
LHN,LACHYAN,14
SYH,SAIYEDPUR BH,14
CBX,CHAND BHAN,14
UKA,UKHRA,14
MU,MAKANSAR,14
MGME,MCCLUSKIEGAN,14
TKPL,TIKIRAPAL PH,14
GBB,GUBBI,14
KBQ,KUMRABAD ROH,14
LJR,LANJI GARH R,14
PCU,PUTLACHERUVU,14
JDR,JIWDHARA,14
DAVM,DHANUVACHAPU,14
SRVX,SURAVALI (H),14
CAS,CHAS ROAD PH,14
BEY,BUGGANAPALLI,14
UMNR,UMESHNAGAR,14
UNDI,UNDI,14
SBJ,SARAI BANJAR,14
SBLT,SHRI BHADRIY,14
SBPY,SAMBALPUR CI,14
JDW,JARAUDA NARA,14
ANY,ARUMUGANERI,14
KIU,KINANA,14
TKR,TAKARI,14
FTG,FURSATGANJ,14
KBY,KHOIRABARI,14
KCA,KUCHMAN,14
KCD,KURICHEDU,14
KCJ,KASIMPUR HAL,14
KCKI,KECHKI,14
NPTY,NIMPURATHROU,14
NRGO,NARGANJO HAL,14
FSP,FATEHSINGHPU,14
NUPR,NURPUR ROAD,14
LGO,LALGOPALGANJ,14
CGI,CHANDRAGIRI,14
CGN,CHIRGAON,14
CGS,CHANGSARI,14
CTA,CHITRADURG,14
KSE,KOSAD,14
AI,ADIPUR,14
ACND,ACHARYA NARE,14
RPRL,RAPARLA HALT,14
BEM,BADAUN,14
PDU,PONDURU,14
CTND,CHETTINAD,14
SAWN,SOHANSRA,14
HAT,HATHURAN,14
JAQ,JANDRAPETA H,14
KHV,KARAINTHI,14
MOY,MOHRI,14
MPA,MANAPARAI,14
SOM,SOMNA,14
DISA,DISA,14
PRF,PARSIPUR,14
PRH,POWERPET,14
KNDV,KRISHNA DEVA,14
KNG,KATHUNANGAL,14
ARCL,ARUNACHAL,14
SOA,SANOSARA,14
MCLE,MANCHILI,14
THBN,THANA BHAWAN,14
MVV,MAHESHI,14
BDWD,BODWAD,14
HKG,HIRAKUND,14
HLAR,HOLE-ALUR,14
RRS,RAGHURAJ SIN,14
NDBT,NANDPUR BHAT,14
TKWD,TIKEKARWADI,14
MHH,MAGHAR,14
DUJ,DUBRAJPUR,14
FRD,FARHEDI HALT,14
RBGJ,ROBERTSGANJ,14
BANE,BASNI,14
PUS,PHUSRO,14
MUUA,MAHUAWA KHUR,14
UOI,UMROLI,14
HHL,HIREHALLI,14
CQA,CHERUKARA HA,14
STLR,SITALPUR,14
KZH,KILA ZAFARGA,14
SVV,SRIVAIKUNTAM,14
URK,URKURA,14
RSMN,RAMGOVINDSIN,14
MWUE,MAHRAWAL,14
KZY,KAYALPATTINA,14
KZB,KURUMBUR,14
VNB,VANIYAMBALAM,14
VND,VENDRA HALT,14
KTHD,KOTHARI ROAD,14
PLK,PALIA KALAN,14
CHBT,CHAKARBHATHA,14
KYF,KAJRAT NAWAD,14
PES,PHESAR,14
CNC,CHINCHLI,14
STW,SAHATWAR,14
TLV,TALVADIYA,14
BQU,BHATTIPROLU,14
KHBV,KHARBAO,14
TLRA,TALARA,14
SKA,SIKANDRA RAO,14
RAL,REPALLE,14
KTX,KATAKHAL JN.,14
KEA,KATRA,14
DUA,DHAURA,14
DUB,DABTARA,14
MHRN,MAHENDRANATH,14
BNSR,BHAGWANSAR,14
TKVR,TEK NEWAS,14
AKJ,AKBAR GANJ,14
DXN,DUDHINAGAR,14
ZRDE,JIRADEI,14
AVN,ANVARDIKANPE,14
PIA,PIPRAIGAON,14
KVDU,KADAVAKUDURU,14
PHLG,PAHLEJAGHAT,14
SVI,SAGARPALI,14
HPGM,HARIPUR GRAM,14
HRSN,HARISINGA,14
ZP,ZERPUR PALI,14
VDL,VAITHISVARAN,14
YP,ERRUPALEM,14
AAM,ANGADIPURAM,14
ADR,MANDI ADAMPU,14
URN,UTRAN,14
MWQ,MOTARI HALT,14
KUMB,KUMARBAGH,14
MYY,MAYYANAD,14
SAHR,SAHERI (HALT,14
HRDR,HARSAR DEHRI,14
DLSR,DALHOUSI ROA,14
DMH,DAURAM MADHE,14
KMJ,KAIMGANJ,14
THJ,TALHERI BAZU,14
BSS,BAHADUR SING,14
RUR,RANPUR,14
KURJ,KHAJAURAHO,14
PKQ,PATTIKKAD HA,14
PHC,PANCHOT,14
MJG,MAJHGAWAN,14
MJO,MAJORDE JN.,14
KEK,KARKHELI,14
SCKR,SALICHAUKA,13
HGH,HAIDERGARH,13
SCP,SIRNAPALLI,13
PPRH,PIPRAHAN,13
PAM,PANAPAKAM,13
STJT,SATHAJAGAT,13
UB,USKA BAZAR,13
UMH,UMRETH,13
KZTW,KULITTURAI W,13
PRDG,PORADANGA,13
JKPR,JAKHAPURA JN,13
HMPR,HURMUJPUR (H,13
SVHE,SISVINHALLI,13
LLI,LALGUDI,13
DGS,DAGORI,13
CCG,CHURCHGATE,13
SOP,SHIUPUR,13
NGNT,NEW GUNTUR,13
HCAB,BMY H CABIN,13
PJB,PANIA JOB,13
BEHR,BEOHARI,13
PIP,PIPLIA,13
PNRA,PANIARA HALT,13
KTI,KANTI,13
SDMD,SUDAMDIH,13
BGTA,BAGRATAWA,13
CBK,CHACHURA BIN,13
KPI,KALPI,13
RUI,RUKNI,13
DK,DAKOR,13
BKH,BANKHEDI,13
BJR,BARRAJPUR,13
KLX,KOLAKALUR HA,13
SNKR,SANKA,13
DKS,DAREKASA,13
NLQ,NANGAL PATHA,13
NLSF,NIYALISHPARA,13
TRPL,TRIPAL,13
KMDR,KARIMUDDINPU,13
BTL,BORTALAO,13
VYN,VYASANAGAR,13
DNM,DHANMANDAL,13
KLJ,KAMALGANJ,13
OD,ODE,13
BRZ,BARETA,13
NMK,NIM-KA-THANA,13
NZG,NAZARBAG,13
SMTG,SAHID MATANG,13
DPH,DADHAPARA,13
BLU,BILHAUR,13
SNA,SADANAPURA,13
BRPT,BIRAPATTI,13
RGS,RINGUS JN.,13
RGX,RAGHUNATHBAR,13
MNC,MADANKATA,13
WC,WADHWAN CITY,13
SGR,SANGMESHWAR,13
SGKM,SRUNGAVRUKSH,13
TIU,TILARU,13
BAJ,BHALEJ,13
RGA,RAJAGODA,13
KJG,KARAJGI,13
GDM,GUDMA,13
SHSK,SAHASRAKUND,13
NNL,NARNAUL,13
BLT,BALOTRA JN.,13
KIS,KAPILAS ROAD,13
SIQ,SARKONI,13
KBM,KOTABOMMALI,13
RF,RAFALESHWAR,13
KI,KONDAPALLI,13
BRMR,BHARMAR,13
NPJE,NICHITPUR,13
PYD,PALLIYADI H.,13
TN,TUTICORIN,13
BRHL,BARYAL HIMAC,13
MHJ,MAHAJAN,13
BOKR,BHOKAR,13
BPE,BENAPUR,13
WSA,WADSA,13
AGV,ANGUA PH,13
BRAM,BALARAMAPURA,13
RBA,RAMBHA,13
NAKD,NAYAK DIH HA,13
CMJ,CHAMARAJAPUR,12
KUC,KARUKUTTY,12
CIH,CHILHIA,12
CIK,CHIKASANA,12
KZC,KULUKALUR HA,12
IMGE,ISMAILPUR,12
IMLI,IMLI,12
SBBJ,SRI BALABRAH,12
IPPM,INDIA PAPER,12
SAT,SANTROAD,12
HLDR,HALDAUR,12
SVN,SIVUNGAON,12
KTJI,KATHA JORI,12
CPDR,CHHIPADOHAR,12
STKW,SULTANPUR KA,12
KTLR,KANTHALIYA R,12
SVNR,SAVANUR,12
SWI,SWAMI MALAI,12
SWNI,SIWANI,12
CHN,CHHINA,12
VNE,VISHWANATH C,12
ATU,ATTUR,12
LAK,LAKHO,12
CHCR,CHACHER,12
LAP,LOHAPUR,12
KSTA,KASTHA,12
MULK,MULKI,12
ADTL,ADHARTAL,12
HJLI,HUGRAJULI,12
PLMX,PALAMPUR HIM,12
PLNI,PALANI,12
KTCH,KAITHALKUCHI,12
KTES,KATNI SOUTH,12
PEM,PERALAM JN.,12
SXP,SANKOPARA H,12
PDV,PANDARAVADAI,12
PMQ,PARMANAND,12
NDRT,NANGAL DEGRO,12
SBR,SAMBHAR LAKE,12
BBA,BABRALA,12
UNL,UNHEL,12
MUH,MURTIHA,12
CWR,CHOVVARA,12
DAD,DEVARGUDDA,12
CUK,CHURK,12
CSR,CHAK SIKANDA,12
KSHT,KHETIA,12
RRL,REWRAL,12
BGH,BAGHAULI,12
BGNA,BALGONA,12
BGDS,BHAGWANPUR D,12
AFR,ASAFPUR,12
LDK,LADHUKA,12
SWR,SONUA,12
SWRT,SAHAWAR TOWN,12
CDA,CHUDA,12
LIR,LACHMIPUR HA,12
DAVJ,D.A.V. COLLE,12
PMU,PARMANANDPUR,12
KRXA,KHARA,12
KRY,KADIRI,12
PDRD,PINDRA ROAD,12
CEU,CHIHERU,12
SXN,SONAKHAN,12
LKMR,LAKSHMIPUR R,12
JCNR,JUCHANDRA,12
HDK,HANDIA KHAS,12
SCA,SALCHAPRA,12
AMPL,AMMAPALI,12
JDI,JHARRADIH,12
JDN,JAGUDAN,12
GWM,GANNAVARAM,12
GWS,GAUSHALA F,12
MTP,METTUPALAIYA,12
NEM,NEMAM,12
SRO,SIRATHU,12
PNPR,PUNNAPRA,12
PNSA,PUNSIA H,12
DBRT,DIBRUGARH TO,12
DBS,DOBBSPET,12
MSMI,MISAMARI,12
UJ,UJALVAV,12
UJH,UJHANI,12
UKH,UKHALI HALT,12
UKN,UKLANA,12
JBD,JALALABAD,12
PNM,PANYAM,12
CEL,CHEBROL,12
KRMA,KARAMTOLLA,12
PNPL,PANPALI  PH,12
SZ,SALAWAS,12
CAF,CHANDAFORT,12
PCO,PALAYAMKOTTA,12
PCR,PANCHRA,12
PCZ,POCHARAM HAL,12
AJE,ANJAR,12
GTK,GHUTKU,12
RPD,RUPAUND,12
NGRT,NAGROTA,12
BHLE,BARAHAT,12
UHL,UNA HIMACHAL,12
BHTK,BHANWAR TONK,12
NEW,NIWARI,12
NGA,NINGALA,12
NGDM,NAGRA DHAM P,12
AP,ASHOKAPURAM,12
AJL,AJITWAL,12
KRA,KAREPALLI JN,12
KRAN,KORATTI ANGA,12
SRM,SARNA,12
SRNK,SORON SHUKAR,12
CBN,CHIT BARAGAO,12
CBU,CHINNNABABU,12
CCAB,BMY C CABIN,12
BZ,BHARUR HALT,12
NGRD,NILGIRI ROAD,12
JGA,JOGIARA,12
JHWR,JHAWAR HALT,12
JI,JHUSI,12
AWT,ALWAR TIRUNA,12
LKW,LAKHEWALI,12
ATMO,AITHAL,12
ATNR,AWATARNAGAR,12
DDCE,DUNDI,12
POY,POLLACHI,12
KQK,KOTTIKULAM,12
KPLR,KOPARLAHAR,12
KPTM,KANJIRAMMITA,12
MRIJ,MURLIGANJ,12
JGR,JASWANTNAGAR,12
SDG,SAHADAI BUZU,12
JK,JAKOLARI,12
NHB,NOHBACHHAMAD,12
NHK,NAHARKATIYA,12
KPTN,KESHORAI PAT,12
PBW,PANTNAGAR,12
PCH,PACHHAPUR,12
ROB,ROBERTSON,12
XBKJ,BIKRAM GANJ,12
BHX,BULLUANA,12
BIC,BICHIA,12
MRHT,MORANHAT,12
DGBH,DIGHA BRIDGE,12
SRA,SEMRA,12
DEP,DEPALSAR,12
LOGH,LOTTEGOLLAHA,12
LNS,LUNSU  HALT,12
TAR,THARSA,12
PPG,PIPLODA BAGL,12
KOX,KACHUJOR  FL,12
PPM,PHIRANGIPURA,12
DGHR,DEOGHAR,12
GRHX,GARRA,12
GRJ,GATRA HALT,12
GRKA,GURHA KEMLA,12
JLN,JAKHLAUN,12
MR,MARTUR,12
TUG,THALANGAI,12
RNTL,RANITAL,12
RNV,RANIWARA,12
KOLR,KOLNUR,12
KOI,KHODRI,12
KNO,KUNDGOL,12
BXC,BARWALA,12
GPI,GAJAPATI NAG,12
MQ,MANNARGUDI,12
BJO,BIJNOR,12
BIX,BHIND,12
NIM,NIMDIH,12
GRY,GORAYA,12
SPL,SUNDARAPERUM,12
SPQ,SORUPETA,12
PAGM,PENNADA AGRA,12
KNLS,KANALUS,12
PRBG,PRATAP BAGH,12
PRCA,PERECHERLA,12
SOGR,SOGORA,12
DIH,DHARUADIHI,12
DIL,DILAWARNAGAR,12
BJMD,BARA JAMADA,12
MRB,MUNIRABAD,12
RMNP,RAMANNAPET,12
KN,KADALUNDI,12
KNDG,KANHADGAON,12
KMRA,KAMNARA,12
ASL,ASALODA,12
PRAR,PAROR,12
KNL,KALANWALI,12
PRL,POLUR,12
SNRR,SANSARPUR,12
SOHL,SOHAL,12
TTQ,THATHANKULAM,12
SDVL,SOLDEVANAHAL,12
SED,SHEDBAL,12
GQN,GARAHANI,12
MPL,MADANA PALLE,12
PRDP,PARADEEP,12
OTR,MOTURU,12
TDPM,TODIYAPPULAM,12
TGM,TANGARMUNDA,12
BUE,BARUNA,12
WRI,WARASEONI,12
OLP,OLAPUR,12
OLR,OLLUR,12
NAB,NAGBHIR,12
DKGN,DEKARGAON,12
OPL,UPPAL,12
BTC,BALAGHAT JN.,12
BTG,BASHARATGANJ,12
MBNL,MARWAR BHINM,12
GOD,GIDARPINDI,12
GNK,GARHNOKHA,12
KUMM,KUMBALAM,12
BJPL,BAIJNATH PAP,12
CMDG,CHAMARDIGHI,12
BJWS,BOJAWAS HALT,12
CLE,CINTALPALLI,12
DMRX,DUMARI HALT,12
CLI,CHALGERI,12
SNV,SONDAD,12
AVLI,ARAVALLI,12
PSO,PALSORAMKDN,12
SNGR,SANGANNAPUR,12
SNH,SAUNSHI,12
DND,DANDUPUR,12
DLGN,DHALGAON,12
JRW,JORAMOW,12
AVP,ABHANPUR JN.,12
PKNS,POKHARNI NAR,12
CMW,CHIMALPAHAD,12
BKL,BONA KALU,12
MOTH,MOTH,12
NKI,NAI KHERI,12
TT,TITTE,12
JOH,JUHARPURA,12
RMB,RAMPURA BERI,12
HSD,HOSDURGA ROA,12
KMGE,KUMAHU,12
KLTR,KALMITAR,12
WRA,WALAYAR,12
BTSD,BHATISUDA,12
SAA,SATHIAON,12
TELO,TELO,12
TGQ,TENGANMADA,12
MAZ,MANGRA,12
MBD,MUSTABADA,12
BTPD,BETHAMPURDI,12
BARJ,BHARATGARH,12
MON,MODRAN,12
JPS,JAMALPUR SHA,12
JRG,JUGPURA PH,12
RKSH,RISHIKESH,12
HSQ,HUSAINPUR,12
RLG,RELANGI,12
JOR,JALOR,12
TRZ,TOLRA,12
VAT,VATLUR,12
PRY,PARAIYA,12
PRZ,PARSA,12
BTQ,BETNOTI PH,12
BTRH,BHATAR,12
THL,TIRUVALAM,12
KKTA,KOLLIKHUTHA,12
KKU,KANAKPURA,12
DNDI,DHONDI HALT,12
DMNJ,DAMAN JODI,12
KLE,KAITHAL,12
SAGR,SHRIRAJNAGAR,12
MCVM,MACHAVARAM H,12
KVC,KAPARPURA,12
BTIC,BATHINDA CAN,12
KVG,KUNDANGANJ,12
MDLL,MUDDALINGANA,12
BKU,BHIKNUR,12
GKHT,GRAM KHARIKA,12
GKK,GOKAK ROAD,12
GJJ,GAJJELAKONDA,12
JTI,JAITHARI,12
RJO,RAJENDRA PUL,12
MNPR,MIANPUR,12
KVK,KAVATHE MAHA,12
PJA,PAJIAN,12
PTI,PATIALI,12
PIL,PILERU,12
PIRO,PIRO,12
DNW,DANGARWA,12
DNWH,DANIYAWAN BA,12
DNX,DHANSU,12
PSR,PASRAHA,12
DQN,DHANERA,12
SMNN,SHRI MAKRI N,12
AQG,ASHAPURA GOM,12
JUL,JHULASAN,12
RHMA,RAHAMA,12
RHR,RAJHAURA,12
MNDR,MANDI DHANAU,12
VNA,VARANGAON,12
CKR,CHIKODI ROAD,12
KLB,KIRAOLI,12
BSN,BANASANDRA,12
TIL,TILRATH,12
CKRD,CHAKMAKRAND,12
MDGR,MANENDRAGARH,12
GJH,GOLDEENGANJ,12
GHS,GURU HARSAHA,12
HTT,HATTA ROAD,12
HVL,HONNAVALLI R,12
NNKR,NANAKSAR,12
BLNR,BIRLANAGAR,12
BLDL,BALLE-DA-PIR,12
MMZ,MANDAMARI,12
URGA,URGA,12
KKJ,KAKORI,12
DRI,DUMRI JUARA,12
DRO,DARYAOGANJ,12
PTKP,POTKAPALLI,12
ALMR,ALAMPUR,12
PUA,PULLA,12
KJRA,KARJANA,12
KJRM,KARJANA GRAM,12
URL,UNJALUR,12
WDM,WYNDHAMGANJ,12
GILL,GILL,12
BCP,BICHPURI,12
KAJ,KALIYAGANJ,12
BDAG,BONIDANGA,12
WDN,VADGAON NILA,12
BRW,BARIWALA,12
BRNA,BERAWANYA,12
ME,MASAIPET,12
NWN,NANWAN HALT,12
NWR,NIWAR,12
DRV,DARAULI,12
NYI,NELLAYI,12
BSC,BULANDSHAHR,12
KWJ,KHOJEWALA,12
BAGL,BARA-GOPAL,12
KVS,KALSUR,12
NWC,NAYA NAGAR,12
RGJ,RAIGANJ,12
RGM,RANGAPURAM,12
GHPU,GANDHIPURAM,12
PHRH,PANCH RUKHI,12
BMGA,BHIMGARA JN.,12
BLQR,BILASPUR ROA,12
BLRE,BELSIRI,12
BLSA,BOLSA,12
TPW,TIRUPATI WES,12
TPY,TADAKAL PUDI,12
PUN,PUNDI,12
DTP,DIVITPALLI H,12
DTV,DHUTRA,12
DSKG,DR SHRI KRIS,12
KKAH,KANKAHA,12
KTW,KOTDWARA,12
KJKD,KANJIKODE,12
KJME,KAJORA GRAM,12
KIF,KURI,12
GGKR,GOVINDGARH K,12
STUR,SATULUR,12
KUP,KUP,12
SHV,SHIVANI,12
PKK,PAKKI,12
NNNL,NANDANI LAGU,12
MLX,MULLANPUR,12
MMB,MAHMUDABAD (,12
GCAB,BMY G CABIN,12
GANG,GANGAGANJ,12
RDT,RAVTHA ROAD,12
RECH,RECHNI ROAD,12
MLJ,MOHANLALGANJ,12
MLK,MALKAPURAM,12
MKS,MUKTSAR,12
MKSR,MOKALSAR,12
HMI,HIMMATANA,12
NNX,NANAUTA,12
KALS,KALAS,12
HWT,HANWANT,12
SLT,SILAUT,12
SLU,SASALU,12
DSM,DARASURAM,12
ASAF,ASIFABAD ROA,12
VRH,VIRBHADRA,12
SIHO,SIHO,12
SIKR,SIKAR JN.,12
BEF,BHUPADEOPUR,12
BDUA,BASUDEOPUR C,12
KBPR,KABAKA PUTTU,12
BNBR,BAHANAGA BAZ,12
VAA,BHAGA JN,12
GED,GULEDAGUDDA,12
KHTU,KHATU,12
BDCR,BHADRACHALAM,12
NBPH,NEW BALRAMPU,12
TKP,TAKIPUR,12
MFM,MAHALAM,12
MG,MODELGRAM,12
MGF,MANDAGERE,12
CHSM,CHINNASALEM,12
VI,VILLIANUR HA,12
RDN,RUDAIN,12
RDP,RADHIKAPUR,12
KAYI,KAYDI HALT,12
GDI,GUDGERI,12
KGRA,KANGRA,12
KGS,KHONGSARA,12
KHAT,KHAT,12
PVL,PASUPATIKOVI,12
KHF,KHANTAPARA,12
SLKR,SALKA ROAD,12
DUBH,DUBAHA,12
PGTN,PALGHAT TOWN,12
NVT,NAVIPET,12
TKG,THAKURGANJ,12
TKN,TANKUPPA,12
MGRP,MEGHRAJPURA,12
NTW,NANJANGUD TO,12
SKN,SRI KRISHNA,12
DWLE,DHAUNI,12
ARNB,AMARUN,12
KCV,KRISHNA CHAN,12
KYO,KHANDIKAR,12
BNKH,BHAIRANAYAKA,12
BNKI,BANMANKHI JN,12
BANO,BANO,12
NRA,NUNKHAR,12
MJPB,MANJHRA PURA,12
DWO,DOIWALA,12
AZP,AYYAMPET,12
BAA,BARALA,12
BRM,BARABAMBO,12
BRMD,BIRAMDIH,12
BRMH,BELURMATH,12
AKOR,AKALKOT ROAD,12
GAD,GEVRA-ROAD,12
RBD,RAHIMABAD,12
RBJ,RAIBOJHA,12
RBK,REOTI BAHORA,12
RBS,RUPBAS,12
KCAB,K-CABIN BNDM,12
KCHV,KACHCHANAVIL,12
FZP,FIROZPUR CIT,12
ARG,ANGAR GHAT,12
NSA,NISHANGARA,12
KFT,KAJRI,12
KGMR,KANGRA MANDI,12
KTRH,KATAREAH,12
MHL,MAHWAL,12
TKRI,TIKIRI,12
BPRH,BALPUR,12
NRPA,NARAYANPUR A,12
FTS,FATEHPUR-SIK,12
FZL,FAZALPUR,12
KEG,KARENGI,12
KDO,KADAKOLA,12
CPLE,CHINPAI,12
BORA,BAGDOGRA,12
BNTL,BANTAWALA,12
CPS,CHANDPUR SIA,12
IK,IKRAN,12
UMN,AMBLIYASAN J,12
RAI,RAIBHA,12
ETMD,ETTIMADAI,12
ALJ,ALIGANJ,12
KGA,KHAGA,12
FN,FARUKHNAGAR,12
NRN,SINGHIAGHAT,12
MIN,MIHINPURWA,12
BOJ,BHOJO,12
KDKN,KENDUKANA,12
KEN,KOTALA HALT,12
KEPR,KOIRIPUR,12
TLMD,TRILOCHAN MA,12
BRA,BIRSOAL,12
MWRN,MADWARANI,12
TLU,TARLUPADU,12
MINJ,MAIKALGANJ,12
MIO,MOLISAR,12
KDTR,KIRODIMALNAG,12
CNF,CHIANKI,12
BDBP,BASUDEBPUR H,12
ANKL,ANKOLA,12
HQR,HIRENANDURU,12
HPLE,HATPURAINI H,12
NBM,NAVABPALEM,12
CNK,CHANDOK,12
VDKS,VADANAM KURU,12
ABFC,AMBARI FALAK,12
IAM,MAI HALT,11
BBMN,BARI BRAHMAN,11
NRM,NURMAHAL,11
BEX,BELBONI PH,11
HKP,HAKIMPUR,11
CPHT,COOPERS HALT,11
PFR,PACHOR ROAD,11
CMMG,CHAMUNDA MAR,11
SAL,SALWA,11
MVN,MILAVITTAN,11
SAU,SANAND,11
SBNM,SUBARNAMRIGI,11
PLPM,PALAPPURAM H,11
PLI,PETTAIVAYTAL,11
CTYL,CHITYALA,11
CTRE,CHITTERI,11
KS,KHETA SARAI,11
PLVA,PALLEVADA,11
CVR,CHORVAD,11
BBDE,BABARPUR,11
LDP,LODIPUR BISH,11
MHV,MAHUVA,11
MZZ,MANJURI ROAD,11
NDPU,NUDURUPADU,11
HAM,HAMIRATTI PH,11
NEMA,NEMA HALT,11
SCI,SANCHI,11
GVI,GARIVIDI,11
GVDP,GOVINDPUR PH,11
KRMR,KARIM NAGAR,11
UKL,UTTUKULI,11
GUU,GUNDRATIMADU,11
SYM,SAVALYAPURAM,11
KRLR,KARAILA ROAD,11
KRIH,KORAI HALT,11
LKDU,LANKALAKODER,11
AMIN,AMIN,11
RPHR,RAIPUR HARYA,11
SKR,SAKHPUR,11
KFU,KOHAND HALT,11
KFPR,KAFURPUR,11
RAJP,RAJAPUR ROAD,11
DDY,DUDWINDI,11
JHDC,JAHANABAD  C,11
BZK,BHAINI KHURD,11
BZJT,BAZIDA JATAN,11
BZG,BILGA,11
LPJ,LALPUR JAM,11
CAG,CHHABRAGUGOR,11
DGU,DIGARU,11
BHTN,BHITONI,11
BIRP,BIRARAJPUR,11
NSU,NISOI,11
BRGW,BARGAWAN,11
KHBJ,KHANNA BANJA,11
NRG,NERGUNDI JN.,11
BNU,BANDAKPUR,11
BZC,BELIATOR PH,11
MPU,MEDAPADU,11
DHPD,DHAPARA DHAM,11
TBTN,THANA BHAWAN,11
GSGB,GOSAINGRAM,11
BVL,BIKKAVOLU,11
BUT,BAYTU,11
SONA,SONAMUKHI PH,11
BJ,BAHJOI,11
GOK,GOKARNA ROAD,11
MGR,MONGHYR,11
MHBT,MAHBUB NAGAR,11
RLA,RAJULA ROAD,11
DNL,DHANOLI,11
MNZ,MANANI,11
SGDM,SIGADAM,11
MBY,MANDI DABWAL,11
THPR,TIPPAPUR HAL,11
SGRD,SARAGAON ROA,11
SGRA,SANGARIYA,11
SMLT,SAMLOTI,11
NZP,NIYAZIPUR HA,11
BKO,BINDKI ROAD,11
BKNO,BIKNAPH,11
NMKL,NAMAKKAL,11
GAJ,GANESHGANJ,11
GAG,GANGAGHAT,11
VGT,UNGUTURU,11
MMH,MAHADANAPURA,11
SMP,SAMBHUPURA,11
NWU,NAVAPUR,11
GHGL,GHAGWAL,11
SLY,SAMALPATTI,11
PUMU,PENUMARRU HA,11
VRE,VAREDIA,11
DUMK,DUMKA,11
KIV,KAILSA,11
KITA,KITA,11
NOB,NOBANDA PH,11
MKRN,MAKRONIA,11
MFL,MISHRAULI,11
BDPR,BRINDABANPUR,11
VBW,VAIBHAVWADI,11
BDB,VRINDAVAN,10
ANAS,ANAS,10
BDRL,BYADARA HALL,10
BEG,BEHTAGOKAL,10
SANR,SARDARNAGAR,10
IDL,INDALVAI,10
BQP,BIGHAPUR,10
BPY,BADAMPUDI,10
KEM,KEM,10
MIL,MILAK,10
MJN,MAKUM JN.,10
WTR,WATHAR,10
WTJ,JAMWANTHALI,10
BNQL,BHANKALA,10
NRK,NARAIKKINAR,10
NRI,NARAINA,10
VDI,VELDURTI,10
VAPM,VALAPATTANAM,10
RAG,RAIGIR  HALT,10
DUE,DUDAHI,10
KHRK,KHARAK,10
PVZ,PARVEZPUR,10
ANU,ANANGUR,10
SAI,SARAI,10
HNK,HANAKERE,10
KWE,KHURIAL,10
CKM,CHAUKI MAN,10
PIGT,PILIGHAT,10
PHWR,PEHOWA ROAD,10
KVD,KHURMABAD RO,10
HOJ,HAMILTONGANJ,10
HOD,HALDIA BIHAR,10
ABKP,AMBIKAPUR,10
NAVI,NEW AMRAVATI,10
PYX,PEYANAPALLI,10
NVG,NAWEGAON,10
MGK,MULAGUNNATHU,10
MFZ,MALAHAR,10
BRSQ,BRAR SQUARE,10
BRSA,BARWA KALAN,10
MDW,MARWAR MUNDW,10
MDVK,MAHADEO KHED,10
GDQ,GODAMGURA,10
MLFC,MALDA COURT,10
BMGM,BRAHMANA GUD,10
BMPL,BRAHMANPALLI,10
TOU,TELAPROLU,10
BNDP,BUNIYADPUR,10
VJR,VIJAYA NAGAR,10
KGE,KATANGI,10
SLWR,SILAWAR,10
PUX,PARASIA,10
KIY,KALAYAT,10
KKA,KANKI,10
PUM,PALLIPPURAM,10
BLRR,BELANDUR ROA,10
VJF,VIJAPUR,10
VRBD,VRINDABAN RO,10
VRA,VALAVANUR HA,10
DSNI,DAUSNI,10
SLRA,SARLA,10
DULP,DAULATPUR HA,10
SLZ,SOLARI,10
NOMD,NOAMUNDI,10
NOH,NIGOHI,10
MLGH,MANDALGARH,10
NXN,NAWAGAON,10
DRR,DHARUR,10
SMCP,SIMEN CHAPAR,10
SMBL,SIMBHOOLI,10
VRQ,VIRARAKKIYAM,10
VRPD,VIRAPANDY RO,10
VRM,VARNAMA,10
VRLR,VIRANI ALUR,10
TOI,TAMKUHI ROAD,10
TPTN,TIRUCHIRAPPA,10
TPE,TIRUCHIRAPPA,10
BMLL,BAMLA,10
KAR,KARNA,10
KAQ,KOLANUKONDA,10
GG,GANDHIGRAM,10
SHDR,SHAHDORAGAON,10
MDKI,MADUKARAI,10
GJD,GUJHANDI,10
GJ,GANGAJHARI,10
SGJ,SAFDARGANJ,10
RGI,RAMAGIRI,10
JYP,JEYPORE (ORI,10
SGPA,SUGAPAHARI H,10
GIF,GANI DHAM HA,10
RG,RAJGHAT NARO,10
SHN,SUCHAN KOTLI,10
RGP,RAGHUNATHPAL,10
BMCK,BISSAM  CUTT,10
MLP,MALLAPUR,10
MFJ,MUFTIGANJ,10
MENP,MEENAPUR,10
TJD,TAJPUR DEHMA,10
KJV,KHIJADIYA JN,10
PTT,PUTALAPATTU,10
ALNI,ALNIYA,10
PTLD,PATILADAHA,10
MND,MUNDERWA,10
NMX,NEW MAYNAGUR,10
NMT,NAMTIALI,10
MMS,MANDASA ROAD,10
JWN,JIWA ARAIN,10
JUP,JHUNPA,10
KIQ,KHAI PHEMEKI,10
NWMS,NOAPARA MAHI,10
MEM,MAU AIMMA,10
TKC,THAKURKUCHI,10
BRN,BARHAN JN.,10
BSGN,BASUGAON,10
ARGL,ARGUL,10
BSYA,BARKISALAIYA,10
BSUR,BISALPUR,10
BSPR,BISHRAMPUR,10
BSPN,BASSI PATHAN,10
SNAP,SONA ARJUNPU,10
DORD,DEO ROAD,10
BKTB,BINDUKURI,10
BLL,BANTANAHAL,10
MME,MULMARORA,10
MMD,MAHESHA MUND,10
JTTN,JORHAT TOWN,10
TRA,TANGRA,10
TQM,TELAM,10
TQL,THEH QALANDA,10
WDJ,WANDER JATAN,10
MDJN,MADAR JN,10
MDDP,MANDIDEEP,10
MDT,MADARIHAT,10
MDRR,MADHAVNAGAR,10
KH,KAHILIA,10
SIE,SIDDAMPALLI,10
KAWL,KANDWAL,10
GBX,GOVINDPUR RO,10
RDI,KARDI,10
KBSH,KRISHNA BALL,10
MKH,MALAKHERA,10
MKTP,MUKETASHWAR,10
BNL,BEVINAHALU,10
BNQ,BANARHAT,10
KCU,KACHHLA,10
ARGP,ARALAGUPPE,10
BTRA,BANTHRA,10
BTR,BUTARI,10
PSE,PUSAULI,10
DLQ,DALELNAGAR,10
DNV,DONKINAVALAS,10
DNRA,DANDHERA,10
RIKA,RATIKHEDA,10
GLBA,GOLABAI,10
RJPM,RAJAPALAYAM,10
SMM,SALIYAMANGAL,10
SML,SHIMLA,10
PSZ,PARSAUNI,10
NYT,NAYATOLA,10
NMD,NIMODA,10
TRM,TIRUNAGESVAR,10
RGPM,RAGHAVAPURAM,10
MNY,MANKARAI,10
MNWL,MANWAL,10
AMVA,AMARAVILLA H,10
JSL,JASSOWAL HAL,10
JSGR,JHARSUGUDA R,10
SGC,SAONGI,10
GMDA,GUMADA,10
MNUR,MANNANUR,10
JTH,JHOK TAHAL S,10
GJW,GAJUWALA HAL,10
GKM,GUNDLAKAMMA,10
BTJ,BISHNATH GAN,10
KLJI,KALIJAI,10
DOK,DHOLKA,10
DODH,DODH,10
THN,TOLAHUNSE,10
RKL,RAMKOLA,10
VZR,BHANJPUR,10
JRJ,JARGAON,10
MOF,MONDH,10
SNC,SWAMI NARAYA,10
MBC,MAHANANDA BR,10
ODB,OODLABARI,10
KLU,KALLURU,10
DLMH,DHAULIMUHAN,10
JOL,JOGAL,10
TSS,TALLI SAIDA,10
DNQ,DANDKHORA,10
TSF,TAHSIL FATEH,10
BLKR,BALLEKERE,10
MNHL,MAJHAIRAN HI,10
MO,MOHOL,10
SNK,SINDKHEDA,10
KLMR,KALAMASSERI,10
SNX,SANEH ROAD,10
SNM,SITANAGARAM,10
SNKL,SANKARANKOVI,10
AIG,AIGAWAN,10
TTL,TIRUTTANGAL,10
BJV,BIJAURIA,10
BJT,BAJPATTI,10
BKDR,BEGUNKODAR,10
GNC,GANDHINAGAR,10
MNU,MUNDIKOTA,10
SG,SHAHGARH,10
JNP,JAGAN NATHAP,10
JPM,JIYAPURAM HA,10
JPG,JALPAIGURI,10
MGZ,MAHARAJGANJ,10
VLA,BAVLA,10
VKR,VENKATNAGAR,10
VKNR,VALMIKINAGAR,10
OML,OMALUR,10
KMX,KOMATIPALLI,10
KMRJ,KUMARGANJ,10
DKC,DEVARKADRE,10
DMC,DHEMAJI,10
DLZ,DHOLBAZA,10
PRT,PANRUTI,10
TDP,TODARPUR,10
NKB,NAGRAKATA,10
TRSR,TARSAI,10
NLP,NORTH LAKHIM,10
GMIA,GUMIA,10
RMJK,RAMNAGAR(J-K,10
RMC,RAM CHAURA R,10
BTDF,BOTAD JN (MG,10
DXG,DHARANGAON,10
MHBZ,MAHTHA BAZAR,10
MHBG,MAHADEVA  BU,10
TKLE,TIKANI,10
TKH,THAKURTOLA P,10
SLKX,SALAKATI,10
SLHP,SULAH HIMACH,10
SLGH,SHELGAON HAL,10
DYK,DUDHIA KHURD,10
SJNP,SUJANPUR,10
SJJ,SANJHA H,10
RCTC,RAGHUNATHPUR,10
KDE,KORADACHERI,10
SDPR,SARDAR PATEL,10
OSN,OSIYAN,10
ORR,ORR,10
DJG,DULIAJAN,10
SOJ,SAROJINI NAG,10
NIT,NAIKOT F,10
NIRA,NIRA,10
JOA,JANWAL,10
SFC,SAINTALA,10
SEV,SITHALAVAI H,10
GOM,GOGAMUKH,10
GQL,GURLA,10
SEJ,SARKHEJ,10
SDV,SOMIDEVI PAL,10
GOE,GHOGRAPAR,10
RML,ROMPALLE PH,10
LTD,LATHIDAD,10
LSX,LOISINGHA,10
DLPI,DELHI INDRAP,10
PRKH,PARAKANHATTI,10
KNH,KONCH,10
MALA,MALA,10
BUM,BOMMASAMUDRA,10
TDR,TIRUVIDAIMAR,10
GRD,GIRDIH,10
GRBL,GARUDABILLI,10
RNE,RANJANI,10
JLT,JHAMAT (HALT,10
JLS,JALESAR ROAD,10
JNO,JUNNORDEO,10
RMN,RAMAN,10
SDS,SADULSHAHAR,10
BKJ,BARKUR,10
MQN,MANYAM KONDA,10
MQG,MILANGARH,10
JMPT,JIMIDIPETA,10
MPR,MAKARPURA,10
MRDL,MERAMANDOLI,10
MRBL,MURI BAHAL,10
BWR,BARWA SAGAR,10
BVQ,BHILAVDI,10
BVN,BISWAN,10
BWI,BILWAI,10
ALB,ALIYAVADA,10
PRB,PARBATI,10
BWF,BUTEWALA,10
MABN,MABAN,10
BAE,BALIAKHERI,10
TBH,TATIBAHAR,10
PAVP,PEDDA AVUTAP,10
KODI,KODI,10
KOKA,KOKA,10
WW,WANABAR HALT,10
TZH,TAKAZHI,10
LVR,LOK VIDYAPIT,10
LUSA,LUSA,10
DHPR,DAPPER,10
DHP,DICHPALLI,10
PPZ,PEDDAMPET,10
BVW,BAHMNIWALA,10
BVU,BALIPARA,10
MQS,MALSIAN SHAH,10
MQP,MAKRANDPUR,10
NIQ,NIGAURA,10
PPR,PIPAR ROAD J,10
KPB,KHARPOKHRA,10
SPTR,SILAPATHAR,10
TAY,TALAIYUTHU,10
TAV,TALALA JN,10
TAP,TAPANG,10
BYQ,BAHAI HALT,10
RMY,RUKMAPUR,10
GPE,GOGI POTHIA,10
BWZ,BADDOWAL,10
LPNR,LAJPAT NAGAR,10
PAS,PASUR,10
BWL,BAWAL,10
BXQ,BRUNDAMAL,10
BXP,BARPATHAR,10
BXG,BHANGA,10
GRH,GHORASAHAN,10
SDM,SURAREDDIPAL,10
NSX,NARSIPURAM,10
BRH,BAIKUNTHPUR,10
BRE,BHARWARI,10
TKTB,THAKURBARI,10
DUR,DESUR,10
TNDE,THANESAR CIT,10
BANI,BANI,10
AGR,AMARGARH,10
MK,MIRANPUR KAT,10
BNWC,BHIWANI CITY,10
KDNL,KADAYANALLUR,10
KNRT,KUNERU,10
KNRI,KUNURI,10
KNPR,KENDRAPARA R,10
KPXR,KAIPADAR ROA,10
NHF,NIHASTA HALT,10
LNW,LAKHANWARA,10
LNN,LONAND,10
LPG,LAPANGA,10
LP,LALAPET,10
PBKS,PAMBAKOVIL S,10
SQN,SARAI KANSRA,10
BHTA,BHATIA,10
BHNP,BISHANPUR HA,10
UAA,UPPALA,10
BIO,BORDI,10
Y,YELIYUR,10
TXM,TANDAVAPURA,10
MQU,MURUKKAMPUZH,10
GPZ,GOHPUR,10
KQT,KURGUNTA,10
DDD,DHONDHA DIH,10
VP,VIRAPUR,10
LKT,HULKOTI,10
VTP,VASTRAPUR,10
GRR,GORPHAR,10
JJR,JEJURI,10
JKHI,JAKHOD KHERA,10
PBP,PEMBARTI,10
PBM,PAMBAN,10
BXY,BORDHAI,10
BZY,BASAI,10
BZR,BISRA,10
CAPC,CHARTRAPUR C,10
PCN,PUNCH PIPLIA,10
KQA,KONDAGUNTA,10
POO,POTLAPADU,10
POKL,PEOKOL  HALT,10
KRG,KOREGAON,10
KQZ,KOLAR,10
AJH,AJHAI,10
APD,ALIPUR DUAR,10
MSE,MASANI,10
GTF,GUMTHAL,10
GUB,GULARBHOJ,10
JGW,JOGIWALA,10
MSDH,MASNADIH,10
BHKH,BAGHOIKUSA,10
BHKD,BHURKUNDA,10
PPDI,PIPRADIH,10
PPDE,PANDU PINDAR,10
PP,PURANPUR,10
TKQ,TRIKARPUR,10
MHP,MUHAMMADPUR,10
KFV,KUNDARA EAST,10
MHHR,MAHESRA,10
MHA,MARAHRA,10
KCF,KALCHINI,10
RDHP,RADHANPUR,10
RDF,RADHAGAON,10
RASP,RASIPURAM,10
RAM,RAMAPURAM,10
KFX,KOCHEWAHI,10
FGSB,FATEHGARH SA,10
NGJA,NARAYANAPPAV,10
MST,MASIT,10
BHBK,BODHADI BUJR,10
SZZ,SABIRA,10
JCY,JIND CITY,10
JGJ,JAGESHARGANJ,10
NGB,NAWABGANJ(GO,10
NG,NAGARI,10
RPB,RUPSIBARI,10
ROI,REOTI,10
SZN,SHAHBAZNAGAR,10
PNPN,PANPANA PH,10
DCK,DHANDHUKA,10
DCAB,BMY D CABIN,10
SRKI,SEMER KHEDI,10
POU,PADRAUNA,10
LKD,LAKODARA,10
VTK,VALLATTOLNAG,10
JDB,JAGADALPUR,10
SCO,SATUNA,10
PDL,PENDEKALLU,10
PDG,PARADGAON HA,10
MTNL,MUTTARASANAL,10
MTI,MITAWAL,10
AHU,AHIRAULI (HA,10
AJU,ARJUNI,10
AJTM,AJIT GILL MA,10
TAA,TADLAPUSAPAL,10
CEM,CHEEKATEEGAL,10
CDL,CHODIALA,10
SRUR,SIRPUR TOWN,10
SRTN,SIBSAGAR TOW,10
SRPU,SRIPUR HALT,10
JBK,JAGGAMBHOTLA,10
BGWD,BAGEWADI H,10
BHGP,BHAGIRATHPUR,10
SSC,SHAHI,10
DAVC,D.A.V.COLLEG,10
DAU,DAGRU,10
PNGM,PANCHGRAM,10
PDPR,PURANDARPUR,10
LER,LEHRA F,10
JGD,JAGADISPUR,10
GVB,GUNERU BAMOR,10
DC,MAGUDANCHAVA,10
KRTN,KIRTINAGAR H,10
KRT,KHURAHAT,10
KRSW,KOHAR SINGH,10
KRSA,KHARSALIYA,10
CV,CAUVERY,10
LHLL,LAHLI,10
LHBK,LOTHAL BHURK,10
ULD,ACHALDA,10
GZT,GHAZIPUR GHA,10
GZO,GAZOLE,10
GZL,GAZULAPALLI,10
RRW,RORANWALA,10
MUC,MULLURCARAI,10
NERH,NER HALT,10
MTHP,MITHAPUR,10
JDPT,JAGDISHPUR,10
JBO,JAMADOBA PH,10
SZP,SHAHJAHANPUR,10
SXK,SHAHJAHANPUR,10
CGV,CHINGAVANAM,10
KRYA,KURRAIYA,10
SSG,SHIU SAGAR R,10
SSD,SHAMSABAD,10
LDCY,LODI COLONY,10
SJPM,SUJATAPURAM,10
KEF,KRISHNA MAKO,10
DZKT,DURGACHAK TO,10
EL,ELAMANUR,10
EKR,EKANGAR SARA,10
SKJS,KRISHAN JANM,10
SKGH,SAKTESGARH,10
KER,KIRIHARAPUR,10
NRVR,NARAINA VIHA,10
BOF,BAROG,10
NAK,NAKSALBARI,10
BOG,BHAIRONGARH,10
TMD,TALMADLA,10
TLKH,TALAKHAJURI,10
KSM,KAMASAMUDRAM,10
BELT,BELA,10
UPR,USMANPUR,10
UPD,ULAVAPADU,10
DAJ,DAROJI,10
KSPR,KASHIPURA SA,10
SSN,SASON,10
CTMP,CHHIT MAKAND,10
CWA,CHHINWARA JN,10
CVJ,CHAVAJ (BLOC,10
BBHT,BARABAR HALT,10
BFPA,BHOPATPUR,10
JAU,JHAUA,10
SBRA,SARBAHARA,10
LDY,LAKKITI,10
LDR,LANDAURA,10
SXD,SIDULI (FLAG,10
SWNR,SEWA NAGAR,10
CRW,CHARAUD,10
SW,SEHRAMAU,10
CHPD,CHEPPAD,10
CHP,CHAPPI,10
SVPR,SRIVILLIPUTT,10
SBK,SHAHBAZ KULI,10
HHP,HARHAR FATEH,10
INK,INTEKANNE,10
JAB,YAMUNA BRIDG,10
PDZ,PILODA,10
SXT,SALEM TOWN,10
KTGD,KOTHGANGAD,10
PLMD,PILAMEDU,10
PLL,PARLI,10
CTPE,CHANDANATTOP,10
IPR,ISLAMPUR,10
SBH,SULEBHAVI,10
SBDP,SABDALPUR JN,10
RTP,RATANPURA,10
RTI,RAOTI,10
BDY,BUDDIREDDIPP,10
AEK,ANEKAL ROAD,10
AEJ,ARNEJ,10
HDB,HALDIBARI,10
RSI,RAISI,10
IRA,ISRANA HALT,10
IQB,IQBALPUR,10
MUKE,MUKKALI HALT,10
MUK,MUNUMAKA,10
CHB,CHABUA,10
CGX,CHARGOLA,10
CMNR,CHAMRAJANAGA,10
CNKP,CHANAKYAPURI,10
SALR,SALUR,10
MVPM,MAVELIPALAIY,10
MVP,MOKHASA KALA,10
BDLN,BORDOLANI,10
URPR,UGRASENPUR,10
SVPM,SRIVENKATESW,10
AUN,AURANG NAGAR,10
KTO,KATORA,10
KTJ,KHALTIPUR,10
PGN,PERUGAMANI,10
PGA,PAGARA,10
HLE,HEELALIGE,10
SATR,SATAR HALT,10
SAPT,SUGAPAHARI H,10
HLK,HOLALKERE,10
STH,SAITHAL (HAL,10
CPN,CHAMPANER RO,10
KUL,KALLAYI,10
KUF,KAURAH,10
CPBH,CHIRAILLA PA,10
AKK,AKKIHEBBALU,10
KYM,KADIYAM,10
CHRM,CHIRMIRI,10
HNH,HANUMANAHALL,10
MXK,MANDRAK,10
PG,PERGAON,10
CKDL,CHAKDAYALA,10
KXB,KANJIA,10
KYOP,KOTTAPALLI H,10
KU,KULIKARAI,10
HSP,HASANPARTI R,10
RUSD,RUNNIASAIDPU,10
RUM,RUPAMAU,10
RTWS,RAHATWAS,10
HMA,HUMMA,10
CKB,CHOUTH-KA-BA,10
CKA,CHAK PAKHEWA,10
SVKS,SIVAKASI,10
SVD,SARWARI,10
PKF,POKLA,10
CNDM,CHANDI MANDI,10
CNDB,CHANDUR BAZA,10
KWN,KACHEWANI,10
MYU,MAYANOOR,10
IGU,IRUGUR,10
HGI,HAGARI,10
UTA,UMAR TALI,10
BDI,BHADLI,10
UPW,UPPALAVAI,10
ZPI,ZAMPANI HALT,10
HIL,HILSA BLOCK,10
HSI,HARSAULI,10
SAB,SANTAMGALUR,10
BCB,BHOWRA BH,10
YPD,YERPEDU,10
MY,MALLIYAM,10
MZS,MURKEONG SEL,10
ABSA,AMBASSA,10
NAM,NAMRUP,10
NASP,NARASINGAPAL,10
HRB,HARRI,10
BDWS,BADARWAS,10
NBKH,NABA GRAM KA,10
HTJ,HATHRAS ROAD,10
HPKA,HINOTIA-PIPA,10
HMR,HAMIRA,10
RYP,RAYANAPADU,10
PIT,PALITANA,10
KUDN,KUDNI,10
PHS,FEROZESHAH,10
CKLT,CHAKKALI LAI,10
CKLA,CHAK BANWALA,10
CLF,CHHULHA,10
SUL,SULDHAL,10
HR,HARPALU,10
NAU,NADAPURAM RO,10
AAY,ARALVAYMOLI,10
YGL,YELGUR,10
UTL,UTARLAI,9
SVL,SEVALIYA,9
BDN,BHADAN,9
BFE,BAHAWAL BASI,9
UNK,UNKAL,9
BELD,BELKHEDA,9
IKK,IKKAR HALT,9
RTR,RAMNATHPUR,9
INS,INDAS PH,9
RTB,RAJA TALAB,9
RSNR,RAI SINGH NA,9
BFR,PALLIKERI HA,9
ULL,ULLAL,9
HDT,HARDATTPUR F,9
UKV,UTTAMARKOVIL,9
JBW,JHABELWALI,9
MTIP,MATHNANHIPUR,9
SVKD,SAVAR KUNDLA,9
CHR,CHILKAHAR,9
KYB,KAIYAR PH,9
KWH,KACHHWA ROAD,9
GXG,GEONG  HALT,9
HBP,HARPUR BOCHA,9
JGG,JANGIGANJ,9
JES,JAITSAR,9
GSQ,GUIR SARANG,9
JDDA,JETHA HALT,9
SDBH,SINDRI B.H,9
SDC,SAIDABAD,9
MSSD,MAHESHRI SAN,9
GRO,GURRA,9
AGCI,ANGADI,9
TUWA,TUWA,9
MRN,MORWANI,9
SUT,SATLANA,9
BILD,BILDI,9
TTU,TETTU,9
NHY,NAGANAHALLI,9
GTQ,GUMTALI,9
RMZ,ROUTHPURAM H,9
BIY,BARDOLI,9
GRRG,GURLI RAMGAR,9
GRZ,GURTHURI,9
RMRB,RAMNAGAR (BE,9
GPR,GHORPURI,9
JLQ,JALPUR  HALT,9
RNGR,RAINAGAR PH,9
GOR,GOPINATHPUR,9
SET,SETTIHALLI,9
SWG,SIDHWAN,9
MPLE,MAHIPAL  HAL,9
SFW,SARANGPUR,9
GMDP,GRAMDADPUR,9
MOW,MANANWALA,9
BATM,BATALA SUGAR,9
GNJ,GUNJI,9
BARL,BARAL,9
JRK,JERUWAKHERA,9
GMMG,GRAM MASAGRA,9
GMD,GURAMKHEDI,9
AMT,AMMAPET,9
MNKB,MIYON KA BAR,9
TSA,TISUA,9
GJS,GAJSINGHPUR,9
JTB,JAGATBELA,9
GLG,GULABGANJ,9
KZPE,KAZIPARA HAL,9
KYV,KOYILVENNI H,9
RHW,ROHIRA GHALL,9
SHKL,SHANKRUL PH,9
SHMR,SHYAMSUNDAR,9
MLG,MALHARGARH,9
NOI,NARIAOLI,9
GDP,GUDUPALLI,9
BNE,BOHANI,9
BMR,BIKRAMPUR,9
GAUR,GAUR,9
FSR,FAQARSAR,9
FTD,FATEHABAD JN,9
TMU,TIRUMATHIKKU,9
BNG,BARNAGAR,9
CHH,CHAUKHANDI,9
SJM,SAJUMA,9
ARL,ARAUL MAKANP,9
AHM,AHIMANPUR,9
FKB,FAKHRABAD HA,9
KEH,KAPSETHI,9
TME,TUTIMELUR,9
SJGH,SARAI JAGDIS,9
MID,MADHI,9
BPU,BHAUPUR,9
KESR,KESRI SINGHP,9
KED,KENDUAPADA,9
KFK,KATKA,9
KFQ,KUMARANALLUR,9
BRGT,BHERAGHAT,9
BRBL,BIRAHALLI,9
BRBS,BIRBANS,9
KHM,KUSMHI,9
NVRD,NAVADE ROAD,9
NVU,NAVALUR,9
NTU,NIGATPUR F,9
PLT,PIRTHALA LAL,9
KSTE,KISTAMASETTI,9
DUSI,DUSI,9
KISN,KALISEN PH,9
KIW,KANWALPURA,9
KHRJ,KHUMBARAJ,9
DUK,DUDIA,9
QTP,QUTABPUR,9
KKB,KARAKBEL,9
BSGR,BHAGSAR,9
BRWH,BAHERWA (HAL,9
DAS,DHASA,9
DAV,DEVALGANAUCH,9
SRX,SURA NUSSI,9
PDS,PINDARSI HAL,9
KSNR,KHUSHAL NAGA,9
CWN,CHAREWAN HAL,9
DRQ,DHARMINIYA,9
DS,DASNA,9
PTRJ,PATTI RAJPUR,9
KKRM,KAIKORAM,9
TIK,TIK,9
DRGJ,DARAGANJ,9
ALMW,ALMAW (HALT),9
SMPR,SHRI MADHOPU,9
DOR,DUNDARA,9
MCO,MOTIHARI COU,9
MCQ,MIRCHADHORHI,9
DOD,DHODHAR,9
PNDM,PENNADAM,9
SRW,SHRI KARANPU,9
DAL,DALIGANJ JN,9
PSF,PATRASAYER P,9
BTRB,BETUR PH,9
DKT,DHULKOT,9
SNKE,SUNEHTI KHAR,9
DLD,DALAUDA,9
DIW,DHILWAN,9
BUDR,BAUDPUR,9
BUGM,BERUGRAM,9
KMRL,KUMRUI PH,9
MAM,MANGALMAUDI,9
PRI,PATHRI,9
DLPT,DULAKHAPATNA,9
VKG,VAVADI KHURD,9
MACR,MANGULI CHOW,9
BWCN,BOWAICHANDI,9
DIM,DHANSIMLA PH,9
PPW,PACHPERWA,9
VLDE,VALADI,9
MA,MADHA,9
TBA,TIMBA ROAD J,9
PBJM,PABNAWAJAS M,9
BXLL,BILLI,9
BXS,PICHCHANDAR,9
PATL,PATEL HALT,9
BWX,BAHMAN DIWAN,9
TAS,THASRA,9
SQE,SAMARALA HAL,9
CAMU,CHAMUA F,9
VLNK,VELANKANNI,9
BYH,BHITI,9
DGF,DHANGARIA PH,9
SQL,SONTALAI,9
SRBZ,SEHARA BAZAR,9
DEL,DENDULURU,9
VLE,VELLALCHERUV,9
KPLD,KAPALI ROAD,9
ATRR,ATRAURA (HAL,9
PPB,PARTABPURA,9
AJIT,AJIT,9
DDV,DADHDEVI,9
RYS,RASUIYA,9
RVD,RAVIKAMPADU,9
PJP,PANJIPARA,9
BDBG,BADHAI BALAM,9
MZGI,MANJUR GADI,8
BDBS,BINDUBASINI,8
YY,YEDIYYURU,8
ZNP,ZINDPURA (HA,8
BCJ,BAGAHA BISHN,8
NBU,NARASAMBUDHI,8
PJH,PIRJHALAR,8
BDWA,BHADWA PARA,8
BDWL,BIRADHWAL,8
UWNR,UDWANT NAGAR,8
BDDR,BADODAR,8
MWZ,MAHISHADAHAR,8
MXA,MARAUDA,8
HNDR,HENDEGIR,8
HNG,HIRANGAON,8
KVQ,KOSIARA,8
KXP,KANIYAPURAM,8
KXT,KETTI,8
PGU,PADUGUPADU,8
PGZ,PERUNGUZHI,8
PHE,PAHALEJA,8
AADR,AMB  ANDAURA,8
AMY,AKATHAMURI,8
KPPR,KARUPPUR,8
PPDA,PANCHPATIA D,8
SRF,SAGARAJAMBAG,8
SRGH,SURAJGARH,8
SYZ,SONAI,8
SZF,SATBAHINI,8
PDD,PADUBIDRI,8
VPO,BHUPIA MAU,8
VPR,VISAPUR,8
SRMN,SEMRAON,8
SRMP,SIRSI MUKHDU,8
HMQ,HIMMATPURA,8
RVK,RAJA BHAT KH,8
VAL,VADAL,8
VAN,VADHVANA,8
NABN,NAGBHIR JN.,8
PCM,PAVURCHATRAM,8
CABN,BMY A CABIN,8
DGY,DIGHORI BUZU,8
DEW,DEWALGAON,8
DGBZ,DONGRIBUZURG,8
DGDG,DURGADA GATE,8
SQS,SIGSIGI,8
DEMU,DEMU,8
AZA,AZARA,8
AZK,AZHWARKURUCH,8
DDM,DAM DIM,8
DDNI,DUDHNOI,8
DBNK,DERABABA NAN,8
DBNR,DIBNAPUR  HA,8
KQQ,KAUKUNTLA,8
KQW,KHEDULI,8
PCLI,PALACHAURI,8
LLR,LALPUR,8
LLU,LALRU,8
LMD,LINGANENIDOD,8
LOL,LOLIEM,8
LOV,LOVEDALE,8
LMY,LAIMEKURI,8
LNR,LUN RICHHA,8
VLL,VELLAYIL HAL,8
VLT,VALATHOOR,8
BYP,BAIJNATHPUR,8
BYS,BARSALI,8
BYSA,BASULYA SUTA,8
KPZ,KAPREN,8
KPJ,KOPAGANJ HAL,8
LKY,LAKHMAPUR,8
CCL,CHANCHELAV,8
CCO,CHICHOLI,8
CCP,CHHUCHHAPURA,8
TAC,TATI CHERLA,8
LKB,LAKSHMIPUR B,8
LKBL,LAKHABAVAL,8
POT,POTHIA,8
DCH,DINHATA COLL,8
DGPP,DHENGLI PIMP,8
KNPS,KENDPOSI,8
KNS,KANCHAUSI,8
WEL,WELLINGTON,8
ALAL,ALAL,8
KO,KOSGI,8
KNNT,KUNNATHUR HA,8
DEOR,DIYODAR,8
BWW,BARAWAHA,8
DHH,DINHATA,8
DHNA,DHACHNA,8
SPYA,SIPAYA (HALT,8
SQD,SATTIRAKKUDI,8
DIPA,DIPA,8
PPE,PAINTEPUR F,8
KPE,KAUWAPUR,8
KRGN,KARGAON HALT,8
POI,PONPADI,8
AJN,AJNOD,8
CCA,CHIGICHERIA,8
CCBG,CHICHOLIBUZU,8
CAO,CHAURADANO,8
AWS,AWASANI,8
KRMP,KUMARIPUR HA,8
SOR,SONAGIR,8
DHRR,DHIRERA,8
SPGR,SAMPIGE ROAD,8
SPJB,SAIDPUR JALA,8
SPK,SAPEKHATI,8
LTR,LAKHTAR,8
BAGJ,BARHARAGANJ,8
TAZ,TARGAON,8
LRU,LALPUR UMRIL,8
PAVI,PAVI,8
PAX,PATTI,8
BXA,BALOD,8
BWP,BHAWANIPUR K,8
LUA,LALAURI KHER,8
PAPM,PALATPOTARAM,8
PATM,PATAM,8
ARNG,ARUN NAGAR H,8
AROR,ARUR H.,8
DHY,DHARODI,8
DIB,DIBAI,8
BVO,BOGOLU,8
BWV,BHIWAPUR,8
OREH,ORE HALT,8
ORGA,ORGA,8
TBR,TAIABPUR,8
BWBN,BEWAR BHOJAN,8
BWC,BANWALI,8
PPY,PAPATAPALLI,8
PQD,PRANPUR ROAD,8
PQH,PINDKEPAR HA,8
PQL,PINDIAL,8
PQT,PUNIYAVANT,8
LHM,LEHRA MUHABB,8
KRNU,KANANUR,8
KRPR,KAREPUR HALT,8
SRPM,SIRIPURAM,8
SRPN,SRIPANI,8
DB,DABHOI JN.,8
DBB,DHUBRI,8
KRTA,KARKATTA,8
ASD,AMBASAMUDRAM,8
ASLU,ASLU,8
PRNC,PURNEA COURT,8
PRNG,PRITAMNAGAR,8
SONI,SONI,8
DIT,DOHRIGHAT,8
MAGH,MANIKGARH JN,8
PRDL,PARADOL,8
OM,OMKARESHWAR,8
MALK,MALKAPUR ROA,8
PRE,PAHARA,8
KNAD,KANAD,8
KNF,KHANODIH,8
SOS,SOMESAR,8
SPB,SONEKHPUR HA,8
SPDR,SHEOPRASAD N,8
DCX,DHANIACHHA,8
DAO,DAGHORA,8
DAP,DAGMAGPUR,8
DAQ,DAUD KHAN,8
KRL,KOTARLIA,8
CDBN,CHEDHABANNI,8
SYU,SARAYAN,8
LKNA,LAKHNA,8
KMMD,KIRMITI MEND,8
KMND,KUMENDI,8
KMNR,KAMALNAGAR,8
PRSL,PANDRASALI,8
DMG,DOMINGARH,8
OSRA,OSRA,8
TDK,TADUKU,8
TGL,TUGGALI,8
MAYR,MAYAR,8
PRSP,PRASADPUR (H,8
PRTN,PRATAP NAGAR,8
DLX,DALIMGAON,8
DMD,DHARMADAM HA,8
DKWA,DOKWA,8
DKX,DUDHWAKHARA,8
DL,DALADI,8
MBG,MAIBANG,8
PSPY,PRASANNAYANA,8
SNPR,SINGARPUR,8
PS,PARAS,8
PSLP,PASALAPUDI,8
PSN,PARSENDI,8
BTRI,BITROI,8
BTRO,BASTOI (HALT,8
ONR,COONOOR,8
BTHL,BITHAULI F,8
MANI,MANI HALT,8
AIR,ALINDRA ROAD,8
WP,WANGAPALLI,8
SNLR,SANTALPUR,8
SNO,SOMANUR,8
SNS,SASNI,8
LIJ,LAKSHMIGANJ,8
LDX,LADDA,8
LEDO,LEDO,8
KLPG,KAMALPUR,8
KLRS,KOLARAS,8
KLSP,KUSHALPURA,8
KLI,KAULI,8
MDDG,MALADGAON,8
MC,MANDAPAM CAM,8
BS,BENISAR,8
KLWN,KALWAN HALT,8
BTX,BELA TAL,8
TEP,TEMPA,8
TGB,TANGRABASULI,8
TH,TINICH,8
ODUR,ODUR,8
BSZ,BHARWA-SUMER,8
BTBR,BUTI BORI JN,8
THUR,THURIA,8
MCU,MULACALA CHE,8
KKY,KILAKADAIYAM,8
DOB,DUNDLOD MUKA,8
KRTL,KARTAULI (HA,8
KRUR,KEERANUR,8
DBY,DIGBOI,8
SRSL,SIRSALA  HAL,8
KRMG,KUMARAMANGAL,8
DAG,DHANG,8
CTD,CHHOTA UDEPU,8
KSIH,KHODSEONI,8
KSK,KASIM KOTA,8
SXF,SOBHAPUR,8
ALNP,AKELA HANSPU,8
KJY,KHURJA CITY,8
MDLA,MUDLANA,8
OBVP,OBULAVARIPAL,8
BSM,BISANATTAM,8
SMRR,SUMRERI,8
DOT,DHAKIA TIWAR,8
DPI,DODDAMPATTI,8
SNDY,SANDAI (HALT,8
PSV,PARSNEU,8
PTH,PATRANGA,8
KKT,KATH KUIYAN,8
WANI,WANI,8
SMNE,SOMTANE,8
SNBD,SUNDERABAD,8
KKNA,KHUNKHUNA,8
LCR,LOKUR,8
LDA,LIDHORA,8
VRLF,VERAVAL MG,8
DSPT,DANISHPET,8
SMD,CHERANMAHADE,8
DRZ,DALLI-RAJHAR,8
KKPM,KALLAKKUDI-P,8
TKBN,T.SAKIBANDA,8
BRQ,BAGRAKOT,8
MDHA,MADHADA,8
KKGM,KAKRI GUMA,8
DRBR,DEORAHA BABA,8
DRN,DEORANIAN,8
DPK,DHOLIPAL,8
PTLI,PATHAULI,8
PTP,PATAL PANI,8
PUWA,PAUWARA  HAL,8
DST,DASAMPATTI,8
KJZ,KARONJI,8
WDG,WADEGAON,8
WDLN,WADWALNAGNAT,8
KKD,KALA KUND,8
BSKH,BASUKINATH,8
BSKR,BASI KIRATPU,8
DASF,DHASA JN (MG,8
SSF,SIRSUPHAL,8
CGHD,CHINNADAGUDI,8
CGON,CHAYGAON,8
PEN,PEN,8
CHTL,CHURARU TAKA,8
SYC,SARAI CHANDI,8
SYE,SINDEWAHI,8
KGD,KALLIGUDI,8
DXK,DHANA KHERLI,8
NYM,NEYAMATPUR H,8
TJH,TEJGADH,8
BAI,BASSI,8
BAKA,BANKA,8
NWH,NAWALGARH,8
MEU,MENDU (HALT),8
PUDI,PUDI,8
KIZ,KANSUDHI,8
KJC,KASGANJ CITY,8
KJJ,KODAVALURU,8
KIB,KIZHA AMBUR,8
KIC,KALLIDAIKURU,8
KIGL,KUNIGAL,8
PUW,PATUWAS MEHR,8
KSW,KHERI SALWA,8
AMC,AMRITHAPURA,8
AMD,AMILA (HALT),8
EDD,EDDULADODDI,8
SKLI,SUKLI,8
SKND,SUKINDA ROAD,8
DWT,DEWAN HAT,8
DTL,DARRITOLA,8
DTN,DHAMTAN SAHI,8
BRMO,BERMO,8
BRMT,BARAMATI,8
MGG,MANGLIYAGAON,8
PYI,PAYLI,8
DVR,DORAVARICHAT,8
KHQ,KHARIK,8
KHI,KURHANI,8
PYA,PEDAPARIYA,8
MGL,MUGLOLLI,8
MGLI,MANGLI HALT,8
SSKA,SISARKA,8
SSKL,SUSKAL,8
SSNH,SHRISARADANA,8
SSPH,SATISH SAMAN,8
KSBP,KESHABPUR,8
DABN,DHABAN,8
LAD,LOHARDAGA  B,8
KYS,KUSUMKASA,8
CHAF,CHAF HALT,8
CHDX,CHHADA,8
LAL,LUSHALA,8
LAN,LOTANA,8
LAT,LATHI,8
BPRS,BHOGPUR SIRW,8
DUU,DUPADU,8
DVJ,DILLIDEWANGA,8
KHC,KHORANA,8
BALR,BAITALPUR,8
BAAR,BANDAR PH,8
TKS,TOKISUD,8
TKT,TIKKOTTI,8
BRGM,BARAIGRAM JN,8
BRIH,BAIRI HALT,8
BR,BANDH BARETH,8
NTR,NITTUR,8
BRDB,BARDA,8
BRDT,BERIA DAULAT,8
DY,DUMARIYA,8
PWBN,PAWAI BROHMA,8
SJQ,SURAJPUR ROA,8
FGCN,FATEHGARH CH,8
KFY,KARAPGAON,8
TKUR,TAPPA KHAJUR,8
TLC,TALCHHAPAR,8
TLGP,TALGUPPA,8
KFI,KAPPIL,8
DYU,DIYURI  HALT,8
SKSO,SIKOSA,8
SKW,SHEIKHUPUR,8
SKX,SARKARA,8
KGKD,KANG KHURD,8
KFE,KURIKAD,8
AMA,ATAMANDA,8
MHI,MANIHARI,8
MHPR,MAHIYARPUR,8
KDTY,KADUTURUTTY,8
RAYA,RAYA,8
VRVL,VIRA VALLI H,8
ETP,ETTAPUR ROAD,8
ETR,ELATTUR,8
EVA,EDAVAI,8
EZP,EZHUPUNNA,8
MHT,MANJHI F,8
NRS,NAGARIA SADA,8
KEY,KAGANKARAI,8
KEZ,KELZHAR,8
ETK,ETTAKKOT,8
ELM,ELIMALA,8
DZK,DURGACHAK,8
KFH,KATPHAL,8
KEE,KASEETAR,8
NRKP,NARKOPI FS,8
AHLR,AHALYAPUR F,8
KDHN,KANDHARAN HA,8
KDI,KUNDLI,8
KDJR,KENDUJHAR,8
KDLR,KANDEL ROAD,8
FHT,FARAH TOWN,8
KDRI,KENDRI,8
KDRP,KANDARPUR,8
KEMK,KHEM KARAN,8
KEMP,KEMPALSAD HA,8
KEP,KELANPUR,8
BQH,BHANOHAD PUN,8
TMLU,TUMMALACHERU,8
MIQ,MIRHAKUR,8
MIR,MAIJAPUR,8
SSU,SASAMUSA,8
CRWA,CHIRAWA,8
CS,KANNUR SOUTH,8
CRL,CHORAL,8
CROA,CHAUTARA,8
CRQ,CHARPOKHARI,8
ATS,ATTABIRA,8
GAE,GAIPURA,8
SJGM,SANJOY GRAM,8
KDHL,KUNDHELA,8
KBU,KASU BEGU,8
KCI,KALIKIRI,8
SJV,SAJHAULI HAL,8
RAMR,RAMAIPUR (HA,8
MIW,MIGHAUNA (HA,8
MIYN,MANIYAN,8
KDSB,KHADUR  SAHI,8
BNWD,BHANDEWADI H,8
BNH,BHIMNATH,8
MKBH,MANWALA KOT,8
AGY,AGORI KHAS,8
RCGT,RICHUGHUTA,8
RCP,RAMA CHANDRA,8
RCR,RATAR CHHATT,8
SSGR,SISAI GULAB,8
SSI,SHIRSAI,8
CTQ,CHETAR,8
LBI,LILABARI,8
LBO,LATABOR,8
PEA,PETTAI,8
PEL,POLIREDDIPAL,8
SWJ,SIAJULI,8
KCN,KARCHANA,8
KCT,KERAKAT (HAL,8
TMPY,TUMBOLI H.,8
TMS,TUMSAR TOWN,8
BNLS,BANGI NIHAL,8
BNO,BANAR,8
BAO,BANMORE,8
BAPR,BALLUPUR FLA,8
NQR,NARAJ MARATH,8
NRDP,NAGIREDDIPAL,8
MJTA,MAJITHA,8
TNGR,THONGANUR H,8
TNPR,TEZNARAYANPU,8
MKT,MUKHTRIARA B,8
MKZ,MAHKEPAR ROA,8
NON,NONAR HALT,8
GDZ,GUNDARDEHI,8
GAP,GURPA,8
GAQ,GANJ  KHWAJA,8
NPRD,NAGPUR ROAD,8
RDS,RAMDAS,8
GBRI,GOBERWAHI,8
GAGA,GALGALIA,8
GAHT,GHUSIA HALT,8
GAI,GAUCHHARI,8
FTH,FATUHI,8
RD,RAM DAYALU N,8
KAVR,KALAVUR H.,8
KAY,KARAI MADAI,8
KAPP,KHARIAPIPRA,8
GDE,GARLADINNE,8
GAW,GAINJAHWA,8
GDK,GONDA KACHAH,8
SHTS,SAMBAHAL HAT,8
KARH,KAKRAHA REST,8
KARK,KARAIKKURICH,8
BMGR,BAMANGRAM,8
BMHT,BARAW MORE,8
KCO,KACHHLA BRID,8
VID,VILAVADE,8
BNK,BANASANKARI,8
TOR,TITUR,8
BMP,BRAMHPURI,8
BMW,BAMHANI,8
BMY,BAMIANA,8
KASU,KASU,8
RET,RENTIYA,8
GDW,GADHWALA,8
SGRR,SANGAR,8
SGUT,SILIGURI TOW,8
SHH,SHAPUR,8
SHI,SINGANALLUR,8
SHJP,SAHAJIPUR HA,8
KAL,KALLAL,8
BLR,BLGANUR,8
BLSR,BELASAR  HAL,8
BLW,BALAWALI,8
REG,REGUPALEM,8
KAU,KACHNA,8
NNPR,NONAPAR F,8
MLAR,MALANPUR,8
BMGN,BAMUNIGAON,8
GGB,GARHMUKTESAR,8
GGG,GANGAGARH (H,8
GHA,GOLEHWALA,8
GHB,GAHRI BHAGI,8
GHG,GHAGGHAR,8
JYK,JONEKARANG H,8
KADH,KHAIRADIH HA,8
RIKD,RISHIKUND,8
SGF,SANGAT,8
GHT,GHAGHARA GHA,8
RGU,RAGAUL,8
JWL,JAJIWAL,8
TRE,TIKRI HALT,8
TNT,TINNAPATTI,8
NNM,NANNILAM,8
MLSA,MALLASANDRA,8
MLKH,MULEWAL KHAI,8
RGNH,RAGHUNATHGAR,8
KTKL,KOTLI KALAN,8
KTKS,KANTAKOSH HA,8
PLGH,PALIGARH (HA,8
WH,WEST HILL,8
KTPR,KATHALPUKHUR,8
GLH,GULAOTHI,8
SGRE,SALGARE,8
RIGA,RIGA,8
MNDH,MANDIR HASAU,8
MMLN,MAHUAMILAN,8
BKRO,BOKARO THERM,8
TPV,TINPHERIA (H,8
TQA,TAKIA,8
TRDI,TIRODI,8
GIR,GAINSARI JN,8
SGND,SHRIGONDA RO,8
NNGL,NAYA NANGAL,8
BLDK,BELAKOBA,8
BLGA,BELAGULA,8
BLGT,BALURGHAT,8
BLJA,BHALOJALA  H,8
APTA,APTA,8
ARAG,ARAG,8
ATT,ATARI JN,8
AUL,AGSAULI,8
KTRD,KETOSAN ROAD,8
KTGN,KOTLA GUJRAN,8
KTGO,KOTGAON HALT,8
KZS,KUAKHERA HAL,8
KYW,KARCHHUE HAL,8
KYZ,KIZHA PULIYU,8
KTKA,KOTAKADRA HA,8
VVR,VIRAVANALLUR,8
BKTH,BAIKUNTH,8
BLA,BAJALTA,8
BLAX,BARLAI,8
TRJ,TARIASUJAN,8
TRKR,TUREKALA ROA,8
VXM,VELIPPALAIYA,8
GKJ,GOLAKGANJ,8
GKT,GANKHERA HAL,8
VSW,VISAVADAR,8
JTK,JHITKIA,8
JTRD,JATH ROAD,8
NMGA,Nelamangala,8
BLLI,BALLI,8
BKRL,BAKROL,8
NNGE,NARANGI,8
RKK,RATANGARH KA,8
RKN,RATI-KA-NAGL,8
JPD,JALALPUR-DHA,8
GOG,GHORGHAT HAL,8
GNL,GONGALI,8
GNN,GANGINENI,8
MNQ,MAINPURI,8
MNR,MAKKHANPUR,8
MNS,MANSHAHI,8
MNSR,MANAKSAR,8
GLKN,GUGALWA KIRT,8
GLMA,GULMA,8
GLU,GULLIPADU,8
GMA,GUDIMETTA HA,8
SGAM,SARAIGRAM,8
VVN,VIKRAVANDI,8
NKBR,NARKATIA BAZ,8
BAMA,BIRAMBAD,8
RMF,RAMNA,8
GNPR,GUNUPUR,8
GNZ,GAHNDRAN HAL,8
GOA,GOHAD ROAD H,8
TTB,TITABAR,8
TTI,TURTIPAR F,8
VGE,VALAPPADI GA,8
MOL,MOLIROAD,8
JPZ,JOGIGHOPA,8
JRA,JARAIKELA,8
VT,VELLORE TOWN,8
APH,ANUPGARH,8
APN,AYODHYAPATTI,8
VZPH,VAZEER PUR,8
CNPR,CHAINPUR,8
COB,COOCH BEHAR,8
COO,CHHOTI ODAI,8
SUBR,SUBHAGPUR,8
SUI,SUI,8
SUJ,SARJU,8
KUG,KUSUGAL,8
SEU,SENDRA,8
MPI,MELPATTI,8
MPLM,MURTHIPALAYA,8
NJA,NAGJUA FS,8
BJG,BAJRANJGARH,8
BJKN,BAJEKHAN HAL,8
SGA,SHERGARH,8
GMI,GOND UMRI,8
NLH,NAULTHA,8
GRF,GAMBHIR ROAD,8
BJY,BANGALBAREE,8
BKHR,BAKHRI,8
TRVZ,TIRUVIZHA,8
BJQ,BAGHORA,8
MPG,MANPUR NAGAR,8
SDZ,SINDHAR,8
SEQ,SEKHA,8
AUR,ATRAULI ROAD,8
AT,ASNOTI,8
SVQ,SIVOK,8
CHNR,CHHAN ARORIA,8
SWD,SANAWAD,8
SWE,SIWAITH,8
KYNT,KALYANKOT  H,8
PLA,PALIA,8
GRKN,GORAKHNATH,8
GRMA,GHORMARA,8
GRMP,GANGARAMPUR,8
MQW,MALLAN NAGAR,8
MQX,MERALGRAM,8
TUR,TURKI,8
JMG,JAMGA,8
JMIR,JAMIRA HALT,8
JMK,JAMUNAMUKH,8
JMQ,JAMIRGHATA,8
JNKR,JANAKINAGAR,8
RMP,RAHIMATPUR,8
RMSR,RAMSINGHPUR,8
GPX,GAUTAMPURA R,8
RNBD,RANA BORDI,8
RNBT,RAHEN BATA,8
TYT,TIRUNELVELI,8
NID,NIDUR,8
RNT,RANTHAMBHOR,8
RNW,RENWAL,8
GTP,GHATPURI,8
RNJ,RUNIJA,8
JKT,JEKOT,8
JITE,JITE,8
JJN,JHUNJUNU,8
GPC,GHATPINDRAI,8
JLW,JHALWARA,8
MPUR,NEW MADANPUR,8
BIWK,BISLAWASKALA,8
BIGA,BIGGA,8
AGL,AMARGOL,8
SDHA,SIDHARI (HAL,8
KTYR,KOTTAIYUR,8
STNR,SITALNAGAR,8
STPT,SITAMPET HAL,8
SUX,SUDIYUR,8
SUZ,SUBANSIRI,8
CLD,CHALSA,8
BIJR,BIJOOR,8
BILP,BHILUPUR,8
UAM,UDHAGAMANDAL,8
UCP,UCHIPPULI,8
UDKN,UDAYPUR KHUR,8
MSDG,MHASOBA DONG,8
TUD,TALODI,8
TWI,TOTEWAHI HAL,8
TWV,THUWAVI,8
TYM,TIRUMAIYAM,8
BHA,BHANDAI,8
MSR,MASUR,8
BIQ,BANSI PAHARP,8
BHRH,BHUYAR,8
MRPL,MARAM PALLI,8
MRTY,MURTI HALT,8
MRDP,MURADPUR (HA,8
KUHI,KUHI,8
KUI,KULALI,8
CPQ,CHAPRAKATA,8
STE,SAGARAKATTE,8
CNPA,CHENNRAYAPAT,8
CKG,CHOWKA GHAT,8
CHWT,CHAPRAWAT HA,8
KWC,KUNDWA CHAIN,8
KWD,KARWANDIYA,8
ANF,ANANTAPURAM,8
VTV,VALANTARAVAI,8
GUP,GAURIPUR,8
GTLM,GOTLAM,8
GTM,GHATAMPUR,8
MSDL,MAHISADAL,8
JGP,JALALPUR,8
JHG,JHINGURA,8
GUK,GUNTAKODURU,8
SCV,SUKHCHAIN,8
SDAM,SUNDHIA MAU,8
SDD,SINDHAVADER,8
JJW,JOJWA,8
NGTN,NAGOTHANE,8
NGW,NAUGANWAN,8
NGWN,NOGANWAN,8
CKN,CHINTA KANI,8
CKSR,CHAKSAFAURA,8
KWP,KHATIPURA,8
KVL,KIZHVELUR,8
VTG,BHETAGURI,8
HBL,HOMBAL,8
GW,GIRWAR,8
JGE,JAGANNATH TE,8
NGLT,NAGLA TULA,8
JFD,JIADHAL,8
GTU,GHATNANDUR,8
GSI,GHOSI,8
GSRM,GAURI SHRI R,8
JHT,JUNETA,8
JIA,JIGNA,8
JIL,JALILA ROAD,8
BHMA,BAGHMARA HAL,8
BHME,BHANDARIDAH,8
UDT,UDUMALAIPPET,8
NGE,NAGAR,8
MTA,MATHELA,8
MTBG,MATHIA BARGH,8
MTE,METTUR,8
GWSB,GOINDWAL SAH,8
CLDB,CHANDLODIYA(,8
KUQ,KURETHA,8
SVG,SAWALGI,8
KYBR,KHAIRATIYA B,8
PIO,PILOL,8
PIS,PISKA FS,8
AWH,ALEWAHI,8
VMP,VALLAMPADUGA,8
BGTN,BHAGTANWALA,8
BGND,BOGINADI,8
MTGE,MUTHANI,8
MTH,MATAUNDH,8
MSN,MURSAN,8
BHJ,BARHAJ BAZAR,8
UKD,ULINDAKONDA,8
UKR,UDALKACHHAR,8
BGNR,B G NAGAR,8
JBU,JABUGAM,8
AMLP,AMALPUR,8
BGQ,BHONGAON,8
MTO,MAITHA,8
VEL,VELLANUR,8
NDZ,NIDIGALU,8
ROL,RAJOLI,8
ULM,URLAM,8
VEK,VELLARAKKAD,8
MVC,MAVINKERE,8
MTPR,RAI MAIHATPU,8
MTWN,MITEWANI PH,8
BGRM,BIGGABAS RAM,8
RRGA,RANGAREDDIGU,8
RRI,RAHURI,8
RRME,RANCHI ROAD,8
HDM,HIRDAMALI,8
HBS,HEBSUR,8
GZM,GOUR MALDA,8
GZS,GIANI ZAIL S,8
HAH,HOSA AGRAHAR,8
RPSC,Rudrapur Sid,8
BGSF,BISUGIR SHAR,8
ITKY,ITKY PH,8
AED,AULENDA,8
AEL,ATELI,8
VELI,VELI H.,8
VEN,VERNA,8
BFQ,BENDI,8
BGD,BARA GUDHA,8
ACPR,ARCHIPATHAR,8
ITRN,ITWARI JN.,8
JAC,JALSU,8
JACN,JALSU NANAK,8
SB,SARAI BHOPAT,8
SBL,SABALGARH,8
SBNR,SRI VIJAINAG,8
JAMA,JAMA,8
RR,RICHHA ROAD,8
SBGA,SHRAVANABELA,8
SBGN,SISIBORGAON,8
SBHR,SUBRAHMANYA,8
HGJ,HARDUAGANJ,8
HGR,HIMGIR,8
HHG,HEHEGARA HAL,8
ADVI,ADAVALI,8
ADX,ADAPUR,8
IRP,IRAVIPURAM H,8
ISA,ISARDA,8
HDWL,HARDORAWAL,8
HEI,HEGGERE,8
HDA,HIRNODA,8
RSA,RISAMA,8
ISH,ISARWARA,8
ITE,INTIYATHOK,8
MWG,MINDALA,8
MWJ,MADWAS GRAM,8
MWY,MAILARAM,8
HM,HADMATIYA,8
HMK,HINDUMALKOTE,8
HML,HELEM,8
IB,IB,8
IDJ,IDALHOND H,8
IGL,IRINGAL HALT,8
HYA,HADIAYA,8
HYL,HADYAL,8
VGA,VEPAGUNTA,8
NDN,NARDANA,8
BEO,BIROHE,8
BEP,BHEERPUR,8
IKR,IKLEHRA,8
ANA,ASLANA,8
URR,UMRED,8
USRA,USRA,8
NAW,NAWANDGI,8
ADHL,ADIHALLI,8
ADQ,ADHIKARI,8
SAJH,SAHJHA HALT,8
HZN,HAZRATNAGAR,8
HZR,HAFIZPUR,8
HVM,HAMSAVARAM,8
SAK,SANKHEDA BAH,8
MXL,MOKHOLI,8
MXZ,MOHDARA HALT,8
BFD,BORHAT,8
BFF,BARABHATI,8
UND,UNCHDIH,8
BDE,BODELI,8
NCH,NAKACHARI,8
BDGP,BADANAGUPPE,8
BDBA,BADABANDHA R,8
MYL,MALLIYALA,8
MYO,MORIDHAL,8
HRPG,HARPALGANJ,8
HSB,HASANBAZAR H,8
HSDA,HANSDIHA,8
AVK,ARAVANKADU,8
PKPU,PEDDAKURA PA,8
CMX,CHAMAGRAM,8
CMZ,CHALAMA,8
STZ,SATRAON F,8
KVE,KAVALANDE,8
BBL,BALRAI,8
BBN,BARBIL,8
SAC,SANICHARA,8
ANP,ANANDATANDAV,8
RVS,RAVANASAMUDR,8
YL,YEOLA,8
PJK,PANJ-KOSI,8
CLN,KOLLIDAM,8
CMC,CHEMANCHERI,8
HRG,HIRDAGARH,8
AAP,AMBIAPUR,8
AAS,ASARANADA,8
YLK,YELLAKARU,8
YNG,YENUGONDA HA,8
ZPL,ZANGALAPALLE,8
MZB,MAHULI HALT,8
VAY,VAYALAR,8
VPU,VELPURU HALT,7
MDVE,MAHENDRAVADI,7
ATH,ANTAH,7
AUNG,AUNG,7
MFH,MAHRAULI,7
BHCL,BAHORA CHAND,7
LAE,LAKHOLI,7
ABD,AMBLI ROAD,7
TGP,TULJAPUR,7
VNJ,VANJIPALAIYA,7
YAG,YAQUTGANJ (H,7
CHA,CHAWAPAIL,7
RJAP,RAJAPUR HALT,7
PCV,PALAKKODU,7
BTVA,BATUVA. P.H.,7
BUGL,BUGLANWALI,7
SVUR,SEVUR,7
UTP,UTRI PURA,7
USD,UKAI SONGHAD,7
JRKN,JORKIAN,7
JPP,JALALPUR-PAN,7
BDPL,BANDARUPALLE,7
CE,CHHARODI,7
JRKT,JADARAMA KUN,7
RKJE,RAKHITPUR,7
SWX,SAIDANWALA,7
MRTL,MIRTHAL,7
CHM,CHALTHAN,7
MGPA,MUNDA GOPAL,7
NLI,NAMLI,7
MLKP,MALIKPUR (HA,7
MHBA,MATHABHANGA,7
MSHW,MUSHARWA   H,7
SSL,SIRSAUL,7
MDPB,MADHOPUR PUN,7
NGS,NAGANSUR,7
NGMP,NEW GARH MAD,7
TLAM,TULSI ASHRAR,7
BDSW,BUDHSINGHWAL,7
VZ,VIJAYAMANGAL,7
BNPT,BENIPATTI PI,7
BNP,BHANAPUR,7
NDKR,NANDHAKUMARP,7
MAV,MARIAMMN KOV,7
SYA,SALAIA,7
TMPT,TIRUMALAIRAY,7
MLGT,MALLAPA GATE,7
SUU,SULUR ROAD,7
BRG,BARGARH,7
CGKR,CHANDAGIRI K,7
BRMI,BRAHMANI,7
PDPK,PADMAPUKUR,7
MNMU,MANI MAU,7
BKTS,BAKHOTI KHAS,7
APE,ANDANAPETTAI,7
BYY,BYREE,7
AOR,ARGORA  PH,7
MNGR,MOHAN NAGAR,7
STVA,SATYAVADA HA,7
LKSH,LAKSHMINARAY,7
BAV,BARUVA,7
BRTG,BARITHEN GAR,7
CRAE,CHERAGRAM BH,7
BVM,BAYYAVARAM,7
TPM,TOTIYAPALAIY,7
CPD,CHINCHPADA,7
TMC,TALAMANCHI,7
TLT,TILATI,7
BOT,BOROTI,7
BBD,BABLAD,7
LMO,LILIYA MOTA,7
CYI,CHHAYAPURI,7
SULH,SULHANI,7
BBPR,BABUPUR (HAL,7
CBR,CHAUBEPUR,7
VRB,VISHRAMBAG,7
NXH,NIDAGHATTA H,7
NML,NELLIMARLA,7
ARX,ARELI (HALT),7
BCD,BANSDIH ROAD,7
MDA,MANDHANA JN,7
SUDV,SUMMA DEVI,7
ASH,AISHBAGH,7
KXO,KUDIKADU,7
KVTA,KARUVATTA H.,7
DDK,DHINDSA,7
KUX,KHIRASDOH JN,7
PKZ,PIPLI PAKHI,7
SNZ,SHERGANJ (HA,7
SNL,SANAHWAL,7
DOC,DAUN KALAN,7
PMH,PARAO MAHNA,7
SMT,SALAMATPUR,7
DSPN,DESHAPRAN PH,7
SLRD,SURLA ROAD,7
DUO,DHAURSALAR H,7
KRKD,KARAKAD,7
PO,PARANGIPPETT,7
SKLP,SHANKERPUR,7
SKK,SIKKAL,7
DZL,DHANA LADANP,7
FGH,FATEHGARH HA,7
KOTT,KOTTUR HALT,7
FNO,FUNGO HALT,7
FSW,FATEH SINGHW,7
SJDR,SRI JHADESHW,7
SIPR,SIHAPAR (HAL,7
KOLA,KOTLA,7
SILO,SILAO,7
KON,KUDALNAGAR,7
GDN,GANGAIKONDAN,7
GDGN,GAUDGAON,7
KNKT,KANKOT,7
SHNG,SHIVNAGAR,7
PRKE,PURWA KHERA,7
SGRP,SINGHIRAMPUR,7
GIN,GINIGERA,7
GKX,GHAL KALAN,7
GNW,GANGIWARA,7
GOP,GOP JAM,7
GTA,GOLANTHRA,7
GTST,GAUTAM STHAN,7
GWP,GANGWA PUR (,7
KJNC,KANNAUJ CITY,7
HDD,HADDINGAUNDU,7
KHNP,KHANAPUR,7
KID,KHAIRAR JN.,7
KHU,KHURHAND,7
HDS,HARIDAS PUR,7
HHD,HUNSIHADGIL,7
HLW,HIRNAWALI,7
KHDP,KHUDLAPUR F,7
SANK,SANK,7
PY,PERUNDURAI,7
HP,HARIPUR,7
HRNG,HARPUR NAG,7
IGR,INGUR,7
KDJ,KHUDAGANJ,7
RSWN,RAMESHWAR NA,7
IRN,IRGAON P.H.,7
KBH,KHANDBARA,7
JEN,JENAPUR,7
JDA,JASODA,7
REI,RITHI,7
JGWL,JAGJVAN HALT,7
JHJ,JHEJHAR,7
JKA,JAKHVADA,7
KAH,KALHAR,7
KAA,KAURARA,7
JPI,JHADUPUDI,7
AHL,AJHARAIL,7
AJJN,ARAKKONAM NO,7
AKZ,AKASHI  PH,7
MSS,MASARAHALLI,6
MSRP,MURHESI RAMP,6
MTB,MATLABPUR,6
MSWA,MASANIWALA,6
AWP,AGHWANPUR,6
AWL,ALAWAL PUR,6
AVRD,ARAVALI ROAD,6
VLG,VALI GONDA,6
AYU,ABHAYAPURI A,6
AYR,AYYALUR,6
AXR,ALLURUROAD,6
AXK,ASOKHAR,6
AXA,AMARSAR,6
VL,VILAD,6
MRSH,MORSHI,6
MROA,MORA,6
NHLN,NAHARLAGUN,6
NGZ,SHRI-KSHETRA,6
NGTG,NEW GITALDAH,6
MSDR,MURSHADPUR,6
MRZA,MIRZA,6
VKP,VARAKALPATTU,6
VKM,VENKATESHAPU,6
BAGD,BAGWADA,6
BAGA,BHAGEGA,6
BADR,BHADER,6
BAD,BAAD,6
BAC,BARGACHIA,6
BAHP,BAND HAMIRPU,6
BAHN,BABHAN GAON,6
NIP,NIZAMPUR,6
NIN,NIMKANA,6
NHX,NARTHAR (HAL,6
MRHA,MURAHARA,6
MRG,MARGHERITA,6
MRV,MARSUL,6
BAH,BHABHAR,6
VJP,VIJAYPUR,6
VHGN,WIHIRGAON,6
BAPN,BARAIPURA  H,6
BASN,ADRA,6
BARI,BARI,6
MPNH,MAJNUPUR NAW,6
MPLI,MINNAMPALLI,6
MPH,MUNDHA PANDE,6
VER,VELLUR HALT,6
BBJ,BABAGANJ HAL,6
BBGN,BARUA BAMUNG,6
VEER,VEER,6
VDP,VADIPPATTI,6
BBTR,BARBATPUR,6
BBPM,BALABHADRAPU,6
BBO,BABUGARH,6
BBKR,BABA BAKALA,6
NKN,NYOLIKALAN,6
MORA,MORAIYA,6
MOPR,MOHANPURA HA,6
NKDO,NAKKANADODDI,6
NJN,NAOJAN,6
BBY,BHADROLI HAL,6
VD,VADADIYA,6
VBR,VAMBORI,6
BDKN,BANDHUA KALA,6
BDHY,BUDHI,6
BDHN,BODHAN,6
BDHL,BADHAL,6
BDPK,BURHA PANKA,6
BDPG,BADA PADAGAO,6
BDMA,BUDHMA,6
NLKT,NALKATA,6
MOP,MOHITNAGAR,6
MONR,MOHANUR,6
MOMU,MOLAKALMURU,6
MOI,MORI BERA,6
NLBR,NILAMBAZAR,6
BEDM,BEDHAM,6
BEK,BUNDKI,6
BEHT,BIHAT HALT,6
BEHJ,BEHAJ,6
UMNF,AMBLIYASAN J,6
BFP,BILOCHPURA (,6
BFJ,BHORAS BUDRU,6
UMED,UMED,6
NMGY,NUMALIGARH R,6
NMGT,NIMSHIRGAON,6
NMG,NIMIAGHAT,6
MNHA,MINDHA,6
MNH,MUNSIRHAT PH,6
MOA,MANOPAD,6
MNX,MANGANALLUR,6
UM,UMERDASHI,6
BGN,BORGAON,6
BGHI,BAGAHAI ROAD,6
BGRR,BAGARPUR HAL,6
BGPA,BAGESHPURA,6
BGNP,BANAGALAPALL,6
UKE,UTTARKATHANI,6
MLSU,MALSAILU HAL,6
NNE,NONERA,6
NMN,NAMANASAMUDR,6
MMP,MAMBALAPPATT,6
MNDA,MANDURA,6
MMY,MARWAR MATHA,6
BHAW,BLOCK HUT(A),6
BGY,BANGRIPOSI,6
BGUA,BAIGUDA,6
BHK,BADHARI KALA,6
UGN,UGAON,6
UDS,UDASAR,6
UDM,UNDASA MADHA,6
BHM,BAHRAM,6
BHKL,BHAKRAULI,6
UCH,UNCHAULIA,6
UCB,UNCHI BASSI,6
NOA,NOSARIA  HAL,6
MLR,MALKHED,6
MLQ,MALKERA JN,6
MLMG,MALLEMADUGU,6
MLKA,MALUKA,6
MLYR,MELNARIYAPPA,6
UBN,UBARNI,6
BHU,BHANDU MOTI,6
BHTS,BHATASA (HAL,6
BHTL,BHATEL,6
UA,UPLETA,6
NPK,N.PANAKUDI,6
MKSP,MUKHASA PARU,6
MLDE,MADLAUDA,6
MLC,MALKISAR,6
TZR,TURKI,6
BIML,BHIMAL,6
BILA,BHESLANA,6
BIS,BISWA BRIDGE,6
BIRL,BIRAUL,6
BINR,BRIJ NAGAR,6
TVS,TALAIVASAL,6
TVN,TIRUPPUVANAM,6
TVI,TARADEVI,6
TUY,THIRUTHURAIY,6
TUX,TUNIA,6
BJL,BRAHMAJAN,6
BJI,BIJAULI,6
BJA,BIJROTHA,6
NRGR,NARANJIPUR,6
NPX,NARINDARPURA,6
NPW,NIPANI VADGA,6
NPT,NARASINGANPE,6
MKLI,MAKRAULI,6
MKDI,MAKUDI,6
NPR,NEPALGANJ RO,6
NPM,NELLIKUPPAM,6
BIZ,BAIHATA,6
TUNG,TUNG,6
TUJ,TANIJAN,6
BJUD,BAJUD,6
BJRA,BHAJERA,6
BKIT,BINDADKATTI,6
BKDE,BUDHA KHERA,6
MINA,MIYANA,6
MJH,MAJU (PH),6
MJE,MUJNAI,6
MKD,MARKUNDI,6
MJZ,MAJHOLA PAKA,6
TSAH,TATASIGUA,6
BKNM,BANKRA NAYAB,6
BKNA,BAKAINA HALT,6
BKLA,BAKULHA,6
BKKS,BAKKAS,6
TRG,TARIGHAT,6
BKWA,BAKAYANWALA,6
NRY,NYORIYA HUSE,6
MIH,MIHRAWAN,6
MIA,MANIA,6
MHUR,MOHANPUR,6
MHUL,MAHUWALA HAL,6
NRR,NAGARUR,6
NRNR,NURNAGAR  HA,6
BKTW,BAIKUNTH WES,6
BLC,BOLDA,6
BLMK,BHALUMASKA,6
BLSN,BELSONDA,6
BLSD,BALSAMAND,6
BLX,BOLAI,6
TPPI,THIPPARTHI,6
TPK,TIPKAI,6
TPG,TIPLING,6
BMKJ,BHIMKHOJ,6
BMKD,BELLAM KONDA,6
BMK,BIRANG KHERA,6
BMZ,BAMOUR GAON,6
MGWD,MAHANGARWAL,6
NSS,NAWASHAHR DO,6
NSRH,NIZ-SARIHA,6
MHLN,MAHENDRALALN,6
MHF,MOHARI,6
MHDB,MAHADIA PH,6
TPC,TIRUPPACHETT,6
TPB,TRILOKPUR (H,6
TOK,THOKUR,6
BNJL,BINJHOL,6
BNI,BUDNI,6
BNHR,BANBIHARI -,6
BNGY,BABHANJYOTIY,6
NUB,NURABAD,6
NUA,NUA,6
NTZ,NATHWANA,6
NTWL,NETAWAL,6
MHAD,MOHADI PRAGA,6
BNGL,BHANGALA,6
TNI,TANDARAI,6
BNM,BARAGAON,6
TMT,TIMTALA,6
TMPM,TIMMAPURAM H,6
BOKO,BOKO,6
BOK,BORKHEDI,6
MEQ,MALETHU KANA,6
NWB,NIWAS ROAD,6
NVLN,NAVALGOAN,6
NVF,NAGAVANGALA,6
MGKM,MANGIAKAMI,6
MGD,MUGAD,6
MGB,MUDIGUBBA,6
MFQ,MAHROI,6
NVC,NAGALWANCHA,6
BPRA,BARIPURA,6
BPKA,BHOPALKA,6
TLS,BETTAHALASUR,6
NXR,NAGSAR HALT,6
MELH,MELUSAR,6
MEE,METHAI F,6
MFC,MONABARI,6
MES,MADURAI EAST,6
TLNR,TALANALLUR,6
TLN,TALNI,6
TLMR,TELIAMURA,6
BQQ,BAKHLETA,6
BPW,BURHPURA,6
OBM,OBLAPURAM,6
MDLE,MANDAR HILL,6
MDG,MANDALGHAT,6
MDPD,MANDA PADU,6
TKYR,TIKARIYA,6
BQZ,BALLALPURE,6
BRGL,BURGULA HALT,6
TKRP,TIKAULI RAWA,6
BRLA,BARAYLA CHAU,6
BRKB,BHARAT KHAND,6
TKMY,TAKLIMIYA HA,6
TKI,TAKLI,6
ODC,ODDANCHATRAM,6
MCLA,MACHERLA,6
MCF,MANIK CHAURI,6
MBV,MIRZAPUR BAC,6
MBU,MELPATTAMBAK,6
MBSK,MARWAR- BALI,6
MDC,MAKARDAHA,6
TKB,TUPKADIH,6
TJP,TAJPUR,6
TJM,TURINJAPURAM,6
TIW,TIVARI,6
BSA,BHAINSA,6
BRYC,BAREILLY CAN,6
BRVR,BORVIHIR,6
BRUD,BARUD,6
BSKO,BANSKHO,6
BSJ,BHUPAL SAGAR,6
BSI,BASBARI,6
ORDI,ORDI,6
MASK,MAISAR KHANA,6
MANU,MANU,6
ODHA,ODHA,6
TIM,TIMMANACHERL,6
THY,THADI,6
BSQ,BARSI TAKLI,6
BSPX,BANSPANI,6
THW,THARWAI,6
BSWA,BAISWARA,6
BSW,BANESWAR,6
OV,OTTIVAKKAM,6
OTK,OTTAKOVIL,6
OTD,OOTWARD,6
ORW,ORWARA,6
ORKI,ORKI HALT,6
MANA,MANA,6
BTGH,BETTADANAGEN,6
BTO,BHITAURA,6
BUDA,BHUDA,6
TFGN,TUFANGANJ,6
TELY,TELIA,6
BUX,BHANDAK,6
BUU,BHADANPUR,6
BUTA,BHADUTOLA PH,6
PAIL,BLOCK HUT 'C,6
MAHO,MAHOLI,6
MADA,MAONDA,6
BUL,BHALULATA,6
TEK,TEKKALI,6
TEG,TRIBEDIGANJ,6
BVNR,BHAVANI NAGA,6
BWIP,BHAWANIPATNA,6
BWD,BELVANDI,6
BWB,BAGWALI,6
BW,BIWAI,6
BVZ,NALOI BARWA,6
BVV,BEDETTI,6
BWPB,BHAWANIPUR B,6
BXHT,BOXIRHAT,6
BXB,BANGA,6
TBL,TARCHHERA BA,6
PASG,PANISAGAR,6
PAQ,PADIYA NAGLA,6
MABB,MABBI HALT,6
MAA,MAVAL,6
LYD,LAYABAD,6
LXA,LAKWA,6
BYHA,BARYA RAM,6
BXT,BAMANHAT,6
CAJ,CHAKRAJ MAL,6
CBJ,CLUTTERBUCKG,6
CBH,CHAUBE,6
CATD,CHATAUD,6
CATA,CHHATA-ASCHA,6
TABU,TALABURU,6
CBT,CHAR BATIA,6
PBD,PEDDA BRAHMA,6
LSE,LASERI  HALT,6
PATA,PATA,6
SYW,SINDURWA,6
CCK,CHICHAKI,6
CDRL,CHHANDRAULI,6
CDK,CHANDKHEDA R,6
SYK,SAIDKHANPUR,6
SXR,SERNDANUR,6
CGH,CHOLANG,6
CHBS,CHAUBISI,6
PCC,PRACHI ROAD,6
LOA,LORHA,6
LO,LOLIYA,6
LPJL,JAGITYAL,6
LPH,LOTAPAHAR,6
LOT,LOHTA,6
LOHA,LOHA   HALT,6
SXE,SILA KHERI,6
SXB,SAMBRE,6
CHLR,CHHALESAR,6
CHKE,CHALLAKERE,6
PCMK,PACHAR MALIK,6
LLGM,LELIGUMMA,6
LKNR,LAKHPAT NAGA,6
SWF,SATHIN ROAD,6
SWDE,SIWAHA,6
SWAR,SEWAR,6
SVX,SAVARDA,6
SVW,SHIVNISHIVAP,6
CHPT,CHATRAPPATTI,6
SVT,SHIVPURA,6
SVO,SANVRAD,6
CIT,CHITALI,6
SVB,SAVNI,6
CLC,CHALALA,6
CKYD,CHAKRA ROAD,6
PDNR,PADNUR H,6
PDNA,PEDDADINNE H,6
PDKM,PEDDANAYAKKA,6
PDGN,PADHEGAON,6
CKV,CHERUKUVADA,6
SURP,SURATPURA JN,6
SUNM,SUNMAI HALT,6
SUM,SUMMIT,6
CMA,CINNAMARA,6
CLKN,CHUCHELA KAL,6
CMR,CHAMROLA,6
CNPI,CHANDANPAHAR,6
PDPH,PADAPAHAR,6
PDO,POODOOR,6
LGCE,LAGARGAWAN,6
LIN,LINGAM GUNTL,6
LHNR,LAKSHMANPUR,6
LHD,LOHOGAD,6
STRK,SITAPUR KUTC,6
CNR,CHANDAR,6
STDR,SATADHAR,6
SSZ,SADDA SINGHW,6
CQS,CAPPER QUARR,6
CQL,CHIRAKKAL HA,6
PEC,PENCHARTHAL,6
LBN,LABAN,6
LBW,LAIBURWA HAL,6
CRX,CARRON,6
CRV,CHUREB,6
SSPR,SADASHIBAPUR,6
CTHR,CHITAHARA,6
CTW,CHHINTANWALA,6
CTT,CHITRASANI,6
CTRD,CHITRAWAD,6
CWI,CHONDI,6
CVV,CHERUVU MADH,6
CVD,CHAVADIPALAY,6
DAE,DAHEGAON,6
CXA,CHANDSARA HA,6
PGG,PENGANGA,6
KYY,KARIHA HALT,6
KYX,KARHIYA BHAD,6
KZX,KHUDDA KORAL,6
KZW,KATAR SINGH,6
PEU,PERASHSHANNU,6
PETA,PANDETOLA,6
SRVT,SIRUVATTUR H,6
SRVN,SRAVANUR,6
SRSI,SARSI,6
SRRG,SURER,6
DARI,DHARI,6
DBN,DHABLAN,6
DBM,DABOLIM H,6
DBLA,DABLA,6
DBI,DABLI RATHAN,6
PH,PANOH,6
ACH,ACHAL GANJ,6
KXM,KITHAM,6
KXK,KHARKHAUDA,6
KXI,KURUMURTHI,6
KXG,KHARIA KHANG,6
KXF,KAMPIL ROAD,6
KXX,KATA ROAD,6
SRPJ,SWARUPGANJ,6
SRMR,SRIRAMPURAM,6
SRL,SAROLA,6
DBW,DUBIA,6
DCP,DAL CHAPRA F,6
PHY,PHARIHA,6
KW,KHERVADI,6
JSPR,JASHAPUR,6
PHM,PATAPATNAM,6
SRJK,SURAJKUNDA,6
DDNA,DUDHAUNDA (H,6
NB,NIMBHORA,6
DEV,DEVARAYI,6
DELO,DEORAKOT,6
DEEG,DEEG,6
SRDR,SARDARSAHAR,6
SRBG,SAROBAG,6
SQQ,SALAGAON,6
SQJ,SAILA KHURD,6
DGD,DANGIDAHAR,6
DGB,DANDU GOPALA,6
DGW,DHIGAWARA,6
DGJ,DUNGAR ROAD,6
PJY,PARJANI  HAL,6
KVGM,KOLVAGRAM,6
ABGT,ARABAGATTA,6
PIH,PARIHARA,6
SPY,SARSONPURI,6
SPX,SAPATGRAM,6
SPV,SIVAPUR,6
DHL,DEVANHALLI,6
DHI,DHULE,6
DHRN,DHURANA,6
DHRJ,DHIRGANJ,6
DIBL,DHOLI (BHAL),6
DHWN,DANIYAWAN FL,6
PKDE,PILU KHERA,6
PKBS,PEEPLEE - KA,6
KURO,KORARI,6
KURN,KHUKRANA HAL,6
KUND,KUND,6
KUM,KURAM,6
KULH,KULHA HALT,6
DJX,DUNGRIPALI,6
DJR,DOMJUR,6
DJL,DODJALA,6
DJD,DIDARGANJ RO,6
SOL,SOLAN,6
DKLU,DOLKALLU,6
DKB,DAKSHINBARI,6
DLA,DAULTA,6
DKU,DUMRIKHURD,6
DKRA,DHUANKHEDI,6
SOB,SILANIBARI,6
YDV,YADVENDRANAG,6
PKRD,PAKARIYA ROA,6
KTWS,KATHUWAS,6
KTRR,KATHARA ROAD,6
KTRK,KUTURUKHAMAR,6
KUGT,KUMARGHAT,6
AAH,ITEHAR,6
SNVR,SANVATSAR,6
DLP,DALPATPUR,6
DLC,DULMERA,6
DMJR,DOMJUR ROAD,6
DMBR,DUMRI BIHAR,6
SNRA,SANWARA HALT,6
SNPH,SHANKAPUR HA,6
SNMY,SINDRI MARSH,6
AAR,ADESAR,6
SNKX,SANKRA   HAL,6
SNKG,SANKARA GUMM,6
DMRT,DUMMURIPUT,6
DMPR,DHARAMPUR  H,6
DML,DHARAMTUL,6
DNI,DANSI PH,6
PLH,PARLAKIMIDI,6
KTHL,KATHOLA (HAL,6
KTHA,KHUTHA,6
KTPK,KOTHA PAKKI,6
KTP,KATEPURNA,6
KTNR,KIRTYANAND N,6
DNEA,DANEA,6
DNE,DHAMNI HALT,6
DNDL,DANDI MAL,6
DN,DHANARI,6
SNDT,SINDRI TOWN,6
SNDI,SENDURAI,6
PMB,PULLAMBADI,6
PLW,PINGLESHWAR,6
PLU,PATAKOTTACHE,6
KTGM,KAYASTHAGRAM,6
KTGA,KEUTIGUA,6
KTF,KOT FATEH,6
KTA,KUSHTALA,6
SNCA,SINGRA,6
SNB,SATNAUR BADE,6
SMV,SUMAOLI,6
AGA,AGRA CITY,6
DOY,DORNAHALLI,6
PMT,PULLAMPET,6
PMO,PANDOLI,6
PMN,PAMAN,6
KSDE,KARSINDHU HA,6
KSWR,KALMESHWAR,6
KSTH,KASHTI,6
KSR,KASTURI (HAL,6
PMKT,PIMPALKHUTI,6
YDP,YEDAPALLI  H,6
YAD,YEULKHED,6
SMRL,SAMARALA,6
SMPA,SHYAMPURA,6
SMND,SARMATANR,6
DQL,DHALAIBI,6
DPUR,DEPUR PH,6
DPRA,DHUPDHARA,6
PNGR,PINGORA,6
PNGI,PANANGUDI,6
PNDP,PANDILLAPALL,6
KSBI,KASHIABARI,6
KRX,KURUD,6
PNB,PANBARI,6
DRB,DEBARI,6
DRWN,DEROWAN PH,6
DRW,DHAREWADA,6
JTO,JUTOGH,6
DTW,DATEWAS,6
DTR,DHAMTARI,6
DTF,DANTIA,6
SLTH,SILLAKKUDI,6
SLRP,SALARPUR,6
JSV,JARANDESHWAR,6
SLR,SALOGRA,6
SLOR,SELOO ROAD,6
JSS,JASIA  HALT,6
DUM,DHAURMUI JAG,6
PNSD,PANGARSHINDE,6
KRLS,KURLASI,6
KRKN,KARKEND PH,6
RLO,RAYALCHERUVU,6
KRJD,KARJODA,6
KRNH,KORNAHALLI,6
PNI,PURAINI,6
DTX,DANGTAL,6
SLM,SOMALAPURAM,6
DUS,DULRASAR,6
DWG,DEWANGANJ,6
DWA,DAILWARA,6
SKVL,SANKAVAL,6
DXR,DIGSAR,6
PORA,PORA,6
POM,PUNTHOTTAM,6
POK,POKARAN,6
RKX,RUKHI HALT,6
KRI,KHAPRI,6
KRC,KIRODA,6
SKPI,SIKRIPAI,6
SKNR,SHAKARNAGAR,6
SKLR,SAKLESHPUR,6
RKS,SARAI RANI,6
JPO,JORA ALAPUR,6
EDN,EDAMANN,6
JRNA,JIRINIA,6
EKL,EKDIL,6
SKAP,SKPARA,6
ETUE,ETMADPUR,6
RJS,RAJIYASAR,6
FAR,FARAH,6
JSRD,JHANKAD SARA,6
PPEA,PAPARERA,6
KPO,KARANPURA,6
KPRR,KOTAPAR ROAD,6
KQS,KAILARAS,6
SJKL,SURJAKAMAL,6
FRDH,FARIDAHA,6
NBT,NAYA BHAGIRA,6
FLM,FALIMARI,6
MWE,MEWA NAWADA,6
SJER,SANJARPUR (H,6
NCA,NIZCHATIA,6
SIY,SIRRI,6
SISN,SISAUNA,6
NBX,NIZBARGANJ,6
SIPA,SINGHPOKHARI,6
SIM,SHRI AMIRGAD,6
MXW,MAHADEVASAL,6
PPTN,PIPRITHAN,6
PPNS,PAPPINISSERI,6
PPLI,PIPLI,6
PPLC,PIMPLA CHAUR,6
MXP,MALUPOTA,6
SIKD,SIKRODA KWAN,6
SIF,SIRLI,6
GATD,GAUTAMDHARA,6
GAO,GAIGAON,6
GCH,GACHHIPURA,6
KNSR,KANASAR,6
KNRG,KANHARGAON N,6
KOHR,KOHIR(DECCAN,6
KODN,KODUMUNDA HA,6
KORI,KHORI,6
KONY,KISONI,6
KONN,KONNUR HALT,6
KONA,KONA PH,6
WDL,WANDAL,6
SHZ,SUMMER HILL,6
SHX,SHUKARULLAHP,6
SHW,SAMHON,6
GDO,GOVERDHAN,6
WADO,WADODA,6
GDHA,GODHA,6
ALPR,ALAM PUR ROA,6
KNB,KANIYAMBADI,6
PRGA,PAHARJAGANGA,6
PRDT,Proddatur,6
ALP,ALAPPAKKAM,6
KNJJ,KANNJARA HAL,6
KNGR,KASHINAGAR P,6
KNGN,KANHEGAON,6
PPU,PIPARPUR,6
AMGA,AMJONGA,6
SHGN,SHRI GHASI N,6
GEA,GHATERA,6
GDX,GHOKSADANGA,6
GDRA,GANGADHARA,6
GDPT,GUDAPARTI,6
GEOR,GUNJARIA,6
SHF,SHIRUD,6
PRM,PIRUMADARA (,6
AMDI,AMDI,6
PRK,PARKHAM,6
KMSI,KURUSI,6
KNDL,KHANDEL,6
KNDI,KANDRORI,6
GGT,GHUNGHUTI,6
GGR,GANGRAR,6
GHNH,GHANTIKAL NI,6
VYK,VILAYAT KALA,6
SGRM,SINGARAM,6
NDPR,NANDAPUR,6
GILA,GHIALA,6
GIL,GAISAL,6
GIBP,GHOGI BARIAR,6
GKB,GHATKAVARANA,6
GJTA,GURUDIJHATIA,6
PRUR,PRITHWIRAJPU,6
KMPH,KAMALPUR HAL,6
KMNP,KISHAN-MANPU,6
KMM,KANNAMANGALA,6
KMLM,KELAMANGALAM,6
KMLI,KAMLI,6
KMKD,KHAMKHED,6
PRNT,PERIYANAGATH,6
SGBJ,SURGAON BANJ,6
GLGT,GOLAGHAT,6
MWAD,MOWAD,6
GLNA,GOLANA  HALT,6
GMU,GAURIYAMAU,6
GMG,GUMGAON,6
SFR,SAFRAI,6
SFE,SANODIYA,6
SFDE,SAFIDON,6
GNJB,GOPINATHJEW,6
GNGL,GANGAULI (HA,6
MWW,MAHWA,6
KLYN,KHILERIYAN,6
KLYH,KALLUR YEDAH,6
KLWL,KILANWALI PU,6
KMK,KOMAKHAN,6
KMHT,KARMAHAT,6
KMGH,KAMARGANJ,6
KM,KALEM,6
PRWD,PAREWADI,6
PRV,PUKKIRAVARI,6
SEW,SEHAL HALT,6
SEPR,SHERPUR,6
SEN,SENAPURA,6
GOVR,GOVINDNAGAR,6
GOT,GOT (HALT),6
GOS,GHOSRANA,6
GOPA,GHOSIPURA,6
MWT,MARWAR LOHAW,6
PST,POSOITA,6
KLKA,KOILAKUNTLA,6
KLHD,KOLHADI,6
KLH,KHEMLI,6
KLGM,KALLAGAM,6
KLSX,KAULSERI,6
KLS,KOLATUR,6
PSL,PARISAL,6
GPDE,GUDIPUDI,6
GOZ,GOLSAR,6
GOX,GOBINDPUR DU,6
GRCP,G.RAMACHANDR,6
GRAK,GARKHA F,6
PTHL,PANTIHAL PH,6
KKRL,KAKRALA HALT,6
KKNH,KARUKHIRHARN,6
KKMB,KASTLA-KASMA,6
KLAD,KALANAD HALT,6
KKTI,KUTTAKUDI,6
GRHM,GIR GADHADA,6
GSD,GHOSUNDA,6
GSB,GARNA SAHIB,6
GSA,GUAGACHHA,6
GS,GODHNESHWAR,6
GRU,GAROPARA HAL,6
SCPR,SHYAMA CHARA,6
SCPD,SUCHIPIND HA,6
PTWA,PATWARA,6
PTRE,PATARA,6
KKL,KALA BAKRA,6
KKG,KEKATUMAR,6
KKET,KAMRUP KHETR,6
AMLO,AMLO,6
GSW,GURUSAR SEHN,6
GSR,GARHSHANKAR,6
AMLI,AMLI,6
GUNS,GHUNAS HALT,6
GVH,GOVINDGARH,6
SCN,SONDHA ROAD,6
SCE,SENCHOA JN,6
GZA,GURUJALA,6
ANC,ANNECHAKANAH,6
GWO,GWALIOR (NG),6
HAR,HAMIRPUR ROA,6
HBLN,HBL NAGAR H,6
PUF,PAUTA (HALT),6
AMZ,AMTA,6
KJLU,KHARI - JHAL,6
KJL,KHUMGAON BUR,6
KJA,KHAJURHAT,6
KJ,KAJGAON,6
KJS,KRISHNARAJSA,6
PUC,PUDUCHATIRAM,6
SBIC,SABARMATI JN,6
HDGR,HADGAON ROAD,6
AMW,AMANVADI,6
HDC,HARISHDADPUR,6
HCNR,HARICHANDANP,6
HCM,HARISCHANDRA,6
HBW,HABIBWALA,6
HET,HETAMPUR,6
HEB,HEBBAL,6
HDU,HARDUA,6
ANMD,ARANGMAHANAD,6
KII,KILLE,6
KIE,KHIRIA KHURD,6
VVA,VARVALA,6
APG,ANUPGANJ,6
PUSA,PUSLA,6
APDC,ALIPUR DUAR,6
HHT,HABANGHATTA,6
APK,ARUPPUKKOTTA,6
HKL,HARKIA KHAL,6
HK,HELAK,6
APJ,AMARPUR-JORA,6
HLV,HALIYURU,6
HLP,HALDHARPUR F,6
HLKH,HALLIKHED,6
HLDD,HALDI ROAD,6
PW,PIRWA,6
KHJA,KHANJA HALT,6
KHJ,KHAJRAHA,6
KHHJ,KHATKAR KALA,6
NDT,NATHDWARA,6
KHSN,KHERA SANDHA,6
KHRI,KHARKHARI,6
KHRA,KACHERA,6
HLB,HADALA BHAL,6
SAV,SAVDA,6
SASG,SASAN GIR,6
SAO,SAGONI,6
MUGR,MANUGURU,6
HMBD,HUMNABAD,6
SANH,SANHA HALT,6
RAH,RAMGARH,6
RAGM,RAJAGAMBIRAM,6
RA,RAMPARDA,6
QXR,KUCHESAR ROA,6
MUGA,MAHUGARA,6
SAMT,SALEM MARKET,6
SAKD,SUPRAKANDI,6
SAHA,SARAHULA HAL,6
HND,HINDOL ROAD,6
HPA,HAMPAPURA,6
MVH,MANTATTI,6
SAGM,SAGMA,6
SAD,SONADA,6
RZN,RAUZAGAON,6
RYT,RAYATPURA,6
MVD,MULVAD,6
HRH,HARTHALA,6
HRE,HIRODIH,6
RYC,RAYAKOTTAI,6
RY,RAYAKA,6
RAKL,RETHORAKALAN,6
RAHA,RAHA,6
KEV,KELA DEVI,6
KGN,KURSEONG,6
KGL,KUPGAL,6
KGF,KATGHAR,6
RWJ,RAWANJNA,6
HSY,HARSINGHPUR,6
RVH,RAIPUR R-V B,6
RVG,REVELGANJ GH,6
KDHA,KARCHHA,6
RBR,RIBADA,6
KDSD,KUDSAD,6
KDZ,KANDAGHAT,6
KDX,KADABARI HAT,6
RUL,RAVLI,6
HVD,HALVAD,6
HWR,HATWAR,6
IDM,INDEMAU,6
ICG,ICHCHANGADU,6
RTZ,RATONA,6
RTK,RAMTEK,6
ILA,SILAIMAN,6
IKI,ITIKYALA,6
API,AKKARAIPPATT,6
RCG,RACHAGUNNERI,6
RCA,RENTACHIN TA,6
KDGH,KODIGEHALLI,6
KDF,KHUNDAUR,6
KDN,KUDATINI,6
VST,VIJAYSOTA,6
VRT,VRIDDHACHALA,6
ARNA,ARNIYA,6
IQG,IQBAL GADH,6
INJ,INNANJE,6
RSH,RATAN SAHAR,6
RRU,RAYARU,6
JAN,JARANGDIH,6
JALD,JALIADEWANI,6
JAL,JAWALI,6
JBX,JABRI,6
JBS,JADOLI KA BA,6
JBG,JUNG BAHADUR,6
RDV,RADHA BALAMP,6
KBSN,KASBE SUKENE,6
KBR,KABRAI,6
KBP,KUBERPUR,6
KBKN,KHABRA KALAN,6
KBI,KAMBARGANVI,6
ARN,ARAND,6
RDG,RAYA DRUG,6
ARE,ARNETHA,6
JDL,JAGDEVWALA,6
JDH,JAM JODHPUR,6
MTMI,MOTUMARI JN.,6
JGBR,JOGESWAR BIH,6
KALI,KAILI,6
RES,RASAULI,6
REM,REDDI GUDEM,6
MTL,MAILAM,6
KASH,KULTHAM ABDU,6
KBE,KURBHAR,6
KAWT,KANWAT,6
JHA,JAKHAURA,6
MTUR,MATHUR,6
JGNR,JOGENDRA NAG,6
JGKS,JIGNI KHAS (,6
JHK,JETHUKE,6
MTU,MATMARI,6
VRG,VIKRAM NAGAR,6
JJJ,JAIJON DOABA,6
JJA,JAJANPATTI,6
JJ,JAJAU,6
RNKA,RUNKUTA,6
RNJD,RANJAN GAON,6
RGJI,RANGJULI,6
ASAN,ASAN,6
KAGR,KAHANGARH HA,6
KADL,KUMRADOL,6
AS,ARJANSAR,6
KAOT,KAOTHA,6
KANS,KANSIYA NES,6
JLLO,JHILO,6
JLI,JALALSI PH,6
JLF,JULMI,6
JLBR,JHALUARBAR,6
JML,JUMNAL,6
JMDG,JAMMALAMADUG,6
JMD,JAMDHA,6
RIM,RAJIM,6
JUNX,JUNONA HALT,6
JUK,JAULKA HALT,6
JTY,JETHI,6
JTV,JETALVAD,6
JWNR,JAWAHAR NAGA,6
JLWC,JHALAWAR CIT,6
RMW,ROSHAN MAU H,6
RMNR,RAHMAT NAGAR,6
JNK,JHINKPANI,6
JMV,JAMBARA,6
JMS,JAMSAR,6
RMH,RANGMAHAL,6
RM,RAJMANE,6
JOK,JODHKA,6
JNRD,JUNAGARH ROA,6
ARW,AHRAURA ROAD,6
JOQ,JORAI,6
JOM,JOGIMAGRA,6
JRZ,JORANDA ROAD,6
RJMP,RAJMALPUR RO,6
RJGR,RAJATHGARH J,6
ARPL,AREPALLI HAL,6
ACG,ACHEGAON,6
ABW,ABUTARA HALT,6
ADIJ,AHMEDABAD JN,6
ADE,ADRI ROAD,6
AEP,AMRELI PARA,6
AE,AMRELI,6
AGMN,AGOMONI,6
AGM,AGARAM SIBBA,6
NARA,NARA HALT,6
NAND,NANDIKOOR,6
NANA,NANA,6
NAN,NANOGAON ROA,6
MZY,MACHAPUR,6
MZX,MATATILA,6
MZU,MARANDAHALLI,6
MYE,MANDHALI,6
AGT,AGTHORI,6
WOC,WARUD ORANGE,6
AIA,AJARKA,6
AHZ,ADHINPUR,6
AJK,AJAKOLLU HAL,6
ARNH,ARJUNAHALLI,6
WLGN,WALGAON,6
WKRC,WANKANER CIT,6
WIRR,WIRUR,6
WGJ,WARISGANJ HA,6
AKR,AKOLNER,6
AKNR,ADHYATMIK NA,6
AJUG,ABJUGANJ,6
VPJ,VAIYAMPATTI,6
MWK,MORDAD TANDA,6
ABLE,AMBLE,5
BTKP,BHARAT KUP,5
MAND,MANDURAI HAL,5
JNE,JANIYANA,5
JPV,JMTRA PARASW,5
TIC,TIMMACHIPURA,5
BUGY,BUGIA,5
BUQ,BARGI,5
TBV,TIMBARVA,5
BSDA,BANIYA SANDA,5
MDB,MANDOR,5
SZA,SAROTRA ROAD,5
PATI,PARSA TIWARI,5
LSGS,LAVAN SATYAG,5
CHK,CHAKERI,5
LNWT,LUCKNOW WEST,5
TKRA,TIKRA PH,5
BRHU,BARAHU,5
BQW,BARAKALAN,5
CHRG,CHORGI H,5
MWF,MAGARDAHA,5
MWH,MALWAN,5
JON,JOHNA,5
JONR,JEONARA,5
SWC,SHIVRAMPUR,5
PDE,PINDRAI,5
LKKD,LOKKADKOT,5
MDL,MANDAL,5
CNBI,CHANDARI,5
SUH,SULEHALLI,5
BQM,BARELIPAR,5
STLB,SITALPUR (BE,5
CSM,CANSAULIM,5
CRE,CHORGHAT PIP,5
NCN,NACHINDA PH,5
LAUL,LAUL,5
SSIA,SUISA,5
CTPR,CHINTA PARRU,5
BOBS,BOBAS,5
KYT,KAILAHAT,5
TNGM,TONDALAGOPAV,5
MGRL,MANGROLIA,5
DBEC,DEVBALODA CH,5
PGMD,PRAGATI MAID,5
PHX,PATHAKPUR,5
BMQ,BHIMARLAI,5
DGHL,DIGHAL,5
BMRN,BHIMRANA,5
BLWR,BILESHWAR,5
KVA,KAVAS,5
DHND,DHINDA,5
TRAN,TORANG,5
SOY,SUKRIMANGELA,5
BLG,BILHAR GHAT,5
MHRI,MACHHRAULI,5
KTK,KYATANAKERI,5
PLHW,PALHAWAS,5
DNK,DHANAKYA,5
DMP,DHARAMPUR HI,5
MJHL,MAJHAULA HAL,5
TUL,TIRALDIH,5
MKDN,MARKADHANA,5
DPT,DALPAT SINGH,5
KSQ,KANSPUR GUGA,5
KSVM,KESAVARAM HA,5
PMPR,PREMPUR,5
KSAR,KUDALA SANGA,5
KRSL,KRISHNASHILA,5
NDNI,NIDHANI,5
TVG,TAVARGATTI,5
DRPH,DEVRI P.H,5
TWL,TILWARA,5
MKY,MEKKUDI HALT,5
SLGE,SULERJAVALGE,5
SKRI,SIKARIA HALT,5
SKTN,SHAKTINAGAR,5
SKY,SHIKARA,5
DWD,DHEKWAD,5
SJPA,SUJALPUR PH,5
KRAI,KAHER,5
BGMR,BAGUMRA,5
SIW,SHIRAVADE,5
SJDA,SANJUJA-DA-A,5
ANGR,ANGADGERI H,5
SII,SITIMANI,5
PPKD,PAPRAKUND,5
BET,BARETH,5
BENL,BENAL H,5
MOM,MAMAN,5
GGGS,GARHA GOODS,5
BDPA,BADALPUR PH,5
USK,USIAKHAS HAL,5
KMTI,KUMARHATTI D,5
GGAR,GANGADHRA,5
GKG,GOKULGARH,5
SGS,SHOGHI,5
BBAI,BHADBHUNJA,5
PRPM,PT RAM PRASA,5
PRTR,PUTTARRA,5
PRU,PARLU,5
GNST,GHANDHI SMRU,5
KBN,KARBIGWAN,5
ANPR,ANPARA,5
NIR,NAINPUR JN.,5
PTE,PATIALA CANT,5
GNS,GHONSOR,5
KKS,KURASTI KALA,5
GOLE,GOLE,5
KLM,KADLIMATTI H,5
GRX,GAURA,5
GRG,GUWARI GHAT,5
KKRD,KIKAKUI ROAD,5
PTPR,PRATABPUR HA,5
PTRL,PATHRALA,5
NIDI,NIDI,5
KHNR,KACHNARA,5
HEN,HERIA PH,5
HDE,HARDAS BIGHA,5
HGL,HARANGUL,5
PUO,PIR UMROD,5
KHTG,KHATGAON,5
KHTX,KHED TEMPLE,5
HMG,HAMIR GARH,5
HMRR,HAMARAPUR,5
KHE,KANKATHER,5
VNK,BINAIKI,5
HOH,HONAGANAHALL,5
HRW,HARRAWALA,5
RXM,ROOMA,5
KFF,KOLDE,5
RSYI,RASAYANI,5
MUQ,MARUDUR HALT,5
APRD,ASHAPURNA DE,5
MTJL,MOTIJHEEL,5
KDRD,KHULDIL ROAD,5
KDHI,KALADEHI,5
IMR,IBRAHIMPUR H,5
AHD,AHERWADI H,5
MYGD,MYNAGURI RD,5
ZPR,ZORAWARPURA,5
AEH,ANANTPAITH,4
YS,YERMARAS,4
YSI,YEDSI,4
ZARP,ZARAP,4
AAG,ANGAR,4
NAG,NAGARGALI,4
JOBA,JOBA,4
RMGJ,RAMGANJ,4
RKY,KOTHARIYA,4
RLK,ROHALKHURD,4
JTIN,JETHIAN,4
JTN,JOTANA,4
JTP,JETPUR,4
RJAK,RAJNAGAR K H,4
RJB,RAJABERA,4
WRGN,WARIGAON NEW,4
WSB,WASHIMBE,4
WSD,WASUD,4
AGQ,ASIRGARH ROA,4
THED,TAUHEED,4
BSSL,BASSI BERISA,4
BSTP,BASANTAPUR,4
MVE,MUNDHEWADI,4
MUGN,MAHUTGAON,4
MUO,MASANGAON,4
IGRL,INGORALA,4
IKD,IKDORI,4
RTGN,RATANGAON,4
RTJ,RANTEJ,4
RTU,RATAN SARAI,4
ICL,ICHAULI,4
AABH,AMBIKA BHAWA,4
ABX,AMBARI,4
ABE,AMBIKESHWAR,4
JSB,YAMUNA SOUTH,4
JSC,JALESAR CITY,4
JSR,JASRA,4
RJW,RAJEWADI,4
MTND,MATTAGAJPUR,4
NGAN,NAGAON,4
NGD,NAGARDEVLA,4
VRLI,veravali,4
HUN,HUNSENAHALLI,4
KDY,KETTANDAPATT,4
KDT,KHADARPETT,4
RBHR,RABHRA HAALT,4
RBHT,R BLOCK HALT,4
ARGD,ARIGADA,4
ARH,AMHERA  HALT,4
ARI,ANTRI,4
ARK,ARAKU,4
ARKA,ARKHA HALT,4
VRX,VARAHI,4
VTE,VENKATAGIRIK,4
IDS,ISHARDASPUR,4
IDT,SIDLAGHATTA,4
HZBN,HAZARIBAGH T,4
RSKA,RAJSUNAKHALA,4
RTBR,RATABARI,4
KDK,KOHDAD,4
KDL,KANKROLI,4
KCP,KALGUPUR,4
KCR,KHONKAR,4
KDBR,KHADKI BAZAR,4
NDY,NANDI,4
NERI,NERI,4
APRH,ALEHPUR,4
ARU,ARASALU,4
MTRA,MATIGARA,4
MTJR,MOTERJHAR,4
RAK,RAMKOT,4
HRBR,HARUBERA,4
HRF,HATHRAS QILA,4
HRM,HADMADIYA,4
SAF,SALKHAPUR,4
HNU,HANSPURA,4
HOL,HOL,4
HPR,HIRAPUR,4
HSL,HISVAHAL,4
HTGR,HATHIGADH,4
RVN,RAJIV NAGAR,4
RWH,ROWRIAH,4
RXN,RAMSAN,4
KFC,KALPATTICHAT,4
KFD,KARANJADI,4
ARP,ATRAMPUR,4
KGX,KANGINHAL,4
KGZ,KARUNGUZHI,4
KHA,KHAIGAON,4
KHD,KHODIYAR,4
KHDI,KHANDHERI,4
AUS,ANUP SHAHR,4
AUWA,AUWA,4
AV,ASVALI,4
ASTG,ASHTEGAON,4
ATA,ATA,4
ATKS,ATWA KURSATH,4
ATM,ALTAGRAM,4
ATRU,ATRU,4
VNRD,VANIROAD,4
VPL,VENKATAM PAL,4
ASI,ARSENI,4
SAR,SHAHZAD NAGA,4
KHRY,KHAIRAHI,4
KHDR,KHANDARI HAL,4
VNM,ONTIMITTA,4
VNN,BHANAUR,4
ATW,ATWA MUTHIA,4
NGI,NAGRI,4
MSV,MUSTRA,4
MTDI,MALTEKDI,4
MTDM,METTUR DAM,4
MSO,MISROD,4
MSOD,MASODHA,4
MSQ,MARWAR RATAN,4
MSSN,MAISHASHAN,4
MSTH,MISRIKH TIRA,4
HNMN,HANUMAN CIRC,4
VLTR,VADALI LUTER,4
VLU,VADALUR,4
AVL,AMRUTVEL,4
AVT,AVATIHALLI,4
AWG,AWA GARH,4
AWM,ASWAPURAM,4
KHKT,KHOTKHOTI,4
PWK,PIPARIYAKELA,4
HLKK,HALLIKHERK,4
HISE,HIRISAVE,4
PUY,PHULAGURI,4
QSR,KANSRAO,4
HMO,HANUMANGARH,4
HMP,HEMPUR,4
SAPE,SAPE-WAMNE (,4
SAPR,SARANGPUR RO,4
GVA,GANGUWADA,4
GUA,GUA,4
KHOH,KHOH,4
KHPL,KHALIAPALI,4
HER,HER,4
SBLJ,SHRI BALAJI,4
HATI,HATI,4
PUD,PHANDA,4
KJP,KHOJEEPURA,4
KJPD,KURINJIPADI,4
KJTW,KAJGAON TERH,4
KJW,KHAJWANA,4
KIKA,KURWAI KETHO,4
PUG,PUNGGUDI,4
VLD,VAYALPADU,4
VLDR,VALADAR,4
GTI,GHUTAI,4
NHR,NOHAR,4
NI,NAYDONGRI,4
BAHI,BALENAHALLI,4
BAK,BHAN KARI,4
BALE,BALE,4
VKH,VIKHRAN ROAD,4
NGY,NATH GANJ,4
VKZ,VENKATANARAS,4
HBF,HADOBHANGI P,4
HBN,HAIBARGAON,4
HAA,HARWADA,4
HAQ,HASTAVARAMU,4
GWH,GHOSHAWAR,4
SBW,SHEWBABUDIH,4
GUZ,GUMANIHAT,4
APU,ANIPUR,4
AON,ARAON,4
AONI,AMONI,4
APA,AMARPURA,4
VTL,VADTAL SWAMI,4
VVD,VAVDI,4
ANO,ANJANI,4
KAUA,KATHAUTIA,4
JBR,JAHANGIRABAD,4
JCN,JUNICHAVAND,4
JARI,JARI,4
JAUA,JAMUA,4
RQP,RADHA KISHOR,4
RRJ,RAMARAJUPALL,4
ISRI,ISHAPUR KHER,4
JA,JALIYA,4
SDMK,SIDMUKH,4
PTG,PATNA GHAT,4
PTHD,PATOHAN,4
KKV,KUKAVAV,4
KLBA,KALAMBHA,4
KKLU,KAKLUR,4
KKRH,KARAHIYA HAL,4
GTT,GOMTA,4
GTY,GOLAPATTI,4
PTKD,PATHARKANDI,4
KKAS,KATKAMASANDI,4
KKGT,KALKALIGHAT,4
KKK,KHAKHARIYA,4
PTSC,PARICHA THER,4
PTYR,PATIYARA,4
PU,PATCHUR,4
GRBH,GAREA BIHAR,4
GRE,GOLA ROAD,4
GPU,GULAPALAYAMU,4
SEI,SHENDRI,4
PSLI,PARSOLI,4
KLLF,KALOL,4
BAWA,BALWARA,4
BAMR,BAMUR,4
BAR,BAR,4
VINH,VINHERE,4
VJD,VIJAPADI ROA,4
MRYA,MERIYANA,4
MRF,MARPALLI,4
MRM,MAMANDURU,4
GSGJ,GHAUSGANJ,4
SDH,SARADHNA,4
MPF,MUIRPUR ROAD,4
NIV,NIVASAR,4
KLGD,KOLLENGODE,4
KLGN,KALANGANI,4
KLGR,KOLAIGRAM,4
GOPG,GOPALGANJ,4
SER,SAMAYANALLUR,4
SEX,SERONI ROAD,4
SF,SETTIGUNTA,4
GNQ,GODHANI,4
GNR,GADIGANURU,4
PRWA,PARWAKHURD H,4
KMAH,KAMATHE,4
GRI,GURIYA,4
GRJA,GORINJA,4
GRM,GARHMAU,4
JDNX,JOGINDER NAG,4
RPL,REDDIPALLI,4
RPV,RAJAPATTI,4
JBB,JAMBUR,4
RCJ,RANAYALA,4
KCLA,KENCHANALU,4
KCM,KALASAMUDRAM,4
KBK,KHAMIL GHAT,4
RDK,RASHIDPURA-K,4
ANQ,AMNAPUR,4
ANE,ANANTARAJUPE,4
BARD,DUBRIKALAN,4
MQZ,MOTA JADRA,4
MRDG,MARADANGA,4
MPUE,MAINPURI KAC,4
MQE,MOHD KHEDA,4
GLE,GAJULAGUDEN,4
SGDP,SAGADAPATA,4
KMLK,KAMALAPUR,4
KLYT,KOLAYAT,4
GNTR,GAUNTRA,4
GO,GHOTI,4
GNDM,GUNRAJPUR DH,4
GNO,GOREGAON ROA,4
SFG,SUBEDARGANJ,4
SFK,SIKIR,4
SFPR,SAFIPUR,4
GMGM,GOMANGALAM,4
VGM,VINNAMANGALA,4
INP,INDAPUR,4
RSJ,RAYSER JAGIR,4
JGF,JOGIDIH,4
GJT,JANNAGHATTA,4
GKD,GADHAKADA,4
GIS,GARHI SANDRA,4
GIW,GIRDHARPUR,4
GHRI,GHORI  HALT,4
GHX,GARHARA,4
GGO,GORAM GHAT,4
BCHL,BACHELI,4
BCHN,BOCHASAN JN.,4
BBLK,BABA LAKSHMA,4
VDM,VADAMADURA,4
VDV,VADIYA DEVLI,4
BAYD,BAYAD,4
VEI,VELLIYANAI,4
VGL,VAGHLI,4
GMX,GURMURA,4
BDIN,BHADAIYAN,4
GHAI,GHATIGAON,4
SHER,SHER (HALT),4
KNC,KANCHANPUR R,4
KMRD,KALAMB ROAD,4
PRKD,POWAR KHEDA,4
PRN,PARAUNA,4
VCN,VIROCHANNAGA,4
MOTA,MOTA,4
MOTG,MOTIGANJ,4
MP,MELAPPALAYAM,4
MPC,MUTTAMPATTI,4
NKH,NATHU KHEDI,4
NKK,NARIKKUDI,4
NKW,NILAKANTHEWA,4
GJMB,GANJ MURADAB,4
MONJ,MONGLAJHORA,4
GEG,GIR GADHARA,4
SHIV,SHINDAWANE,4
SHMI,SHIROOR,4
SHNX,SHEOSINGHPUR,4
PQZ,PUNDIBARI,4
KNLP,KANAMALEPALL,4
KNNA,KHINANIYAN,4
KNAR,KHANPUR AHIR,4
KNBR,KANAIBAZAR,4
GDH,GIDANAHALLI,4
NLNR,NULENURU,4
BDW,BANDANWARA,4
BDKT,BADAKHANDITA,4
UWAN,URWAN,4
VADR,VARUD,4
UMS,UDRAMSAR,4
UNA,UNA,4
BEJ,BENIGANJ,4
SHRM,SHARMA HALT,4
SHTT,SILGHAT TOWN,4
SHYP,SAKKARAYA PA,4
KOA,KARONDA,4
KOF,MARWAR KORI,4
KOHL,KOHLI,4
KNRN,KANAROAN,4
BDYR,BIDYADABRI,4
BEE,BEBEJIA,4
BDT,BORDUBI ROAD,4
MOBD,MOUBUND,4
MOHR,MOHANA HARYA,4
MOJ,MOHANA,4
GAJU,GAJU HALT,4
GAL,GHATALA,4
GBP,GULABPURA,4
GBQ,GODBHAGA,4
GAMI,GOGAMERI,4
GARA,GARHA,4
KOZ,KOSMA,4
PPJ,POPHLAJ,4
PPTR,PUSHPATTUR,4
MNKN,MANIKALAN HA,4
UMG,UTTANGAL MAN,4
BGDI,BAGADIA  PH,4
BES,BES,4
BETI,BHETASI,4
BEW,BETAWAD,4
UMM,UMRAM,4
VVV,VAVERA,4
VWA,VIDURASWATTH,4
MWP,MAHARANI PAC,4
MVRD,MAIVADIROAD,4
MWA,MANDVA,4
MWD,MHASAVAD,4
NDE,NANDRE,4
NDK,NANDKHAS,4
RORA,RORA,4
RPGU,RASULPUR GOG,4
KAW,KHAJURI,4
KBA,KURBALAKOTA,4
KARO,KHARIO PH,4
KARR,KHARAR,4
GAA,GALAN,4
GAJB,GAJARA BAHAR,4
KQRT,KODERMA TOWN,4
KQE,KALA AKHAR,4
BGPL,BHAGUAPAL,4
BGG,BANTA RUGHNA,4
BGKA,BANGURKELA,4
BGLI,BARGOLAI,4
BGMU,BANGARMAU,4
ULN,ULNA BHARI,4
NM,NAIMISHARANY,4
MNJ,MANOHARGANJ,4
MNJR,MANJHLEPUR,4
MNKD,MANKHURD,4
KOL,KOLAD,4
KOLE,KOLE,4
SJF,SAJANVAV ROA,4
AMPR,AMARPURA RAT,4
ELL,ERALIGUL,4
ENB,ELLENABAD,4
BHDR,BHADRI,4
BHGN,BHILGAON,4
BHAN,BHOYANI,4
BHAT,BHATPURA,4
UKC,UKSI,4
MNDU,MANDU HALT,4
MMDA,MUTHALAMADA,4
MMPL,MANTAPAMPALL,4
FTC,FATEHPUR CHA,4
FLD,PHULAD,4
FPS,FATEHPUR-SHE,4
FRH,FARHANTNAGAR,4
FSG,PHURSUNGI,4
SJMA,SANJAMALA,4
KRDL,KIRANDUL,4
MLS,MALASA,4
BHMW,BHAMBHEWA,4
BHNE,BHONE,4
UDMR,UDI MOR,4
UDPU,UDAIPUR,4
UGP,UGARPUR,4
UGU,UGU,4
BHBV,BLOCK HUT B,4
BHDH,BAHADURPUR,4
PPCK,PIPALWALI CH,4
PPF,PIPLAJ,4
SJRR,SAJERPAR,4
ETAH,ETAH,4
SJT,SHUJATPUR,4
SKBR,SHANKARPUR B,4
DVN,DEVTHANA HAL,4
DWDI,DIGHWA DUBAU,4
DWJ,DWARKAGANJ,4
BHUA,BHUA,4
BHY,BHAYAVADAR,4
BIB,BIRPUR,4
BHRJ,BECHRAJI,4
BHRM,BISHRAMGANJ,4
MLW,MALLANWAN,4
MLM,MALTHAN,4
ERC,ERICH ROAD,4
EDU,ERIODU,4
SKKE,SEKERKOTE,4
PNV,PANEVADI,4
PNVT,PANCHRATNA,4
PNWN,PACHAWAN,4
NOSM,NOSSAM,4
NPH,NURPURA HALT,4
DVA,DELVADA,4
SLHA,SALHANA,4
SLHI,SILHAUDI,4
PNHR,PANIHAR,4
KRNI,KRISHNAI,4
KRKM,KHARA-KAMERI,4
KRKP,KYARKOP,4
KRKR,KURKURA,4
SKPT,SOMANAYAKKAN,4
DWV,DIWAN KHAVAT,4
DWZ,DANTE WARA,4
DXD,DIGOD,4
SKU,SIKRODA,4
SLBN,SALAI BANWA,4
KRMB,KARMABAD,4
PNT,PANITOLA,4
DUMR,DUMARA,4
DUN,DUGANPUR,4
SLP,SALPA,4
SLTP,SULTANPUR,4
DTJ,DETROJ,4
DTQ,DATARDA KALA,4
DTT,DODDAGHATTA,4
DSL,DESWAL  HALT,4
DSME,DASARA,4
DSR,DHANSIRI,4
BILK,BILKHA,4
MLI,MANGALIYAWAS,4
MKPT,MALIKPETH,4
MKRA,MAKRERA,4
BJK,BIJORA,4
BJMR,BAIJNATH MAN,4
BIPR,BHEEMPURA,4
BIR,BIR,4
BISH,BISHENGARH,4
BIF,BHAIRONPUR,4
SLV,SANDALPUR,4
SLX,SELENGHAT,4
DRS,DHARESHWAR,4
DSD,DOSVADA,4
DSK,DUSKHEDA,4
DRA,DULARIYA,4
DRG,DARSHANNAGAR,4
DRGM,DEORAGRAM,4
DRGU,DAMRUGHUTU,4
DRHI,DAGARKHEDI,4
KAKN,KAIMARAKALAN,4
JEP,JEONATHPUR,4
JFG,JAFARGANJ,4
JKB,JAKHALABANDH,4
JKH,JAHANIKHERA,4
JKR,JAULKHERA,4
JKS,JAKSI,4
JIR,JIRA ROAD,4
RNL,RANALA,4
RNN,RAJAN KUNTI,4
RNRD,RANIPUR ROAD,4
JHIR,JHIR,4
JGJN,JUGIJAN,4
NPU,NADIAPUR,4
NQH,NEW DOMOHANI,4
NRF,NERALAKATTE,4
KSHR,KESHWARI BH,4
KSNA,KANASAR NAWA,4
DOZ,DAURAI,4
SMDT,SEMMANDAPATT,4
SMKR,SHAM KAURIA,4
SMKT,SOMAN KATTI,4
KSA,KHASA,4
KSAE,KOSAI,4
KRQ,KARARI,4
KRRA,KARRA,4
KRTH,KIRATGARH,4
KRTR,KAROTA PATRI,4
KRW,KHARWA,4
DPLN,DIPLANA,4
REMA,REMA,4
RFR,RAFINAGAR F,4
SND,SONDIMRA,4
PLM,PANELI MOTI,4
KTAL,KATHLAL,4
PLSG,PALASINGI,4
PLV,PALSI,4
BKD,BANKODA,4
BJN,BEJNAL,4
BJPR,BIJAIPUR ROA,4
TTLA,TETELIA,4
MKHI,MAKHI,4
MKL,MAKALI DURGA,4
SMTA,SAMUKTALA RO,4
SMTL,SIMARIATAL,4
DOTL,DEOTALA,4
DOW,DAVOL,4
KSUA,KASHIPURA,4
DNPR,DHANPURA,4
DNU,DALSANUR,4
DNUA,DHANSURA,4
DNWR,DHANWAR,4
SNE,SHENOLI,4
SNGN,SANGANER,4
SNKB,SONKHAMB,4
DMYA,DAMAY,4
KTNA,KATHANA,4
KTR,KOTHAR,4
KTRA,KOTRA,4
DPE,DEVARAPALLE,4
DOH,DHODRAMOHAR,4
DOHM,DEVGADH MADA,4
SMWA,SOMESHWARA,4
SNBR,SONUABARI,4
DNJ,DAUNDAJ,4
DMK,DILMILI,4
SNN,SONEGAON,4
DLW,DILWA,4
DME,DAMNAGAR,4
BKPT,BHAKARAPET,4
BKRH,BRIJ KISHOR,4
TRWT,TARWATA,4
TSD,TAHSIL BHADR,4
BK,BAKRA ROAD,4
BKA,BARKHEDA,4
MJV,MANJHAGARH,4
MJY,MARAMJHIRI,4
MJGP,MAJHGAWAN PH,4
MJNL,MAJRI NANGAL,4
PMD,PAMIDI,4
DLCR,DULLABCHERRA,4
DLPH,DAULATPUR HA,4
SNSL,SHONSELU,4
SNYN,SONIYANA,4
PKNA,PAKHNA,4
KUJU,KUJU,4
KUKA,KHUI KHERA,4
PKRA,PARSA KHERA,4
PKRH,PARSA KERWA,4
PKX,PAKHRAULI,4
PLD,PALDHI,4
KTLP,KATALPUR (HA,4
KTHE,KATAHRI,4
KTKD,KATANGI KHUR,4
KTKR,KUMTHA KHURD,4
PLJE,PHULWARTANR,4
BLGH,BISHALGARH,4
BKSA,BAKHSHA,4
BKTL,BAKTAL,4
MHSA,MAHESHPUR 'A,4
MHUA,MAHUDHA,4
MIAL,MILAVALI HAL,4
NRV,NARIYAR  HAL,4
NRWI,NARWASI,4
BKPR,BAKASPUR,4
DKY,DHOKI,4
DKI,DHARAM KUNDI,4
DKM,DIKOM,4
SOE,SHEOPUR KALA,4
DJI,DHORAJI,4
DJKR,DALAJI-KA-KH,4
DMGN,DHAMALGAON,4
BLRD,BALAROAD,4
BLRG,BALASIRING,4
BLME,BHOLIDIH,4
BLMR,BHALUKMARA,4
BLNG,BARLANGA,4
BLNI,BHALWANI,4
BLNK,BELANKI,4
BLO,BHULON,4
BLPE,BALAPALLE,4
BLPR,BADULIPAR,4
SORI,SORAI,4
SPDM,SINGHPURDUMR,4
KURT,KHURDA TOWN,4
PKC,PAKRA,4
PKE,PIMPAR KHED,4
PKGM,PHAKHOAGARM,4
PJPR,PJP ROAD HAL,4
PJR,PANGRI,4
DHNR,DHANORA (DEC,4
DHOA,DHOLPUR (NG),4
DHR,DHARNAODA,4
DHS,DHAVALAS,4
SPGL,SARAI GOPAL,4
SPHL,SHAMPURHALLI,4
SPHT,SHIVPURI HAL,4
SPO,SURPURA,4
SPPR,SHUDNIPUR,4
SPRA,SILLIPUR,4
DHLI,DETHLI,4
SPRM,SITAPURAM PH,4
BMA,BAGMAR,4
BMBE,BIMBARI,4
WAB,BALWA,4
ALV,ANKLAV,4
AMBR,AMBIKA (ROHI,4
ALN,ALANDI,4
WDS,WADSINGE,4
MXR,MAHUR,4
MXS,MOHASA,4
MXY,MAHUARIYA,4
NBUE,NIBKARORI,4
NCBD,NEW CHANGRAB,4
JMI,JAMGURI,4
JLG,JULGAON(DECC,4
JLHI,JHILAHI,4
JLRF,JETALSAR JN,4
RNB,RANPURA,4
RNGG,RANGALITING,4
SR,SABLIROAD,4
SRDW,SHRIMAD DWAR,4
DET,DET,4
BMSB,BHIMASAR,4
BMSN,BAMSIN,4
BMU,BAMHRAULI,4
BMVR,BMVR,4
BMN,BHIMANA,4
BMNL,BAMANWALI,4
TPP,TOPPUR,4
SPSR,SARPESWAR P.,4
KUT,KANAUTA,4
KUTI,KHUMTAI,4
KVH,KHAMBHEL,4
KVJ,KESHAV GANJ,4
PJN,PANJHAN,4
KVNJ,KAPADVANJ,4
PHV,PIRTHIGANJ,4
PI,PADLI,4
PIC,PARICHA,4
DCU,DAMALACHERUV,4
BNAR,BINAUR,4
BNDI,BARUNDNI,4
TNUE,TINDAULI,4
TORA,TORNIYA,4
BMPT,BANNI MAHAMM,4
MHMB,MAHIMBA,4
PK,PAKNI,4
DGN,DONGARGAON,4
DGQ,DUGDOL HALT,4
DFR,DEOGAN ROAD,4
SQW,SIDHWALIA,4
MGRR,MAGARPUR,4
DDG,DIGHA GHAT,4
DDGA,DUGDA WASHAR,4
DDGJ,DEEDAR GANJ,4
SRMT,SIRMUTTRA,4
SRPB,SRIRAMPUR (A,4
PGP,PANDURANGA P,4
KYH,KHAIRAH,4
KWW,KUSWA HALT,4
KXA,KUNARIYA,4
SRKN,SHEREKAN,4
PHQ,PARDHADE,4
KWAR,KAWAR,4
KWI,KIVARLI,4
KVLR,KARUVALLI,4
KVN,KAVANUR,4
BNRD,BALANGIR ROA,4
KXL,KAMARBANDHA,4
PHI,PANIKHAITI,4
DAM,DHAMORA,4
DAN,DHANETA,4
SRTE,SOOROTHEE,4
CX,CHANOL,4
PFL,PIPRALA,4
KZQ,KHIMEL,4
BNS,BANAS,4
BNSL,BANSINALA HA,4
BNF,BANDHUA,4
MGWN,MAHGAWAN HAL,4
MHC,MASRAKH,4
MHDA,MAHADIYA,4
MGRD,MAGARDOH,4
CTTP,CHITRAPUR (H,4
CTZ,CHAUNTRA BHA,4
CTJ,CHATENI,4
CTL,CHITAL,4
NWDH,NAWADIH,4
MER,METPANJRA,4
TMKA,TOMKA,4
BOKE,BHOKE,4
BOMN,BOMMAGUNDANA,4
BON,BHONRA,4
BORD,BOLAGARH ROA,4
BORT,Bolagarh tow,4
BNTH,BANDNATH,4
BO,BORSAD,4
TMP,TAMARAIPADI,4
TMUR,Tenua Dumari,4
SSV,SASVAD ROAD,4
STBD,SULTANABAD H,4
STBJ,SITABANJ,4
CPL,CHAKARIAPALL,4
SSPD,SADASHIVAPET,4
PDSN,PEDDASANA,4
LBZ,LALBAGH,4
LCH,LINCH,4
LDM,LADERMER,4
LATH,LATH HALT,4
PEE,PATERHI,4
PGL,PAGDHAL,4
CWDA,CHURIWALA,4
SS,SHIRSOLI,4
SSDT,SHAMSHABAD T,4
SSGJ,SURASARAIGHA,4
JXN,JIRONA HALT,4
KADI,KADI,4
KAGA,KURHAGADA,4
RGLI,RAGHOULI,4
JNN,JAMUNIATANR,4
RMPH,RAMPAHARI,4
JVA,JAVALE,4
JVL,JAMWALA,4
JW,JATWARA,4
JWK,JAWAHARPUR K,4
JUA,JARAUNA,4
JUBS,JUBBASAHANI,4
JUJA,JUJOMURA,4
RHI,RAKHI,4
JMBL,JAMBHALI  HA,4
CRK,CHARKHEDA,4
LH,LAHING,4
LHL,LAHOAL,4
LDU,LUNIDHAR,4
LEK,LAKHAKERA,4
LGI,LONGAI,4
LGRE,LINGIRI,4
PDP,PADSE,4
NWSI,NAWAL SAHI H,4
BPK,BHUGAON,4
TLZ,TALAVLI,4
TMB,TEMBURU,4
TMGN,THAMLA MOGAN,4
NVL,NEYVELI,4
CSDR,CHANNASANDRA,4
CSMA,CHANASMA JN.,4
CRC,CHARKHARI RO,4
SUAL,saundal,4
CLO,CHILO,4
SUMR,SUMER,4
BPV,BHOTEPATTI,4
BQE,BAKANIAN BHA,4
BQN,BAGRI NAGAR,4
TLI,TALWARA JHIL,4
TLMG,TALAMADUGU H,4
TLNH,TILAUNCHI,4
TLPH,TALPUR,4
METR,METHI TIKUR,4
MEW,MARHAURA,4
MDVR,MADHAVNAGAR,4
MDXR,MUDARIA,4
COE,CHITROD,4
STLI,SITHOULI,4
TL,TILONIYA,4
NYG,NAYAGARH,4
NYGT,NAYAGARHTOWN,4
MDPA,MANDPIYA,4
MDPJ,MADANAPUR HA,4
MDPR,MODPUR,4
MDSA,MODASA,4
NYRH,NAYARHAT,4
NZR,NAZIRA,4
MCPE,MARWAR CHHAP,4
TLE,TALGARIA,4
TLGR,TULSI NAGAR,4
CNH,CHAUNRAH,4
CNL,CHANDAWAL,4
CMGR,CHIKMAGALURU,4
CMY,CHINTAMANI,4
CKOD,CHAKROD,4
SVF,SRIVENKATAPE,4
CJR,CHAMARAJ,4
CJS,CHARAMULA KU,4
CJW,CHHAJAWA,4
CK,CHIKSUGUR,4
CKE,CHOKI SORATH,4
SUPP,SUPPALAPADU,4
SUW,SUKHI SEWANI,4
LKG,LAMSAKHANG,4
PDF,PADAMPUR,4
PDGL,PONDUGULA,4
PDGM,PUDUNAGARAM,4
PDMA,PADMA,4
BRB,BORIBIAL,4
BRCK,BARUA CHAK,4
AKI,ADARKI,4
WG,WAGHOLI,4
WGA,WAGHODA,4
WKA,VAKAV,4
WLH,VALHA,4
AJM,ADRAJ MOTI,4
AJRE,AUJURI,4
RJLK,RAJALUKAH,4
JNTR,JINTI ROAD,4
JNX,JAGANNATH JI,4
SVZ,SARAI HARKHU,4
CKW,CHALKHOWA,4
CKX,CHAKUR,4
CLDR,CHILIKDARA,4
CKKD,CHARKEDA KHU,4
CKNI,CHIKNI ROAD,4
TKPH,TAKIPUR HALT,4
TKPY,TURKAPALLI,4
TKRU,TAKHRAU HALT,4
TKU,TANAKALLU,4
BRDV,BARADEV,4
BRGJ,BARGAON GUJA,4
BRHI,BARHI,4
BRHT,BAILEY ROAD,4
BRI,BHIRINGI,4
CIA,CHHEHARTA,4
CJA,CHONGAJAN,4
SVS,SRINIVASPUR,4
CHRI,CHARHI,4
CHRK,CHURKI,4
NCU,NALLACHERUVU,4
ALAI,ALAI,4
SWT,SHIWALA TEHU,4
SWW,SHAHANAGAR T,4
SXA,SAGPHATA,4
LOM,LODHMA,4
LNH,LACHHMANGARH,4
LNP,LANGARPETH,4
CHIT,CHITHARI HAL,4
PCHT,PUNAICHAK HA,4
PCKM,PACHCHAKUPPA,4
PCL,PULICHERLA,4
LMC,LAKHAMANCHI,4
LKZ,LAKDIYA,4
PCT,PANCHTALAVAD,4
BRLF,BAR LONGFER,4
BRLY,BIROLIYA,4
TKOT,TOKKUTTU,4
CCI,CHINNE KUNTA,4
CDB,CHAUDHURIBAN,4
BRRZ,BARARA BUZUR,4
BRTK,BHORTEX,4
BRMX,BURMI  HALT,4
BRNI,BARWASNI HAL,4
BRNR,BARUA NAGAR,4
BROR,BERORE,4
TKHA,TAKHA,4
TKHE,TAKARKHEDE,4
TKLN,TARRA KALAN,4
TKMG,TIKAMGARH,4
TKND,TRIVIKARAMDE,4
BRKP,BARKIPONA,4
CHLK,CHAVALKHEDE,4
SWS,SUWANSA,4
LPR,LILAPURROAD,4
LPTA,LONGPATIA,4
LRI,LIHURI PH,4
LSG,LAWA SARDARG,4
PBB,PARBATONIA,4
CHBN,CHAND KHIRA,4
CHBR,CHAURE BAZAR,4
CGF,CHARALI,4
CGTA,CHEGUNTA,4
SXQ,SUAHERI HALT,4
SXX,SALBARI,4
SYF,SEMAI,4
CDI,CHANDNI,4
CDRA,CHANDERA HAL,4
CDS,CHANDISAR,4
CEME,CHEGRO,4
MCSC,MAHARAJA CHH,4
MCZ,MAHABUANG,4
MBW,MALWARA,4
BRRD,BORDI ROAD,4
CBP,CHIKBALLAPUR,4
CBZ,CHURAIBARI,4
CCD,CHICHONDA,4
SZV,SIVADI,4
TAE,TADALI JN.,4
TAKU,TAKU,4
CAPG,CHAPAGURI,4
CBG,CHARBHUJA RO,4
CDBH,CANDRABANDA,4
SYL,SALPURA,4
SYQ,SINHAN,4
PATR,PARAMJEEVAR,4
BYXA,BETGARA,4
BYZA,BEGUNIA,4
BZGT,BAZARGHAT,4
BYC,BELLARYCANTT,4
TAT,TUMMANAM GUT,4
LXR,LUNSERIYA,4
LT,LAHAVIT,4
LTI,LATTERI,4
LTKR,LALIT KHERA,4
PARH,PARA KHEDA,4
ORC,ORCHHA,4
BSDR,BANSADHARA P,4
TISI,TISI,4
TJW,TEJPURWA (HA,4
TKA,TEHARKA,4
MCRD,MECHERI ROAD,4
BWRA,BHARATWADA,4
BWS,BADWASI,4
TBU,THERBAN HALT,4
TBX,TILBHUM,4
TCH,TIRUCHCHULI,4
BWA,BHINWALIYA,4
TDV,THONDE BHAVI,4
TID,TAGDI,4
TII,TINGRAI,4
TIP,TATAPPARAI,4
BSCP,BASKATWA BH,4
MBF,MUNABAO,4
MBGA,MARWAR BAGRA,4
MANK,MANKI,4
MAR,MULANUR,4
OLA,OLAKUR,4
BUPH,BABUPETH,4
MADR,MADURE (H),4
MADU,MADDURU,4
MAEL,MAEL,4
MAH,MADHOGANJ,4
PADH,PIPRADIH,4
PAE,PALANA,4
PAI,PABAI,4
PAL,PALASNER,4
PALM,PALAYAM,4
LW,LORWADA,4
LWS,LUKWASA,4
BUR,BINDAURA,4
PASR,PANDURANGA S,4
TATI,TATI,4
BWO,BURAMARA,4
BSWD,BHENSWADI,4
BSY,BARSATHI,4
THKU,THALAKU,4
THR,THARA,4
THX,TOVALAI H.,4
TIBI,TIBI,4
BURA,BAHUARA(HALT,4
BUTN,BUTANA HALT,4
TEO,TEEGAON,4
TERH,TERHA HALT,4
TGDE,THANGUNDI,4
TGE,THEKERAGURI,4
BUBT,BUDA BHARTHA,4
BTSI,BATASI,4
BTZ,BALIMARA,4
BTKD,BHARATKUND,4
YGM,YADUGRAM BH,4
YDD,YADUDIH,4
YDLP,YADALAPUR,4
YDM,YEDAMANGALA,4
AGD,AGASOD,4
YGA,YARAGOPPA H,4
AGE,ANGAI HALT,4
TGRL,TANGIRIAPAL,4
MALR,MALLUR,4
MANG,MAHANAGAR,4
ORH,ODDARA HALLI,4
OSA,AUSA ROAD,4
OSH,OLD SACHIVAL,4
OTN,OATING,4
THEA,THALERA,4
JNZ,JENAL,4
JRLI,JAROLI,4
JRO,JIRON,4
JRPD,JARAPADA,4
JRQ,JHAROKHAS,4
MXM,MINATCHIPURA,4
MXO,MORTHALA,4
AGTR,AGAUTHAR HAL,4
AHJU,AHJU,4
MZA,MEZENGA,4
MZQ,MAJGAON-ASSA,4
MYJ,MAHEJI,4
MYP,MUNDIAMPAKKA,4
NBP,NIBHAPUR,4
AGDL,AGRAN DHULGA,4
NAWN,NAWAN,4
NANR,NARANPUR,4
BNOD,BENODA,3
BOM,BOMADRA,3
SSNS,SAHEED SURAJ,3
KTDD,KATAIYA DAND,3
SVTN,SHIVATHAN,3
SYWN,SAIYID SARAW,3
BIP,BAHILPURWA,3
KAI,KAIRLA,3
KANO,KANOH,3
BUS,BADAUSA,3
BNGM,BANGURGRAM H,3
DV,DHUVA,3
TNH,TINKHEDA,3
LOG,LOHGARA,3
PBC,PARVATSAR CI,3
PEH,PATHARDIH JN,3
LBH,LUCKNOW (DIK,3
PNHI,PANHAI,3
BJIH,BIJULI HALT,3
LTMD,LATEMDA,3
JHMR,JHIMRI,3
SSR,SARERI,3
CRWL,CHAKRAKWALA,3
LNKC,LINK C-CABIN,3
DIP,DIPORE,3
CRKR,CHAURAKHERI,3
LKJN,LINK JN CABI,3
NWBV,NEW WEST BLO,3
NVD,NAVAL GUND R,3
BYR,BHAYANDAR,3
MJHR,MAJHIARI,3
CDSL,CHANDRESAL,3
OHAN,OHAN CABIN,3
BSDL,BHARSENDI,3
MFX,MADARAHA,3
BKKI,BAKARKUDI,3
MLU,MALUGUR,3
DWI,DINGWAI,3
POR,PIPLOD ROAD,3
FYZ,FAIZULLAPUR,3
KOLI,KESHOLI,3
SHWL,SAHUWALA,3
BGAR,BANGARI,3
KPCM,KUWARCHINTAW,3
GDBR,GOONDA (BIHA,3
BCRD,BARCHHI ROAD,3
GHSR,GHASARA HALT,3
VBH,VISHNUPUR BA,3
BBAR,BARA,3
GRMT,GUD MARKET,3
MQA,MATODA,3
MRE,MANAURI,3
MRX,MURUD,3
KLPM,KAILASAPURAM,3
NHGJ,NEW HARANGAJ,3
SAHL,SAHELI,3
NGHW,NAGESHWADI H,3
HNSL,HESALONG  FS,3
RT,ROHAT,3
HTN,HATNAPUR,3
MTPC,MOTIPURA CHA,3
IDGJ,IRADATGANJ,3
ILO,ILLOO,3
KEJ,KATHLEEGHAT,3
MZV,MARALAHALLI,3
PAAL,PALA,3
RKZ,RAJKIAWAS,3
TDH,TINDHARIA,2
TCNR,TIRUCHANUR,2
BWPL,BALWANTPURA,2
BXK,BANDARKHAL,2
BXF,BARSUAN,2
LVK,LAKKAVARAPUK,2
CBD,CHANGRABANDH,2
CAZ,CHAUHANI,2
CAT,CHATTAR HAT,2
CASA,CHHANSARA,2
SZY,SILAK JHORI,2
SZE,SONARDIH,2
OCH,ODANIYA CHAC,2
MBT,MARWAR BITHR,2
BRPS,BARAPALASI,2
OND,AUNLAJORI JN,2
LTK,LATHIKATA,2
PBV,PALIBA,2
LNT,LINGTI,2
LPK,LEPETKATA,2
SWO,SONWARA,2
CHNN,CHANNANI,2
BRL,BARWALAROAD,2
BRMP,BIRMITRAPUR,2
BRRI,BIRARI,2
CFG,CHAKITING,2
CHAR,CHARMAL,2
LRB,LARABAD BH,2
LR,LADPURA,2
LPN,LAOPANI,2
CHOD,CHARDUAR,2
CJE,KANCHIPURAM,2
CII,CHETTIYAPATT,2
CHTT,CHITTA HALT,2
CKHS,CHIKHLI,2
LLD,LALAWADI,2
LLBR,LALABAZAR,2
LMA,LAMBIYA,2
LLPR,LALIT LACHMI,2
CHIB,CHIRAI,2
CHHU,CHHANUA,2
SUBL,HUBLI SOUTH,2
CNJW,HOLDING LINE,2
NYK,NAYA KHARDIA,2
PDMI,PENDLIMARRI,2
PDJ,PHIDING,2
PCY,PIPAR CITY,2
SURR,SURERA,2
SURL,SURELI,2
CJQ,CHAMPAJHARAN,2
CKS,CHAKSU,2
CHRU,CHAMRUA,2
CHOK,CHAUK,2
BPJ,BARA HAPJAN,2
LGT,LANGTING,2
CNE,CHANDRANATHP,2
CNDN,CHANDAN,2
STSN,SHAITAN SING,2
CNX,CHANDAUNA HA,2
MEKM,MELAKKONNAKK,2
TLL,TALAP,2
SUP,SRUNGAVARAPU,2
CMDP,CHIMIDIPALLI,2
CMBR,CHEMBUR,2
CLPE,CHALLAVARIPA,2
SUKU,SUKU,2
CNV,KINATTUKKADA,2
CPE,CHANDIPOSHI,2
MGE,MIGRENDISA,2
TMH,TIN MILE HAT,2
BPGR,BENIPURGRAM,2
BOW,BORAWAR,2
BOTR,BHAVDHARI,2
BPKH,BUDHA PUSHKA,2
RGG,RADHOGARH,2
KALN,KALANA,2
RNI,RANGAPANI,2
RNGN,RANIGAON,2
NCE,NLACHRVURU E,2
WDA,WADRENGDISA,2
ALGP,ALGAPUR,2
JIGT,JIRIGHAT,2
JKO,JAKKALACHERU,2
JKAR,JAKLAIR,2
DBLG,DIJAOBRA,2
DBF,DABPAL,2
CUE,CHAUPALE,2
CTS,CHHATARIPUT,2
SSCR,SONACHARA  S,2
DAC,DAHINSARA,2
PEI,PERANI,2
LB,LAIN BAZAR,2
LCT,LANGCHOLIET,2
KYG,KIDIYA NAGAR,2
DAYG,DARIYAGANJ,2
DCA,DAMCHARA,2
DBZ,DHING BAZAR,2
MGKP,MANISINGH KA,2
TNO,TUNDU,2
PFU,PADUA,2
KZJE,KAZIPET E CA,2
LAA,LAKHPAT,2
KZJF,KAZIPET F CA,2
DBLI,DEBRABANDHAU,2
DGFJ,DAHEJ,2
DGX,DAHGAON,2
DGPI,DURGAPURI,2
NSP,NALLA-SOPARA,2
MHPE,MOHOPE,2
MHN,MAHANADI,2
MHKT,MOHKHUTI,2
NSCL,NEW SILCHAR,2
BMPR,BADAMPAHAR,2
TOP,TAPASI,2
BNA,BANNIKOPPA,2
NTVT,NETHRAVATHI,2
KVLS,KARAKAVALASA,2
KWGN,KAWARGAON,2
SRKR,SALAR KHURD,2
SRK,SAMRAU,2
KUW,KUNWAR,2
SQF,SUKRITIPUR,2
SQB,SINGHABAD,2
SPS,SHRIPAT SHRI,2
TPQ,TOKOPAL,2
TPO,TANTPUR,2
MGV,MOLAGAVALLI,2
MGTD,meghpur tito,2
NTT,NATHAPETTAI,2
NSPH,NARASAPURAPU,2
SRGP,SARGIPALI,2
DDMT,DARIMETA,2
SRAS,SIRAS,2
PKJN,PAKHAJAN,2
PKB,PATHARKHOLA,2
KUMT,KURMAHAT,2
SPD,SUPEDI,2
SOQ,SOMPUR ROAD,2
TRBE,TARABARI,2
TQR,TEKTAR F,2
DHM,DADHAL INAM,2
DHRY,DHAIPUKHURI,2
DHQ,DHARAKOH,2
PJPT,PARJAPATI HA,2
DJS,DHURANT JWAS,2
DJHR,DEOJHAR,2
DJA,DAOTUHAJA,2
DIU,DHING,2
SOLR,SOLUR,2
SOF,SAOTA,2
DKE,DIHAKHO,2
DKW,DHANAKWADA,2
DKUR,DOKUR,2
DKSA,DRAKSHARAMA,2
TRF,TAROPA,2
NRYP,NARAYANAPURA,2
NRSP,NARASIMHAPUR,2
BKS,BALIKOTIA,2
DIR,DHANAPUR-ORI,2
JUR,JUTURU,2
KARJ,KARJHAUSA,2
KAYR,KAYAR,2
ROS,RAJOSI,2
JHH,JHALRA  HALT,2
JGLP,JATINGA,2
MWAI,MAWAI,2
MVW,MALLIVIDU,2
MWR,MAHANSAR,2
RDY,Reddipalaiya,2
RPY,RUPAI,2
RPI,RUPAHELI,2
JDD,JERTHI DADHI,2
JGI,JHAGADIYA JN,2
ISHN,ISHANAGAR,2
RRP,RAIRANGPUR,2
DOI,DOMOHNI,2
KTOR,KATORIYA,2
DMZ,DUMDANGI,2
SNIE,SATH NARAINI,2
PLWR,PHULWARIA,2
MITA,MITHA,2
MJKN,MAJRIKHADAN,2
TSL,TAKSAL,2
DMF,DUMETRA,2
DMSR,DHIMSIRI,2
DNGI,DANGARI,2
KTLA,KATKOLA,2
PLE,PIPLEE,2
DLDE,DALDALI,2
PN,PANSAR,2
DPZ,DEVPURA,2
DPSR,DAPSAURA,2
MKJ,MAKKAJIPALLI,2
MKHR,MARWAR KHARA,2
BKKA,BHUKARKA,2
BKC,BHIKAMKOR,2
BKAC,BARKAKANA AV,2
NRKE,NARI-KHETRI,2
NRJ,NARIMOGARU,2
KTCR,KATLICHERA,2
KTCE,KATOGHAN,2
SNAR,SRINAGAR,2
SN,SUKNA,2
SLON,SALONA,2
SMDM,SAMUDRAM,2
SMBH,SALIMPUR BIH,2
DTC,DITOKCHERRA,2
DSX,DESANG,2
DSVS,D Samudraval,2
BII,BORIDRA,2
BIDD,BIDIYAD,2
TVNL,TIRUVENNAMAL,2
BJM,BAGAVATHIPUR,2
SMLG,SHIMILI GUDA,2
SMGR,SAMAGURI,2
DPC,DARLIPUT,2
DVGM,DEVGAM,2
DUT,DUM DUMA TOW,2
DURP,DURGAPURI,2
NOR,NEORANADI,2
MKWI,MAKARWADI HA,2
MKRH,MALLICKPURHA,2
MKRD,MACHHAKUNDA,2
MLBZ,MAL BAZAR,2
TZD,TOZHUPPEDU,2
TY,TULUKAPATTI,2
TXD,TYADA,2
DTRD,DIYATRA,2
DTRA,DANTRA,2
SLPM,SHIVALINGAPU,2
SKNP,SARKANPUR,2
EGU,IRANAGALU,2
MLNH,MALANCHA,2
MMC,MAHAMANDIR,2
YPRA,YESVANTPUR B,2
BHSA,BHISA HALT,2
BHRB,BHAIRABI,2
BHNS,BHANSI,2
BHNG,BHALUKPONG,2
BICI,BARKICHANPI,2
BHZ,BIHARA,2
DWL,DHUWALA,2
ACCI,ADICHUNCHUNA,2
DXU,DOHRU,2
KRLA,KORATLA,2
KRMD,KUARMUNDA,2
ESV,ISIVI,2
SJSM,SALEMGARH MA,2
BHBR,BATHUA BAZAR,2
UGNA,UGNA,2
UDPR,UDAIPURA,2
UDK,UDYANKHERI,2
NOLB,NOLBARI,2
NNWH,NEW NAWADIH,2
MLPM,ARAKKONAM WE,2
JSD,JAISINDER,2
KRHT,KHARAHAT,2
KRHA,KORAHIA,2
KRDN,KARAUNDHANA,2
KRAP,KRAPPA HALT,2
SKPA,SRI KALYAN P,2
KQY,KHARIKATIA,2
POX,POLAPATTHAR,2
JSI,JASALI,2
MMKB,MEMRA MEMRAK,2
MNDP,MENDIPATHAR,2
MNCR,MONACHERRA,2
MMVR,MURGA-MAHADE,2
NMLU,NEMAKALLU,2
BHAU,BHALUA,2
BHAS,BHOJRAS,2
BHJA,BHEJA,2
EN,ISAND,2
SKAR,SAKARIYA,2
SK,SAKHUN,2
FAB,FATEHABAD,2
GADH,GOALDIH,2
GA,GUDDA,2
SIZ,SHRIKHANDA,2
SIRD,SIRD,2
SIRA,SIRHI ITARA,2
SILR,SILARI,2
RJU,RAJULA CITY,2
MOAR,MANIPUR BAGA,2
MNPT,MUNGILIPATTU,2
ULU,ULUNDURPET,2
BGHU,BORRAGUHALU,2
NNHT,NONIHAT,2
KPLH,KOTIPALLI,2
KPJG,KEREJANGA,2
KQI,KALACHAND,2
KPU,KRISHNAPURAM,2
KOTI,KOTI,2
SIA,SHIVLAKHA,2
BTTN,BHATTIAN,2
SHRG,SHRI RAMGARH,2
GDKP,GHUNDANKHAPA,2
UML,UMALLA,2
BFG,BAGTHAR,2
BUF,BIMALGARH JN,2
PPS,PIPLIYA ROAD,2
BUBR,BHUTKIYA BHI,2
KOWN,KHOWANG,2
KOVH,KOVVADA HALT,2
SIGA,SHANTIGRAMA,2
SIDP,SIDDAPURA,2
GAMN,GAMANI,2
KNHP,KANHAIPUR,2
PQU,PARHANA MAU,2
BUB,BISSAU,2
NLN,NAILALUNG,2
NLA,NANCHERLA,2
NKX,NAKATI SEMRA,2
BDS,BORADIGHI,2
BDRI,BHADRAULI,2
BED,BASERI,2
BDYK,BINDAYAKA,2
BDXX,BADEARAPUR,2
GBE,GAYABARI,2
SIBR,SHRIBAR,2
KODR,KODINAR,2
KNYR,KANIYURU,2
PRNR,PORJANPUR,2
PRKL,PARIKKAL,2
KMSD,KUMAR SODRA,2
KMQA,KOMALI,2
KNDP,KHANDIP,2
SHEO,SHISHO H,2
SGW,SINGWAL,2
BSRL,BESROLI,2
BDHA,BADHADA,2
BDQ,BUDORA,2
BDO,BAHALDA ROAD,2
BDNP,BIDANPUR,2
URML,UPARMAL,2
BDVR,BODDAVARA,2
GDD,GADRA ROAD,2
GGY,GAGARIYA,2
GGNP,GANGANPALLE,2
BSRI,BASARI,2
GIZ,GIDAM,2
GIHT,GAIGHAT HALT,2
GJN,GAJNER,2
BCF,BANKAPASI,2
NKRA,NOKHRA,2
NKJ,NEW KATNI JU,2
MOX,MORAN,2
NJB,NIJBARI,2
BSPL,BASAMPALLE,2
VB,Villiambakka,2
BCW,BHAWI,2
GEK,GEGAL AKHRI,2
KMH,KALAMALLA,2
PRSR,PAHARSAR,2
KMPS,KUMARAPATNAM,2
KMNG,KAMRANGA,2
KMLR,KAMALUR,2
GMC,KANPUR GOODS,2
GM,GARMADI,2
GLTA,GAHLOTA,2
GMTO,GUMTO,2
VGH,VELANGI HALT,2
BBI,BARA BANI,2
BBCE,BULBULCHANDI,2
BBC,BHACHHBAR,2
THMR,THATHANA MIT,2
VDK,VADAKANNIKAP,2
THMA,THAM,2
KMEZ,KUMAR MARANG,2
KMA,KAIMA,2
SEPN,SEPON,2
MPLY,MEPPULIYUR,2
THM,THAIYAT HAMI,2
MPT,MANGALAMPETA,2
MPRA,MAHAMADPUR-A,2
MRC,MARICHETHAL,2
MRBD,MOINARBAND,2
VGRA,VAGRA,2
GMM,GUMMAN,2
GME,GUMANDEV,2
SFZ,SHINDURIYA K,2
SFM,SUNAM,2
PSJ,PATASAHI,2
GUMI,GORUMAHISANI,2
KKR,KHAKHRALA RO,2
KLCR,KATLICHERRA,2
SDLK,SUNDLAK,2
SDHR,SANDHANI DHA,2
MRKL,MARIKAL,2
TGT,TINAIGHAT,2
MANE,MANESWAR,2
MRWS,MARWAR RANAW,2
VJK,VEJALAKA,2
VH,VAKADA HALT,2
BARA,BILARA,2
BASR,BATESAR,2
MAKP,MANIKPURA,2
GPJ,GORAPUR,2
GPY,GANGA YAPALL,2
GVMR,GOVINDI MARW,2
GVMH,GANGAVARAM H,2
HAB,BAH,2
HBU,HALBARGA,2
HBQ,HUBLI EAST C,2
PUHT,PUSHKAR TERM,2
MRTD,MORTAD,2
MRTA,MURAITHA  HA,2
AKW,AKONA,2
NGX,NEGUN,2
BAF,BAP,2
BAJE,BAJAKARE,2
KKBA,KAKBARA,2
PTPL,PETRAPOLE,2
GTWD,GHATWAD,2
KIJ,KULDIHA,2
PUQ,PURANIGUDAM,2
HKD,HAILAKANDI,2
HLX,HILARA,2
HLKT,HALAKATTA,2
VML,VEMULAPADU,2
AVH,AVIDHA,2
VLV,VALLIVEDU,2
AYN,AIYANAPURAM,2
HATB,HATIBARI,2
GUDM,GUDUM,2
PYLA,PIYALA BLOCK,2
SAMN,SAMNI JN.,2
SALI,SAHELI,2
AKVU,ANKLESHWAR U,2
HNR,HANSARA,2
HNPA,HANDAPA,2
HNM,HINOTA RAMBA,2
NGMN,NEW GUMANDEV,2
NGM,NAGASAMUDRAM,2
JUCT,JODHPUR CANT,2
KHGP,KHARGAPUR,2
KHST,KASHANATTI,2
HLD,HALUDPUKUR,2
SAS,SHEODASPURA-,2
QMRS,KAYAMSAR,2
PVN,PUVANUR,2
RUT,RATNAL,2
JWS,JHARWASA,2
RXRX,RANGAPHAR CR,2
RAPU,RAMPURA,2
RAMA,RAMVA,2
RAJ,RAJPIPLA,2
KEMR,KEMRI (HALT),2
KEMA,KUKMA,2
ASP,ASPARI,2
ASCE,ATHSARAI,2
VONB,VONDH,2
AVC,AMARAVATHI C,2
QDN,QADIAN,2
PYV,PALAYASIVARA,2
JATP,JAITPURA,2
JAK,JAKANUR H,2
JCH,JETHA CHANDA,2
ANM,ANAMALAI ROA,2
VU,VAGHPURA,2
MUPA,MUPA,2
RTG,RANGTONG,2
KDGI,KUDGI H,2
KDBA,KODIMBALA,2
KDAG,KYATSNDRA GO,2
KCY,KAICHAR,2
KDMD,KANDAMBAKKAM,2
RMX,RAMSAR,2
RSWT,RAMGARH SHEK,2
HWX,HABAIPUR,2
RUP,RUPAIGAON,2
HTNL,HITNAL H,2
RMPB,RAMPUR BAZAR,2
HTL,HATIKHALI,2
JNNA,JAMUNIATANR,2
MTV,MATALKUNTA,2
MTPI,METPALLI,2
VRDP,VARADAPUR,2
KGK,KANKURGACHHI,2
RXR,RANGAPAHAR,2
HTD,HATUNDI,2
HSWS,HANSIAWAS,2
LTG,LATAGURI JN,2
RUB,RASULABAD,2
RTRA,RAMNATHPUR,2
MAAR,MALAR,2
IGTA,LNGOHTA,2
MUM,MANGAPATNAM,2
MVG,MALIGURA,2
MVF,MANABAR,2
MVA,MALAKA VEMAL,2
ARMU,ARMOOR,2
VRN,VANGANUR,2
RBCS,RAMACHANDRAP,2
KDS,KUSUNDA,2
KDPA,KHADAPA,2
TASA,TIPPESANDRA,2
KDUH,KUNDURU,2
AGZ,AMAGURA,2
WWA,VAVANIYA,2
MBO,MAIRABARI,2
AGB,AMBAGAON,2
YGD,YERRAGUDIPAD,2
BTM,BATTULAPURAM,2
JMRA,JAMIRA,2
JNRI,JALINDRI,2
RLX,RAMANUJAMPAL,2
RLR,RAILA ROAD,2
RLP,HARLA PUR,2
JSA,JASAI,2
AKAH,ARTALAKATTA,2
ALE,AMLETHA,2
JRT,JARATI,2
OKD,OKHAMADHI,2
BTDR,BATADRAWA RO,2
NAL,NAL HALT,2
MXJ,MANGURJAN,2
NBS,NEW BANESWAR,2
MYD,MANDERDISA,2
MZHL,MAJHAULI,2
AHO,ADARSHNAGAR,2
RJD,RAJ-PARDI,2
JTKN,JAITPUR KALA,2
RLL,REGADIPALLI,2
TILA,TILA,2
JRBM,JIRIBAM,2
JRX,JURIAGAON,2
JRV,JUNA RAJUVAD,2
MAKH,MOKHAMPURA,2
WSC,WEST CABIN T,1
HRNS,HARISING,1
MTSK,MOTA SURKA,1
NEWC,NEW WEST CAB,1
NEYT,NATIONAL THE,1
VVKN,VIVEKANANDA,1
KGW,KARIGANURU,1
ASJP,AMAR SAHEED,1
AYD,AYANDUR,1
AWPR,AWAPUR F,1
VNGL,LADDIVADI,1
VNGP,VANGAICHUNGP,1
PWU,PARANUR,1
BA,BANDRA,1
SGLM,SENGULAM,1
BCL,MUMBAI CENTR,1
BCPR,BACHHARPUR H,1
PRGR,PINAGORIA,1
UMB,AMBALA CANT JN,1
SKIP,SHIKARIPARA,1
KRCA,KARCHIYA YAR,1
SLJR,SALGAJHARI,1
MJM,MANJHAULI GR,1
NRSD,NEW RUNNISAI,1
PJLE,PANJWARA ROA,1
BLWD,BOLWAD,1
KURV,KURVA,1
PKL,PAPINAYAKANA,1
DDS,DUDH SAGAR,1
BMNI,BAMANI,1
SPRN,SALEMPUR HAL,1
TNRI,TENERI HALT,1
MGPI,MANGARPATTI,1
DDCL,DOMBIVLI CTL,1
LDH,LUDHIANA JN,1
JHSA,JHANSI A CAB,1
MUY,MUGAIYUR HAL,1
ALPD,ADALPAHARI,1
CRZ,CARANZOL,1
STDB,SITAFALMANDI,1
CPW,CHOTIPADOLI,1
MDVB,MANDAR VIDYA,1
MEH,MELALATHUR,1
LIM,SONAUILM,1
CKMI,CHHOTAKI MAS,1
SVDK,SHMATA VD KATRA,1
CKVD,CHIKKADAVADI,1
LLKN,LAL KALAN,1
PCTM,PUDUCHATTI,1
CHJC,CHITODA,1
BRMA,BARMASIA,1
BRTA,BARTARA  HAL,1
MCL,MADIMANGALAM,1
MAUL,MAULA ALI,1
RMBG,RAMGHAT  HAL,1
YADA,SATYAVALLI,1
