Train_No,Start_Station_Code,Start_Station_Name,End_Station_Code,End_Station_Name,Total_Distance,Duration_Minutes,Duration_Hours,Route_Type
107,SWV,SAWANTWADI R,MAO,MADGOAN JN.,78,105.0,1.75,Short
108,MAO,MADGOAN JN.,SWV,SAWANTWADI R,83,115.0,1.9166666666666667,Short
128,MAO,MADGOAN JN.,KOP,CHHATRAPATI,978,1325.0,22.083333333333332,Long
290,DSJ,DELHI-SAFDAR,DSJ,DELHI-SAFDAR,2694,9120.0,152.0,Long
401,AWB,AURANGABAD,BSB,VARANASI JN.,1618,2190.0,36.5,Long
421,LKO,LUCKNOW JN.,SVDK,SHRI MATA VA,1276,1980.0,33.0,Long
422,SVDK,SHRI MATA VA,LKO,LUCKNOW JN.,1277,1605.0,26.75,Long
477,SSA,SIRSA,SSA,SIRSA,2616,3070.0,51.166666666666664,Long
502,RJPB,RAJENDRANAGA,UMB,AMBALA CANTT,1206,1380.0,23.0,Long
504,PNBE,PATNA JN.,BTI,BATHINDA JN,1313,1500.0,25.0,Long
506,PNBE,PATNA JN.,PTA,PATIALA,1161,1530.0,25.5,Long
557,URK,URKURA,PJP,PANJIPARA,1301,690.0,11.5,Long
604,PNBE,PATNA JN.,ASR,AMRITSAR JN.,1429,1650.0,27.5,Long
1011,CSMT,CST-MUMBAI,NGP,NAGPUR JN.(C,841,840.0,14.0,Long
1037,LTT,LOKMANYA TIL,SWV,SAWANTWADI R,513,560.0,9.333333333333334,Long
1038,SWV,SAWANTWADI R,LTT,LOKMANYA TIL,503,615.0,10.25,Long
1045,LTT,LOKMANYA TIL,KRMI,KARMALI,563,590.0,9.833333333333334,Long
1119,AJNI,AJNI,KRMI,KARMALI,1329,1480.0,24.666666666666668,Long
1120,KRMI,KARMALI,AJNI,AJNI,1319,1470.0,24.5,Long
1122,KRMI,KARMALI,CSMT,CST-MUMBAI,569,720.0,12.0,Long
1196,NGP,NAGPUR JN.(C,KRMI,KARMALI,1332,1540.0,25.666666666666668,Long
1301,PUNE,PUNE JN.,MAJN,MANGALORE JN,976,1060.0,17.666666666666668,Long
1302,MAJN,MANGALORE JN,PUNE,PUNE JN.,973,1285.0,21.416666666666668,Long
1442,DSJ,DELHI-SAFDAR,KK,KHADKI,1581,2340.0,39.0,Long
1655,PUNE,PUNE JN.,JBP,JABALPUR,1050,1170.0,19.5,Long
1656,JBP,JABALPUR,PUNE,PUNE JN.,1050,1115.0,18.583333333333332,Long
1705,BDTS,BANDRA TERMI,JBP,JABALPUR,1261,1285.0,21.416666666666668,Long
1706,JBP,JABALPUR,BDTS,BANDRA TERMI,1262,1255.0,20.916666666666668,Long
1707,JBP,JABALPUR,ATT,ATARI JN,1360,1590.0,26.5,Long
1708,ATT,ATARI JN,JBP,JABALPUR,1362,1595.0,26.583333333333332,Long
2025,CSMT,CST-MUMBAI,KRMI,KARMALI,579,500.0,8.333333333333334,Long
2026,KRMI,KARMALI,CSMT,CST-MUMBAI,569,510.0,8.5,Long
2191,JBP,JABALPUR,SRC,SANTRAGACHI,1123,1190.0,19.833333333333332,Long
2192,SRC,SANTRAGACHI,JBP,JABALPUR,1123,1150.0,19.166666666666668,Long
2195,REWA,REWA,BPL,BHOPAL,551,580.0,9.666666666666666,Long
2196,BPL,BHOPAL,REWA,REWA,549,600.0,10.0,Long
2515,TVC,TRIVANDRUM C,SCL,SILCHAR,3939,4615.0,76.91666666666667,Long
2651,PLNI,PALANI,POY,POLLACHI,62,85.0,1.4166666666666667,Short
2652,POY,POLLACHI,PLNI,PALANI,62,85.0,1.4166666666666667,Short
2731,HYB,HYDERABAD DE,JP,JAIPUR JN.,1854,2280.0,38.0,Long
2732,JP,JAIPUR JN.,HYB,HYDERABAD DE,1853,2125.0,35.416666666666664,Long
2821,PUNE,PUNE JN.,SRC,SANTRAGACHI,2066,1905.0,31.75,Long
2822,SRC,SANTRAGACHI,PUNE,PUNE JN.,2073,1935.0,32.25,Long
2833,RJT,RAJKOT,SRC,SANTRAGACHI,2332,2535.0,42.25,Long
2834,SRC,SANTRAGACHI,RJT,RAJKOT,2351,2440.0,40.666666666666664,Long
2841,SRC,SANTRAGACHI,MAS,CHENNAI CENT,1656,1600.0,26.666666666666668,Long
2842,MAS,CHENNAI CENT,SRC,SANTRAGACHI,1656,1750.0,29.166666666666668,Long
2845,PUNE,PUNE JN.,HTE,HATIA,1770,1895.0,31.583333333333332,Long
2846,HTE,HATIA,PUNE,PUNE JN.,1791,1785.0,29.75,Long
3101,KOAA,KOLKATA,PURI,PURI,523,715.0,11.916666666666666,Long
3102,PURI,PURI,KOAA,KOLKATA,522,700.0,11.666666666666666,Long
3301,ASN,ASANSOL MAIN,DHN,DHANBAD JN.,58,85.0,1.4166666666666667,Short
3302,DHN,DHANBAD JN.,ASN,ASANSOL MAIN,58,85.0,1.4166666666666667,Short
3305,DHN,DHANBAD JN.,KDS,KUSUNDA,3,20.0,0.3333333333333333,Short
3306,KDS,KUSUNDA,DHN,DHANBAD JN.,3,20.0,0.3333333333333333,Short
3307,SZE,SONARDIH,PLJE,PHULWARTANR,4,35.0,0.5833333333333334,Short
3308,PLJE,PHULWARTANR,SZE,SONARDIH,4,30.0,0.5,Short
3501,JSME,JASIDIH JN.,ANVT,ANAND VIHAR,1193,1180.0,19.666666666666668,Long
3502,ANVT,ANAND VIHAR,JSME,JASIDIH JN.,1193,1300.0,21.666666666666668,Long
4401,ANVT,ANAND VIHAR,SVDK,SHRI MATA VA,710,880.0,14.666666666666666,Long
4402,SVDK,SHRI MATA VA,ANVT,ANAND VIHAR,710,855.0,14.25,Long
4409,DLI,DELHI JN.,SVDK,SHRI MATA VA,653,860.0,14.333333333333334,Long
4410,SVDK,SHRI MATA VA,DLI,DELHI JN.,653,825.0,13.75,Long
4419,MAO,MADGOAN JN.,NZM,HAZRAT NIZAM,1916,1815.0,30.25,Long
4420,NZM,HAZRAT NIZAM,MAO,MADGOAN JN.,1924,1685.0,28.083333333333332,Long
4735,BKN,BIKANER JN.,HW,HARIDWAR JN,691,880.0,14.666666666666666,Long
4736,HW,HARIDWAR JN,BKN,BIKANER JN.,691,815.0,13.583333333333334,Long
4767,HMH,HANUMANGARH,SGNR,SHRI GANGANA,67,100.0,1.6666666666666667,Short
4768,SGNR,SHRI GANGANA,HMH,HANUMANGARH,67,110.0,1.8333333333333333,Short
4769,HMH,HANUMANGARH,SGNR,SHRI GANGANA,67,105.0,1.75,Short
4770,SGNR,SHRI GANGANA,HMH,HANUMANGARH,67,95.0,1.5833333333333333,Short
4771,SDLP,SADULPUR JN,SGNR,SHRI GANGANA,232,370.0,6.166666666666667,Medium
4772,SGNR,SHRI GANGANA,SDLP,SADULPUR JN,232,375.0,6.25,Medium
4773,SGNR,SHRI GANGANA,SOG,SURATGARH JN,125,185.0,3.0833333333333335,Medium
4774,SOG,SURATGARH JN,SGNR,SHRI GANGANA,125,155.0,2.5833333333333335,Medium
4801,PBC,PARVATSAR CI,MKN,MAKRANA JN.,21,60.0,1.0,Short
4802,MKN,MAKRANA JN.,PBC,PARVATSAR CI,21,60.0,1.0,Short
4831,JU,JODHPUR JN.,HW,HARIDWAR JN,882,1275.0,21.25,Long
4832,HW,HARIDWAR JN,JU,JODHPUR JN.,881,1140.0,19.0,Long
4851,MTD,MERTA ROAD J,RTGH,RATANAGARH J,197,280.0,4.666666666666667,Medium
4852,RTGH,RATANAGARH J,MTD,MERTA ROAD J,197,305.0,5.083333333333333,Medium
4853,RTGH,RATANAGARH J,CUR,CHURU,42,75.0,1.25,Short
4854,CUR,CHURU,RTGH,RATANAGARH J,42,60.0,1.0,Short
4921,SRE,SAHARANPUR J,UMB,AMBALA CANTT,81,105.0,1.75,Short
4922,UMB,AMBALA CANTT,SRE,SAHARANPUR J,81,115.0,1.9166666666666667,Short
4991,PTK,PATHANKOT JN,JAT,JAMMU TAWI,99,150.0,2.5,Short
4992,JAT,JAMMU TAWI,PTK,PATHANKOT JN,99,140.0,2.3333333333333335,Short
5061,GKP,GORAKHPUR JN,BNY,BARHNI,112,185.0,3.0833333333333335,Medium
5062,BNY,BARHNI,GKP,GORAKHPUR JN,112,165.0,2.75,Medium
5065,CPR,CHHAPRA JN.,LJN,LUCKNOW JN.,503,765.0,12.75,Long
5066,LJN,LUCKNOW JN.,CPR,CHHAPRA JN.,505,720.0,12.0,Long
5105,GKP,GORAKHPUR JN,BST,BASTI,64,110.0,1.8333333333333333,Short
5106,BST,BASTI,GKP,GORAKHPUR JN,64,90.0,1.5,Short
5305,CPA,KANPUR ANWAR,FBD,FARRUKHABAD,136,210.0,3.5,Medium
5306,FBD,FARRUKHABAD,CPA,KANPUR ANWAR,136,175.0,2.9166666666666665,Medium
5309,BC,BAREILLY CIT,LKU,LALKUA JN.,81,110.0,1.8333333333333333,Short
5310,LKU,LALKUA JN.,BC,BAREILLY CIT,81,115.0,1.9166666666666667,Short
5521,JMP,JAMALPUR JN.,SHC,SAHARSA JN.,81,225.0,3.75,Short
5522,SHC,SAHARSA JN.,JMP,JAMALPUR JN.,81,170.0,2.8333333333333335,Short
5613,JLWC,JHALAWAR CIT,KOTA,KOTA,85,125.0,2.0833333333333335,Short
5614,KOTA,KOTA,JLWC,JHALAWAR CIT,85,135.0,2.25,Short
5619,NLP,NORTH LAKHIM,MZS,MURKEONG SEL,153,250.0,4.166666666666667,Medium
5620,MZS,MURKEONG SEL,NLP,NORTH LAKHIM,153,245.0,4.083333333333333,Medium
5631,GHY,GUWAHATI,SCL,SILCHAR,380,745.0,12.416666666666666,Medium
5632,SCL,SILCHAR,GHY,GUWAHATI,379,745.0,12.416666666666666,Medium
5715,NJP,NEW JALPAIGU,KNE,KISHANGANJ,87,130.0,2.1666666666666665,Short
5716,KNE,KISHANGANJ,NJP,NEW JALPAIGU,87,150.0,2.5,Short
5719,KIR,KATIHAR JN.,SGUJ,SILIGURI JN.,204,240.0,4.0,Medium
5720,SGUJ,SILIGURI JN.,KIR,KATIHAR JN.,205,300.0,5.0,Medium
5863,RNY,RANGIYA JN.,RPAN,RANGAPARA NO,89,185.0,3.0833333333333335,Short
5864,RPAN,RANGAPARA NO,RNY,RANGIYA JN.,88,165.0,2.75,Short
5865,RNY,RANGIYA JN.,MZS,MURKEONG SEL,426,725.0,12.083333333333334,Medium
5866,MZS,MURKEONG SEL,RNY,RANGIYA JN.,425,705.0,11.75,Medium
6001,MS,CHENNAI EGMO,TEN,TIRUNELVELI,649,760.0,12.666666666666666,Long
6002,TEN,TIRUNELVELI,MS,CHENNAI EGMO,649,750.0,12.5,Long
6006,ERS,ERNAKULAM. J,MAS,CHENNAI CENT,699,905.0,15.083333333333334,Long
6009,SRC,SANTRAGACHI,PDY,PONDICHERRY,1844,1805.0,30.083333333333332,Long
6010,PDY,PONDICHERRY,SRC,SANTRAGACHI,1843,1995.0,33.25,Long
6041,MAS,CHENNAI CENT,QLN,QUILON,849,1000.0,16.666666666666668,Long
6042,QLN,QUILON,MAS,CHENNAI CENT,851,975.0,16.25,Long
6043,MAS,CHENNAI CENT,QLN,QUILON,849,960.0,16.0,Long
6044,QLN,QUILON,MAS,CHENNAI CENT,852,965.0,16.083333333333332,Long
6046,QLN,QUILON,MAS,CHENNAI CENT,852,1080.0,18.0,Long
6047,MAS,CHENNAI CENT,QLN,QUILON,849,970.0,16.166666666666668,Long
6048,QLN,QUILON,MAS,CHENNAI CENT,852,1020.0,17.0,Long
6049,MS,CHENNAI EGMO,QLN,QUILON,855,905.0,15.083333333333334,Long
6050,QLN,QUILON,MS,CHENNAI EGMO,857,990.0,16.5,Long
6053,KCVL,KOCHUVELI,MAJN,MANGALORE JN,626,635.0,10.583333333333334,Long
6054,MAJN,MANGALORE JN,KCVL,KOCHUVELI,627,800.0,13.333333333333334,Long
6057,SRC,SANTRAGACHI,MAS,CHENNAI CENT,1656,1780.0,29.666666666666668,Long
6058,MAS,CHENNAI CENT,SRC,SANTRAGACHI,1655,1665.0,27.75,Long
6065,CGL,CHENGALPATTU,MDU,MADURAI JN,500,805.0,13.416666666666666,Medium
6066,MDU,MADURAI JN,CGL,CHENGALPATTU,501,635.0,10.583333333333334,Long
6067,CGL,CHENGALPATTU,CBE,COIMBATORE,522,595.0,9.916666666666666,Long
6068,CBE,COIMBATORE,CGL,CHENGALPATTU,522,715.0,11.916666666666666,Long
6081,CBE,COIMBATORE,POY,POLLACHI,45,70.0,1.1666666666666667,Short
6082,POY,POLLACHI,CBE,COIMBATORE,45,70.0,1.1666666666666667,Short
6412,DSJ,DELHI-SAFDAR,PAY,PAYYANUR,2462,3190.0,53.166666666666664,Long
6512,MKM,MARIKUPPAM,BAND,BANASWADI,77,140.0,2.3333333333333335,Short
6513,BWT,BANGARPET JN,MKM,MARIKUPPAM,17,35.0,0.5833333333333334,Short
6541,YPR,YESVANTPUR J,PVR,PANDHARPUR,881,1055.0,17.583333333333332,Long
6542,PVR,PANDHARPUR,YPR,YESVANTPUR J,878,1005.0,16.75,Long
6547,YPR,YESVANTPUR J,ERS,ERNAKULAM. J,632,705.0,11.75,Long
6548,ERS,ERNAKULAM. J,YPR,YESVANTPUR J,634,825.0,13.75,Long
6579,YPR,YESVANTPUR J,VSKP,VISAKHAPATNA,1089,1200.0,20.0,Long
6580,VSKP,VISAKHAPATNA,YPR,YESVANTPUR J,1086,1160.0,19.333333333333332,Long
6581,YPR,YESVANTPUR J,BGM,BELGAUM,607,796.0,13.266666666666667,Long
6582,BGM,BELGAUM,YPR,YESVANTPUR J,604,796.0,13.266666666666667,Long
6591,YPR,YESVANTPUR J,HSRA,HOSUR,62,90.0,1.5,Short
6592,HSRA,HOSUR,YPR,YESVANTPUR J,61,95.0,1.5833333333333333,Short
6593,WFD,WHITE FIELD,BYPL,BAIYYAPPANAH,10,25.0,0.4166666666666667,Short
6594,BYPL,BAIYYAPPANAH,WFD,WHITE FIELD,10,25.0,0.4166666666666667,Short
6595,YPR,YESVANTPUR J,DHL,DEVANHALLI,33,50.0,0.8333333333333334,Short
6596,DHL,DEVANHALLI,YPR,YESVANTPUR J,33,70.0,1.1666666666666667,Short
6647,KRBA,KORBA,BSP,BILASPUR JN.,89,130.0,2.1666666666666665,Short
6648,BSP,BILASPUR JN.,KRBA,KORBA,89,150.0,2.5,Short
6769,PGTN,PALGHAT TOWN,PLNI,PALANI,116,160.0,2.6666666666666665,Medium
6770,PLNI,PALANI,PGTN,PALGHAT TOWN,116,185.0,3.0833333333333335,Medium
6851,KIK,KARAIKAL,NCR,NAGORE,10,20.0,0.3333333333333333,Short
6852,NCR,NAGORE,KIK,KARAIKAL,10,25.0,0.4166666666666667,Short
6853,KIK,KARAIKAL,NCR,NAGORE,10,23.0,0.38333333333333336,Short
6854,NCR,NAGORE,KIK,KARAIKAL,10,25.0,0.4166666666666667,Short
6919,UBL,HUBLI JN.,BJP,BIJAPUR JN,247,416.0,6.933333333333334,Medium
6920,BJP,BIJAPUR JN,UBL,HUBLI JN.,248,411.0,6.85,Medium
7005,HYB,HYDERABAD DE,RXL,RAXAUL JN.,2276,2640.0,44.0,Long
7006,RXL,RAXAUL JN.,HYB,HYDERABAD DE,2297,2745.0,45.75,Long
7007,SC,SECUNDERABAD,DBG,DARBHANGA JN,2023,2385.0,39.75,Long
7008,DBG,DARBHANGA JN,SC,SECUNDERABAD,2033,2470.0,41.166666666666664,Long
7016,KCG,KACHEGUDA,VSKP,VISAKHAPATNA,670,785.0,13.083333333333334,Long
7044,TPTY,TIRUPATI,VSKP,VISAKHAPATNA,735,905.0,15.083333333333334,Long
7061,COA,KAKINADA POR,BZA,VIJAYWADA JN,217,270.0,4.5,Medium
7062,VLNK,VELANKANNI,TPTY,TIRUPATI,437,750.0,12.5,Medium
7075,SC,SECUNDERABAD,CCT,KAKINADA TOW,554,610.0,10.166666666666666,Long
7076,CCT,KAKINADA TOW,SC,SECUNDERABAD,553,710.0,11.833333333333334,Long
7109,HYB,HYDERABAD DE,QLN,QUILON,1589,1875.0,31.25,Long
7110,QLN,QUILON,HYB,HYDERABAD DE,1593,1935.0,32.25,Long
7113,KRMR,KARIM NAGAR,QLN,QUILON,1543,1870.0,31.166666666666668,Long
7133,HYB,HYDERABAD DE,QLN,QUILON,1508,1900.0,31.666666666666668,Long
7134,QLN,QUILON,HYB,HYDERABAD DE,1511,1935.0,32.25,Long
7141,HYB,HYDERABAD DE,QLN,QUILON,1560,1855.0,30.916666666666668,Long
7142,QLN,QUILON,HYB,HYDERABAD DE,1563,1815.0,30.25,Long
7146,TPTY,TIRUPATI,KCG,KACHEGUDA,763,810.0,13.5,Long
7149,SC,SECUNDERABAD,GHY,GUWAHATI,2563,2955.0,49.25,Long
7211,CCT,KAKINADA TOW,QLN,QUILON,1433,1840.0,30.666666666666668,Long
7212,QLN,QUILON,CCT,KAKINADA TOW,1436,1680.0,28.0,Long
7213,BZA,VIJAYWADA JN,QLN,QUILON,1221,1590.0,26.5,Long
7214,QLN,QUILON,BZA,VIJAYWADA JN,1226,1445.0,24.083333333333332,Long
7217,NS,NARASAPUR,QLN,QUILON,1360,1840.0,30.666666666666668,Long
7218,QLN,QUILON,NS,NARASAPUR,1363,1695.0,28.25,Long
7410,TPTY,TIRUPATI,AWB,AURANGABAD,1147,1455.0,24.25,Long
7417,TPTY,TIRUPATI,NSL,NAGARSOL,1330,1705.0,28.416666666666668,Long
7418,NSL,NAGARSOL,TPTY,TIRUPATI,1331,1800.0,30.0,Long
7425,KCG,KACHEGUDA,COA,KAKINADA POR,537,675.0,11.25,Long
7426,COA,KAKINADA POR,KCG,KACHEGUDA,537,680.0,11.333333333333334,Long
7429,SC,SECUNDERABAD,TPTY,TIRUPATI,742,750.0,12.5,Long
7430,TPTY,TIRUPATI,SC,SECUNDERABAD,744,825.0,13.75,Long
7431,CCT,KAKINADA TOW,TPTY,TIRUPATI,597,660.0,11.0,Long
7432,TPTY,TIRUPATI,CCT,KAKINADA TOW,597,660.0,11.0,Long
7435,CCT,KAKINADA TOW,SC,SECUNDERABAD,555,720.0,12.0,Long
7436,SC,SECUNDERABAD,CCT,KAKINADA TOW,554,725.0,12.083333333333334,Long
7438,KCG,KACHEGUDA,TATA,TATANAGAR JN,1533,1845.0,30.75,Long
7439,TATA,TATANAGAR JN,KCG,KACHEGUDA,1533,1810.0,30.166666666666668,Long
7487,TPTY,TIRUPATI,VSKP,VISAKHAPATNA,735,735.0,12.25,Long
7505,AWB,AURANGABAD,QLN,QUILON,1973,2445.0,40.75,Long
7509,ADB,ADILABAD,QLN,QUILON,1886,2300.0,38.333333333333336,Long
7517,BIDR,BIDAR,PVR,PANDHARPUR,350,555.0,9.25,Medium
7525,SGUJ,SILIGURI JN.,NBQ,NEW BONGAIGA,322,555.0,9.25,Medium
7526,NBQ,NEW BONGAIGA,SGUJ,SILIGURI JN.,322,600.0,10.0,Medium
7603,KCG,KACHEGUDA,KJM,KRISHNA RAJA,624,720.0,12.0,Long
7604,KJM,KRISHNA RAJA,KCG,KACHEGUDA,624,930.0,15.5,Long
7607,NED,NANDED,TPTY,TIRUPATI,1014,1155.0,19.25,Long
7608,TPTY,TIRUPATI,NED,NANDED,1016,1185.0,19.75,Long
7613,NZB,NIZAMABAD,QLN,QUILON,1636,2100.0,35.0,Long
7614,QLN,QUILON,NZB,NIZAMABAD,1641,2100.0,35.0,Long
7644,CCT,KAKINADA TOW,TPTY,TIRUPATI,597,695.0,11.583333333333334,Long
7645,RU,RENIGUNTA JN,CCT,KAKINADA TOW,587,555.0,9.25,Long
7757,SC,SECUNDERABAD,BZA,VIJAYWADA JN,314,315.0,5.25,Medium
7758,BZA,VIJAYWADA JN,SC,SECUNDERABAD,314,320.0,5.333333333333333,Medium
7941,CCT,KAKINADA TOW,RU,RENIGUNTA JN,587,660.0,11.0,Long
7942,TPTY,TIRUPATI,CCT,KAKINADA TOW,597,630.0,10.5,Long
8001,KGP,KHARAGPUR,JGM,JHARGRAM,39,35.0,0.5833333333333334,Short
8002,JGM,JHARGRAM,KGP,KHARAGPUR,39,45.0,0.75,Short
8014,MDN,MIDNAPORE,KGP,KHARAGPUR,12,40.0,0.6666666666666666,Short
8017,KGP,KHARAGPUR,JGM,JHARGRAM,39,50.0,0.8333333333333334,Short
8018,JGM,JHARGRAM,KGP,KHARAGPUR,39,55.0,0.9166666666666666,Short
8035,KGP,KHARAGPUR,BLS,BALASORE,120,175.0,2.9166666666666665,Medium
8036,BLS,BALASORE,KGP,KHARAGPUR,120,180.0,3.0,Medium
8051,KGP,KHARAGPUR,JGM,JHARGRAM,39,29.0,0.48333333333333334,Short
8052,JGM,JHARGRAM,KGP,KHARAGPUR,39,45.0,0.75,Short
8061,SHM,SHALIMAR,JP,JAIPUR JN.,1847,2055.0,34.25,Long
8062,JP,JAIPUR JN.,SHM,SHALIMAR,1838,2075.0,34.583333333333336,Long
8063,KGP,KHARAGPUR,BQA,BANKURA,115,180.0,3.0,Medium
8064,YPR,YESVANTPUR J,HWH,HOWRAH JN.,2039,1930.0,32.166666666666664,Long
8065,KGP,KHARAGPUR,BQA,BANKURA,115,160.0,2.6666666666666665,Medium
8082,BQA,BANKURA,VSU,BISHNUPUR,30,30.0,0.5,Short
8087,VSU,BISHNUPUR,BQA,BANKURA,30,28.0,0.4666666666666667,Short
8101,CBSA,CHAIBASA,CKP,CHAKARADHARP,40,80.0,1.3333333333333333,Short
8102,CKP,CHAKARADHARP,CBSA,CHAIBASA,40,55.0,0.9166666666666666,Short
8301,SBP,SAMBALPUR JN,BAND,BANASWADI,1567,1870.0,31.166666666666668,Long
8302,BAND,BANASWADI,SBP,SAMBALPUR JN,1567,1805.0,30.083333333333332,Long
8403,PURI,PURI,SRC,SANTRAGACHI,495,560.0,9.333333333333334,Medium
8404,SRC,SANTRAGACHI,PURI,PURI,497,530.0,8.833333333333334,Medium
8501,VSKP,VISAKHAPATNA,SC,SECUNDERABAD,700,780.0,13.0,Long
8502,SC,SECUNDERABAD,VSKP,VISAKHAPATNA,698,740.0,12.333333333333334,Long
8511,KRDL,KIRANDUL,VSKP,VISAKHAPATNA,471,720.0,12.0,Medium
8512,VSKP,VISAKHAPATNA,KRDL,KIRANDUL,471,705.0,11.75,Medium
8567,VSKP,VISAKHAPATNA,QLN,QUILON,1571,1725.0,28.75,Long
8568,QLN,QUILON,VSKP,VISAKHAPATNA,1578,1845.0,30.75,Long
8573,VSKP,VISAKHAPATNA,TPTY,TIRUPATI,760,870.0,14.5,Long
8574,TPTY,TIRUPATI,VSKP,VISAKHAPATNA,759,920.0,15.333333333333334,Long
8581,BPQ,BALHARSHAH,CAF,CHANDAFORT,11,20.0,0.3333333333333333,Short
8582,CAF,CHANDAFORT,BPQ,BALHARSHAH,11,15.0,0.25,Short
8617,RNC,RANCHI,ANVT,ANAND VIHAR,1365,1430.0,23.833333333333332,Long
8618,ANVT,ANAND VIHAR,RNC,RANCHI,1356,1420.0,23.666666666666668,Long
8627,HWH,HOWRAH JN.,RNC,RANCHI,484,560.0,9.333333333333334,Medium
8628,RNC,RANCHI,HWH,HOWRAH JN.,481,570.0,9.5,Medium
8872,DURG,DURG,G,GONDIA JN.,133,165.0,2.75,Medium
9003,BDTS,BANDRA TERMI,NZM,HAZRAT NIZAM,1355,835.0,13.916666666666666,Long
9004,NZM,HAZRAT NIZAM,BDTS,BANDRA TERMI,1358,835.0,13.916666666666666,Long
9005,BCT,MUMBAI CENTR,NDLS,NEW DELHI,1373,955.0,15.916666666666666,Long
9006,NDLS,NEW DELHI,BCT,MUMBAI CENTR,1376,965.0,16.083333333333332,Long
9011,BDTS,BANDRA TERMI,BKN,BIKANER JN.,1209,1330.0,22.166666666666668,Long
9012,BKN,BIKANER JN.,BDTS,BANDRA TERMI,1211,1315.0,21.916666666666668,Long
9433,BDTS,BANDRA TERMI,GIMB,GANDHIDHAM J,780,805.0,13.416666666666666,Long
9434,GIMB,GANDHIDHAM J,BDTS,BANDRA TERMI,780,820.0,13.666666666666666,Long
9621,AII,AJMER JN.,BDTS,BANDRA TERMI,1281,1335.0,22.25,Long
9622,BDTS,BANDRA TERMI,AII,AJMER JN.,1281,1270.0,21.166666666666668,Long
9721,JP,JAIPUR JN.,UDZ,UDAIPUR CITY,429,435.0,7.25,Medium
9722,UDZ,UDAIPUR CITY,JP,JAIPUR JN.,429,420.0,7.0,Medium
9761,SGNR,SHRI GANGANA,SOG,SURATGARH JN,125,165.0,2.75,Medium
9809,KOTA,KOTA,NZM,HAZRAT NIZAM,447,430.0,7.166666666666667,Medium
9810,NZM,HAZRAT NIZAM,KOTA,KOTA,450,480.0,8.0,Medium
10103,CSMT,CST-MUMBAI,MAO,MADGOAN JN.,590,695.0,11.583333333333334,Long
10104,MAO,MADGOAN JN.,CSMT,CST-MUMBAI,594,745.0,12.416666666666666,Long
10111,CSMT,CST-MUMBAI,MAO,MADGOAN JN.,590,700.0,11.666666666666666,Long
10112,MAO,MADGOAN JN.,CSMT,CST-MUMBAI,594,710.0,11.833333333333334,Long
10215,MAO,MADGOAN JN.,ERS,ERNAKULAM. J,726,805.0,13.416666666666666,Long
10216,ERS,ERNAKULAM. J,MAO,MADGOAN JN.,727,805.0,13.416666666666666,Long
11001,SNSI,SAI NAGAR SH,PVR,PANDHARPUR,348,435.0,7.25,Medium
11002,PVR,PANDHARPUR,SNSI,SAI NAGAR SH,348,445.0,7.416666666666667,Medium
11003,DR,DADAR,SWV,SAWANTWADI R,502,635.0,10.583333333333334,Long
11004,SWV,SAWANTWADI R,DR,DADAR,504,715.0,11.916666666666666,Long
11005,DR,DADAR,PDY,PONDICHERRY,1636,2025.0,33.75,Long
11006,PDY,PONDICHERRY,DR,DADAR,1639,1970.0,32.833333333333336,Long
11007,CSMT,CST-MUMBAI,PUNE,PUNE JN.,191,245.0,4.083333333333333,Medium
11008,PUNE,PUNE JN.,CSMT,CST-MUMBAI,191,242.0,4.033333333333333,Medium
11009,CSMT,CST-MUMBAI,PUNE,PUNE JN.,191,250.0,4.166666666666667,Medium
11010,PUNE,PUNE JN.,CSMT,CST-MUMBAI,191,230.0,3.8333333333333335,Medium
11011,LTT,LOKMANYA TIL,NED,NANDED,723,1000.0,16.666666666666668,Long
11012,NED,NANDED,LTT,LOKMANYA TIL,723,1035.0,17.25,Long
11013,LTT,LOKMANYA TIL,CBE,COIMBATORE,1515,1960.0,32.666666666666664,Long
11014,CBE,COIMBATORE,LTT,LOKMANYA TIL,1515,1775.0,29.583333333333332,Long
11015,LTT,LOKMANYA TIL,GKP,GORAKHPUR JN,1678,1940.0,32.333333333333336,Long
11016,GKP,GORAKHPUR JN,LTT,LOKMANYA TIL,1677,2000.0,33.333333333333336,Long
11017,LTT,LOKMANYA TIL,KIK,KARAIKAL,1631,1830.0,30.5,Long
11018,KIK,KARAIKAL,LTT,LOKMANYA TIL,1634,2025.0,33.75,Long
11019,CSMT,CST-MUMBAI,BBS,BHUBANESWAR,1941,2225.0,37.083333333333336,Long
11020,BBS,BHUBANESWAR,CSMT,CST-MUMBAI,1941,2190.0,36.5,Long
11021,DR,DADAR,TEN,TIRUNELVELI,1843,2295.0,38.25,Long
11022,TEN,TIRUNELVELI,DR,DADAR,1845,2320.0,38.666666666666664,Long
11023,CSMT,CST-MUMBAI,KOP,CHHATRAPATI,517,735.0,12.25,Long
11024,KOP,CHHATRAPATI,CSMT,CST-MUMBAI,517,780.0,13.0,Long
11025,BSL,BHUSAVAL JN.,PUNE,PUNE JN.,545,700.0,11.666666666666666,Long
11026,PUNE,PUNE JN.,BSL,BHUSAVAL JN.,545,605.0,10.083333333333334,Long
11027,CSMT,CST-MUMBAI,MAS,CHENNAI CENT,1281,1665.0,27.75,Long
11028,MAS,CHENNAI CENT,CSMT,CST-MUMBAI,1283,1670.0,27.833333333333332,Long
11029,CSMT,CST-MUMBAI,KOP,CHHATRAPATI,517,705.0,11.75,Long
11030,KOP,CHHATRAPATI,CSMT,CST-MUMBAI,517,730.0,12.166666666666666,Long
11031,SUR,SOLAPUR,BJP,BIJAPUR JN,108,130.0,2.1666666666666665,Medium
11032,BJP,BIJAPUR JN,SUR,SOLAPUR,108,170.0,2.8333333333333335,Medium
11033,PUNE,PUNE JN.,DBG,DARBHANGA JN,1955,2310.0,38.5,Long
11034,DBG,DARBHANGA JN,PUNE,PUNE JN.,1953,2360.0,39.333333333333336,Long
11035,DR,DADAR,MYS,MYSORE JN.,1210,1450.0,24.166666666666668,Long
11036,MYS,MYSORE JN.,DR,DADAR,1213,1405.0,23.416666666666668,Long
11037,PUNE,PUNE JN.,GKP,GORAKHPUR JN,1777,1970.0,32.833333333333336,Long
11038,GKP,GORAKHPUR JN,PUNE,PUNE JN.,1777,2195.0,36.583333333333336,Long
11039,KOP,CHHATRAPATI,G,GONDIA JN.,1352,1725.0,28.75,Long
11040,G,GONDIA JN.,KOP,CHHATRAPATI,1353,1705.0,28.416666666666668,Long
11041,CSMT,CST-MUMBAI,MAS,CHENNAI CENT,1281,1590.0,26.5,Long
11042,MAS,CHENNAI CENT,CSMT,CST-MUMBAI,1283,1515.0,25.25,Long
11043,LTT,LOKMANYA TIL,MDU,MADURAI JN,1696,2035.0,33.916666666666664,Long
11044,MDU,MADURAI JN,LTT,LOKMANYA TIL,1700,2145.0,35.75,Long
11045,KOP,CHHATRAPATI,DHN,DHANBAD JN.,2894,3615.0,60.25,Long
11046,DHN,DHANBAD JN.,KOP,CHHATRAPATI,2892,3705.0,61.75,Long
11047,MRJ,MIRAJ JN.,UBL,HUBLI JN.,278,375.0,6.25,Medium
11048,UBL,HUBLI JN.,MRJ,MIRAJ JN.,279,345.0,5.75,Medium
11049,ADI,AHMEDABAD,KOP,CHHATRAPATI,949,1200.0,20.0,Long
11050,KOP,CHHATRAPATI,ADI,AHMEDABAD,949,1135.0,18.916666666666668,Long
11051,SUR,SOLAPUR,KOP,CHHATRAPATI,314,405.0,6.75,Medium
11052,KOP,CHHATRAPATI,SUR,SOLAPUR,314,455.0,7.583333333333333,Medium
11053,LTT,LOKMANYA TIL,AMH,AZAMGARH,1552,2010.0,33.5,Long
11054,AMH,AZAMGARH,LTT,LOKMANYA TIL,1551,1855.0,30.916666666666668,Long
11055,LTT,LOKMANYA TIL,GKP,GORAKHPUR JN,1732,2005.0,33.416666666666664,Long
11056,GKP,GORAKHPUR JN,LTT,LOKMANYA TIL,1732,2035.0,33.916666666666664,Long
11057,CSMT,CST-MUMBAI,ASR,AMRITSAR JN.,2026,2460.0,41.0,Long
11058,ASR,AMRITSAR JN.,CSMT,CST-MUMBAI,2029,2615.0,43.583333333333336,Long
11059,LTT,LOKMANYA TIL,CPR,CHHAPRA JN.,1772,2050.0,34.166666666666664,Long
11060,CPR,CHHAPRA JN.,LTT,LOKMANYA TIL,1770,2100.0,35.0,Long
11061,LTT,LOKMANYA TIL,DBG,DARBHANGA JN,1885,2215.0,36.916666666666664,Long
11062,DBG,DARBHANGA JN,LTT,LOKMANYA TIL,1883,2315.0,38.583333333333336,Long
11063,MS,CHENNAI EGMO,SA,SALEM JN.,352,380.0,6.333333333333333,Medium
11064,SA,SALEM JN.,MS,CHENNAI EGMO,352,385.0,6.416666666666667,Medium
11067,LTT,LOKMANYA TIL,FD,FAIZABAD JN.,1510,1652.0,27.533333333333335,Long
11068,FD,FAIZABAD JN.,LTT,LOKMANYA TIL,1509,1795.0,29.916666666666668,Long
11071,LTT,LOKMANYA TIL,BSB,VARANASI JN.,1645,1845.0,30.75,Long
11072,BSB,VARANASI JN.,LTT,LOKMANYA TIL,1647,1860.0,31.0,Long
11073,LTT,LOKMANYA TIL,MAS,CHENNAI CENT,1265,1415.0,23.583333333333332,Long
11074,MAS,CHENNAI CENT,LTT,LOKMANYA TIL,1267,1485.0,24.75,Long
11075,LTT,LOKMANYA TIL,BIDR,BIDAR,651,805.0,13.416666666666666,Long
11076,BIDR,BIDAR,LTT,LOKMANYA TIL,651,935.0,15.583333333333334,Long
11077,PUNE,PUNE JN.,JAT,JAMMU TAWI,2155,2445.0,40.75,Long
11078,JAT,JAMMU TAWI,PUNE,PUNE JN.,2157,2485.0,41.416666666666664,Long
11079,LTT,LOKMANYA TIL,GKP,GORAKHPUR JN,1745,2020.0,33.666666666666664,Long
11080,GKP,GORAKHPUR JN,LTT,LOKMANYA TIL,1745,2070.0,34.5,Long
11081,LTT,LOKMANYA TIL,GKP,GORAKHPUR JN,1731,2055.0,34.25,Long
11082,GKP,GORAKHPUR JN,LTT,LOKMANYA TIL,1731,2035.0,33.916666666666664,Long
11083,LTT,LOKMANYA TIL,KZJ,KAZIPET JN.,1153,1650.0,27.5,Long
11084,KZJ,KAZIPET JN.,LTT,LOKMANYA TIL,1153,1770.0,29.5,Long
11085,LTT,LOKMANYA TIL,MAO,MADGOAN JN.,574,717.0,11.95,Long
11086,MAO,MADGOAN JN.,LTT,LOKMANYA TIL,578,670.0,11.166666666666666,Long
11087,VRL,VERAVAL,PUNE,PUNE JN.,1053,1215.0,20.25,Long
11088,PUNE,PUNE JN.,VRL,VERAVAL,1053,1255.0,20.916666666666668,Long
11089,BGKT,BHAGAT-KI-KO,PUNE,PUNE JN.,1074,1390.0,23.166666666666668,Long
11090,PUNE,PUNE JN.,BGKT,BHAGAT-KI-KO,1072,1280.0,21.333333333333332,Long
11091,BHUJ,NEW BHUJ,PUNE,PUNE JN.,981,1185.0,19.75,Long
11092,PUNE,PUNE JN.,BHUJ,NEW BHUJ,981,1170.0,19.5,Long
11093,CSMT,CST-MUMBAI,BSB,VARANASI JN.,1516,1710.0,28.5,Long
11094,BSB,VARANASI JN.,CSMT,CST-MUMBAI,1515,1615.0,26.916666666666668,Long
11095,ADI,AHMEDABAD,PUNE,PUNE JN.,623,745.0,12.416666666666666,Long
11096,PUNE,PUNE JN.,ADI,AHMEDABAD,622,715.0,11.916666666666666,Long
11097,PUNE,PUNE JN.,ERS,ERNAKULAM. J,1278,1960.0,32.666666666666664,Long
11098,ERS,ERNAKULAM. J,PUNE,PUNE JN.,1279,1775.0,29.583333333333332,Long
11101,PUNE,PUNE JN.,GWL,GWALIOR JN,1373,1605.0,26.75,Long
11102,GWL,GWALIOR JN,PUNE,PUNE JN.,1373,1745.0,29.083333333333332,Long
11103,JHS,JHANSI JN,BDTS,BANDRA TERMI,1321,1435.0,23.916666666666668,Long
11104,BDTS,BANDRA TERMI,JHS,JHANSI JN,1321,1530.0,25.5,Long
11107,GWL,GWALIOR JN,BSB,VARANASI JN.,629,850.0,14.166666666666666,Long
11108,BSB,VARANASI JN.,GWL,GWALIOR JN,629,920.0,15.333333333333334,Long
11109,JHS,JHANSI JN,LJN,LUCKNOW JN.,291,355.0,5.916666666666667,Medium
11110,LJN,LUCKNOW JN.,JHS,JHANSI JN,291,355.0,5.916666666666667,Medium
11111,GWL,GWALIOR JN,BLP,"BALRAMPUR,",939,1195.0,19.916666666666668,Long
11112,BLP,"BALRAMPUR,",GWL,GWALIOR JN,941,1095.0,18.25,Long
11123,BJU,BARAUNI JN.,GWL,GWALIOR JN,1051,1570.0,26.166666666666668,Long
11124,GWL,GWALIOR JN,BJU,BARAUNI JN.,1054,1510.0,25.166666666666668,Long
11125,INDB,INDORE BG,GWL,GWALIOR JN,561,702.0,11.7,Long
11126,GWL,GWALIOR JN,INDB,INDORE BG,561,745.0,12.416666666666666,Long
11201,LTT,LOKMANYA TIL,AJNI,AJNI,1015,1295.0,21.583333333333332,Long
11202,AJNI,AJNI,LTT,LOKMANYA TIL,1015,1290.0,21.5,Long
11203,NGP,NAGPUR JN.(C,JP,JAIPUR JN.,1340,1570.0,26.166666666666668,Long
11204,JP,JAIPUR JN.,NGP,NAGPUR JN.(C,1340,1605.0,26.75,Long
11205,LTT,LOKMANYA TIL,NZB,NIZAMABAD,699,995.0,16.583333333333332,Long
11206,NZB,NIZAMABAD,LTT,LOKMANYA TIL,699,870.0,14.5,Long
11265,JBP,JABALPUR,ABKP,AMBIKAPUR,432,540.0,9.0,Medium
11266,ABKP,AMBIKAPUR,JBP,JABALPUR,434,520.0,8.666666666666666,Medium
11272,BPL,BHOPAL,ET,ITARSI,737,1075.0,17.916666666666668,Long
11301,CSMT,CST-MUMBAI,SBC,KRANTIVIRA S,1154,1480.0,24.666666666666668,Long
11302,SBC,KRANTIVIRA S,CSMT,CST-MUMBAI,1154,1410.0,23.5,Long
11303,HYB,HYDERABAD DE,KOP,CHHATRAPATI,989,1410.0,23.5,Long
11304,KOP,CHHATRAPATI,HYB,HYDERABAD DE,987,1390.0,23.166666666666668,Long
11307,GR,GULBARGA,HYB,HYDERABAD DE,221,275.0,4.583333333333333,Medium
11308,HYB,HYDERABAD DE,GR,GULBARGA,223,300.0,5.0,Medium
11309,SUR,SOLAPUR,MRJ,MIRAJ JN.,267,365.0,6.083333333333333,Medium
11310,MRJ,MIRAJ JN.,SUR,SOLAPUR,267,330.0,5.5,Medium
11401,CSMT,CST-MUMBAI,NGP,NAGPUR JN.(C,1053,1420.0,23.666666666666668,Long
11402,NGP,NAGPUR JN.(C,CSMT,CST-MUMBAI,1052,1415.0,23.583333333333332,Long
11403,NGP,NAGPUR JN.(C,KOP,CHHATRAPATI,1026,1380.0,23.0,Long
11404,KOP,CHHATRAPATI,NGP,NAGPUR JN.(C,1026,1425.0,23.75,Long
11405,PUNE,PUNE JN.,AMI,AMRAVATI,811,1020.0,17.0,Long
11406,AMI,AMRAVATI,PUNE,PUNE JN.,812,1125.0,18.75,Long
11407,PUNE,PUNE JN.,LJN,LUCKNOW JN.,1478,1710.0,28.5,Long
11408,LJN,LUCKNOW JN.,PUNE,PUNE JN.,1478,1715.0,28.583333333333332,Long
11423,SUR,SOLAPUR,UBL,HUBLI JN.,357,485.0,8.083333333333334,Medium
11424,UBL,HUBLI JN.,SUR,SOLAPUR,356,495.0,8.25,Medium
11447,JBP,JABALPUR,HWH,HOWRAH JN.,1156,1705.0,28.416666666666668,Long
11448,HWH,HOWRAH JN.,JBP,JABALPUR,1155,1515.0,25.25,Long
11449,JBP,JABALPUR,SVDK,SHRI MATA VA,1561,1970.0,32.833333333333336,Long
11450,SVDK,SHRI MATA VA,JBP,JABALPUR,1564,2010.0,33.5,Long
11463,SMNH,SOMNATH,JBP,JABALPUR,1416,1780.0,29.666666666666668,Long
11464,JBP,JABALPUR,SMNH,SOMNATH,1417,1785.0,29.75,Long
11465,SMNH,SOMNATH,JBP,JABALPUR,1572,1950.0,32.5,Long
11466,JBP,JABALPUR,SMNH,SOMNATH,1575,1905.0,31.75,Long
11651,JBP,JABALPUR,SGRL,SINGRAULI,344,415.0,6.916666666666667,Medium
11652,SGRL,SINGRAULI,JBP,JABALPUR,345,420.0,7.0,Medium
11701,JBP,JABALPUR,INDB,INDORE BG,751,890.0,14.833333333333334,Long
11702,INDB,INDORE BG,JBP,JABALPUR,751,925.0,15.416666666666666,Long
11703,REWA,REWA,DADN,MHOW,823,1015.0,16.916666666666668,Long
11704,DADN,MHOW,REWA,REWA,821,965.0,16.083333333333332,Long
11801,JHS,JHANSI JN,ETW,ETAWAH,215,305.0,5.083333333333333,Medium
11802,ETW,ETAWAH,JHS,JHANSI JN,215,295.0,4.916666666666667,Medium
11901,MTJ,MATHURA JN.,KKDE,KURUKSHETRA,292,430.0,7.166666666666667,Medium
11902,KKDE,KURUKSHETRA,MTJ,MATHURA JN.,294,400.0,6.666666666666667,Medium
12001,HBJ,HABIBGANJ,NDLS,NEW DELHI,688,510.0,8.5,Long
12002,NDLS,NEW DELHI,HBJ,HABIBGANJ,690,505.0,8.416666666666666,Long
12003,LJN,LUCKNOW JN.,NDLS,NEW DELHI,504,400.0,6.666666666666667,Long
12004,NDLS,NEW DELHI,LJN,LUCKNOW JN.,504,390.0,6.5,Long
12005,NDLS,NEW DELHI,KLK,KALKA,268,245.0,4.083333333333333,Medium
12006,KLK,KALKA,NDLS,NEW DELHI,268,245.0,4.083333333333333,Medium
12007,MAS,CHENNAI CENT,MYS,MYSORE JN.,498,420.0,7.0,Medium
12008,MYS,MYSORE JN.,MAS,CHENNAI CENT,499,430.0,7.166666666666667,Medium
12009,BCT,MUMBAI CENTR,ADI,AHMEDABAD,490,380.0,6.333333333333333,Medium
12010,ADI,AHMEDABAD,BCT,MUMBAI CENTR,490,400.0,6.666666666666667,Medium
12011,NDLS,NEW DELHI,KLK,KALKA,268,245.0,4.083333333333333,Medium
12012,KLK,KALKA,NDLS,NEW DELHI,268,250.0,4.166666666666667,Medium
12013,NDLS,NEW DELHI,ASR,AMRITSAR JN.,447,360.0,6.0,Medium
12014,ASR,AMRITSAR JN.,NDLS,NEW DELHI,447,360.0,6.0,Medium
12015,NDLS,NEW DELHI,AII,AJMER JN.,442,400.0,6.666666666666667,Medium
12016,AII,AJMER JN.,NDLS,NEW DELHI,442,415.0,6.916666666666667,Medium
12017,NDLS,NEW DELHI,DDN,DEHRA DUN,314,355.0,5.916666666666667,Medium
12018,DDN,DEHRA DUN,NDLS,NEW DELHI,314,345.0,5.75,Medium
12019,HWH,HOWRAH JN.,RNC,RANCHI,436,430.0,7.166666666666667,Medium
12020,RNC,RANCHI,HWH,HOWRAH JN.,434,465.0,7.75,Medium
12021,HWH,HOWRAH JN.,BBN,BARBIL,402,405.0,6.75,Medium
12022,BBN,BARBIL,HWH,HOWRAH JN.,401,425.0,7.083333333333333,Medium
12023,HWH,HOWRAH JN.,PNBE,PATNA JN.,530,520.0,8.666666666666666,Long
12024,PNBE,PATNA JN.,HWH,HOWRAH JN.,531,470.0,7.833333333333333,Long
12025,PUNE,PUNE JN.,SC,SECUNDERABAD,598,510.0,8.5,Long
12026,SC,SECUNDERABAD,PUNE,PUNE JN.,598,505.0,8.416666666666666,Long
12027,MAS,CHENNAI CENT,SBC,KRANTIVIRA S,360,300.0,5.0,Medium
12028,SBC,KRANTIVIRA S,MAS,CHENNAI CENT,361,300.0,5.0,Medium
12029,NDLS,NEW DELHI,ASR,AMRITSAR JN.,447,385.0,6.416666666666667,Medium
12030,ASR,AMRITSAR JN.,NDLS,NEW DELHI,447,375.0,6.25,Medium
12031,NDLS,NEW DELHI,ASR,AMRITSAR JN.,447,385.0,6.416666666666667,Medium
12032,ASR,AMRITSAR JN.,NDLS,NEW DELHI,447,375.0,6.25,Medium
12033,CNB,KANPUR CENTR,NDLS,NEW DELHI,430,320.0,5.333333333333333,Medium
12034,NDLS,NEW DELHI,CNB,KANPUR CENTR,430,295.0,4.916666666666667,Medium
12035,JP,JAIPUR JN.,AF,AGRA  FORT,240,210.0,3.5,Medium
12036,AF,AGRA  FORT,JP,JAIPUR JN.,240,220.0,3.6666666666666665,Medium
12037,NDLS,NEW DELHI,LDH,LUDHIANA JN.,328,325.0,5.416666666666667,Medium
12038,LDH,LUDHIANA JN.,NDLS,NEW DELHI,328,330.0,5.5,Medium
12039,KGM,KATHGODAM,NDLS,NEW DELHI,283,330.0,5.5,Medium
12040,NDLS,NEW DELHI,KGM,KATHGODAM,283,340.0,5.666666666666667,Medium
12041,HWH,HOWRAH JN.,NJP,NEW JALPAIGU,560,495.0,8.25,Long
12042,NJP,NEW JALPAIGU,HWH,HOWRAH JN.,560,485.0,8.083333333333334,Long
12043,NDLS,NEW DELHI,MOGA,MOGA,397,425.0,7.083333333333333,Medium
12044,MOGA,MOGA,NDLS,NEW DELHI,397,430.0,7.166666666666667,Medium
12045,NDLS,NEW DELHI,CDG,CHANDIGARH,243,210.0,3.5,Medium
12046,CDG,CHANDIGARH,NDLS,NEW DELHI,243,205.0,3.4166666666666665,Medium
12047,NDLS,NEW DELHI,FZR,FIROZPUR CAN,385,390.0,6.5,Medium
12048,FZR,FIROZPUR CAN,NDLS,NEW DELHI,385,440.0,7.333333333333333,Medium
12049,AGC,AGRA CANTT,NZM,HAZRAT NIZAM,181,100.0,1.6666666666666667,Medium
12050,NZM,HAZRAT NIZAM,AGC,AGRA CANTT,183,100.0,1.6666666666666667,Medium
12051,DR,DADAR,MAO,MADGOAN JN.,581,520.0,8.666666666666666,Long
12052,MAO,MADGOAN JN.,DR,DADAR,585,515.0,8.583333333333334,Long
12053,HW,HARIDWAR JN,ASR,AMRITSAR JN.,406,440.0,7.333333333333333,Medium
12054,ASR,AMRITSAR JN.,HW,HARIDWAR JN,406,440.0,7.333333333333333,Medium
12055,NDLS,NEW DELHI,DDN,DEHRA DUN,304,350.0,5.833333333333333,Medium
12056,DDN,DEHRA DUN,NDLS,NEW DELHI,304,370.0,6.166666666666667,Medium
12057,NDLS,NEW DELHI,UHL,UNA HIMACHAL,386,455.0,7.583333333333333,Medium
12058,UHL,UNA HIMACHAL,NDLS,NEW DELHI,386,420.0,7.0,Medium
12059,KOTA,KOTA,NZM,HAZRAT NIZAM,447,395.0,6.583333333333333,Medium
12060,NZM,HAZRAT NIZAM,KOTA,KOTA,450,405.0,6.75,Medium
12061,HBJ,HABIBGANJ,JBP,JABALPUR,330,315.0,5.25,Medium
12062,JBP,JABALPUR,HBJ,HABIBGANJ,330,330.0,5.5,Medium
12065,AII,AJMER JN.,NZM,HAZRAT NIZAM,389,410.0,6.833333333333333,Medium
12066,NZM,HAZRAT NIZAM,AII,AJMER JN.,389,415.0,6.916666666666667,Medium
12067,GHY,GUWAHATI,JTTN,JORHAT TOWN,376,410.0,6.833333333333333,Medium
12068,JTTN,JORHAT TOWN,GHY,GUWAHATI,375,410.0,6.833333333333333,Medium
12069,RIG,RAIGARH,G,GONDIA JN.,419,420.0,7.0,Medium
12070,G,GONDIA JN.,RIG,RAIGARH,411,420.0,7.0,Medium
12071,DR,DADAR,J,JALNA,422,450.0,7.5,Medium
12072,J,JALNA,DR,DADAR,422,465.0,7.75,Medium
12073,HWH,HOWRAH JN.,BBS,BHUBANESWAR,442,415.0,6.916666666666667,Medium
12074,BBS,BHUBANESWAR,HWH,HOWRAH JN.,441,400.0,6.666666666666667,Medium
12075,CLT,CALICUT,TVC,TRIVANDRUM C,399,445.0,7.416666666666667,Medium
12076,TVC,TRIVANDRUM C,CLT,CALICUT,398,420.0,7.0,Medium
12077,MAS,CHENNAI CENT,BZA,VIJAYWADA JN,453,430.0,7.166666666666667,Medium
12078,BZA,VIJAYWADA JN,MAS,CHENNAI CENT,453,435.0,7.25,Medium
12079,SBC,KRANTIVIRA S,UBL,HUBLI JN.,470,445.0,7.416666666666667,Medium
12080,UBL,HUBLI JN.,SBC,KRANTIVIRA S,468,445.0,7.416666666666667,Medium
12081,CAN,KANNUR,TVC,TRIVANDRUM C,500,550.0,9.166666666666666,Medium
12082,TVC,TRIVANDRUM C,CAN,KANNUR,499,550.0,9.166666666666666,Medium
12083,MV,MAYILADUTURA,CBE,COIMBATORE,361,385.0,6.416666666666667,Medium
12084,CBE,COIMBATORE,MV,MAYILADUTURA,361,390.0,6.5,Medium
12085,GHY,GUWAHATI,DBRG,DIBRUGARH,506,545.0,9.083333333333334,Long
12086,DBRG,DIBRUGARH,GHY,GUWAHATI,505,535.0,8.916666666666666,Long
12087,NHLN,NAHARLAGUN,GHY,GUWAHATI,332,360.0,6.0,Medium
12088,GHY,GUWAHATI,NHLN,NAHARLAGUN,332,380.0,6.333333333333333,Medium
12101,LTT,LOKMANYA TIL,HWH,HOWRAH JN.,1956,1860.0,31.0,Long
12102,HWH,HOWRAH JN.,LTT,LOKMANYA TIL,1963,1860.0,31.0,Long
12103,PUNE,PUNE JN.,LJN,LUCKNOW JN.,1478,1495.0,24.916666666666668,Long
12104,LJN,LUCKNOW JN.,PUNE,PUNE JN.,1478,1535.0,25.583333333333332,Long
12105,CSMT,CST-MUMBAI,G,GONDIA JN.,971,970.0,16.166666666666668,Long
12106,G,GONDIA JN.,CSMT,CST-MUMBAI,972,970.0,16.166666666666668,Long
12107,LTT,LOKMANYA TIL,LJN,LUCKNOW JN.,1408,1365.0,22.75,Long
12108,LJN,LUCKNOW JN.,LTT,LOKMANYA TIL,1408,1455.0,24.25,Long
12109,CSMT,CST-MUMBAI,MMR,MANMAD JN.,260,275.0,4.583333333333333,Medium
12110,MMR,MANMAD JN.,CSMT,CST-MUMBAI,260,283.0,4.716666666666667,Medium
12111,CSMT,CST-MUMBAI,AMI,AMRAVATI,676,730.0,12.166666666666666,Long
12112,AMI,AMRAVATI,CSMT,CST-MUMBAI,676,680.0,11.333333333333334,Long
12113,PUNE,PUNE JN.,NGP,NAGPUR JN.(C,895,945.0,15.75,Long
12114,NGP,NAGPUR JN.(C,PUNE,PUNE JN.,895,910.0,15.166666666666666,Long
12115,CSMT,CST-MUMBAI,SUR,SOLAPUR,456,485.0,8.083333333333334,Medium
12116,SUR,SOLAPUR,CSMT,CST-MUMBAI,457,485.0,8.083333333333334,Medium
12117,LTT,LOKMANYA TIL,MMR,MANMAD JN.,244,265.0,4.416666666666667,Medium
12118,MMR,MANMAD JN.,LTT,LOKMANYA TIL,244,265.0,4.416666666666667,Medium
12119,AMI,AMRAVATI,AJNI,AJNI,180,165.0,2.75,Medium
12120,AJNI,AJNI,AMI,AMRAVATI,180,190.0,3.1666666666666665,Medium
12121,JBP,JABALPUR,NZM,HAZRAT NIZAM,883,835.0,13.916666666666666,Long
12122,NZM,HAZRAT NIZAM,JBP,JABALPUR,886,860.0,14.333333333333334,Long
12123,CSMT,CST-MUMBAI,PUNE,PUNE JN.,191,195.0,3.25,Medium
12124,PUNE,PUNE JN.,CSMT,CST-MUMBAI,191,190.0,3.1666666666666665,Medium
12125,CSMT,CST-MUMBAI,PUNE,PUNE JN.,190,205.0,3.4166666666666665,Medium
12126,PUNE,PUNE JN.,CSMT,CST-MUMBAI,190,205.0,3.4166666666666665,Medium
12127,CSMT,CST-MUMBAI,PUNE,PUNE JN.,191,197.0,3.283333333333333,Medium
12128,PUNE,PUNE JN.,CSMT,CST-MUMBAI,191,190.0,3.1666666666666665,Medium
12129,PUNE,PUNE JN.,HWH,HOWRAH JN.,2026,2025.0,33.75,Long
12130,HWH,HOWRAH JN.,PUNE,PUNE JN.,2033,1980.0,33.0,Long
12131,DR,DADAR,SNSI,SAI NAGAR SH,330,360.0,6.0,Medium
12132,SNSI,SAI NAGAR SH,DR,DADAR,330,365.0,6.083333333333333,Medium
12133,CSMT,CST-MUMBAI,MAJN,MANGALORE JN,903,878.0,14.633333333333333,Long
12134,MAJN,MANGALORE JN,CSMT,CST-MUMBAI,909,870.0,14.5,Long
12135,PUNE,PUNE JN.,NGP,NAGPUR JN.(C,895,945.0,15.75,Long
12136,NGP,NAGPUR JN.(C,PUNE,PUNE JN.,895,910.0,15.166666666666666,Long
12137,CSMT,CST-MUMBAI,FZR,FIROZPUR CAN,1910,2055.0,34.25,Long
12138,FZR,FIROZPUR CAN,CSMT,CST-MUMBAI,1913,2035.0,33.916666666666664,Long
12139,CSMT,CST-MUMBAI,NGP,NAGPUR JN.(C,841,910.0,15.166666666666666,Long
12140,NGP,NAGPUR JN.(C,CSMT,CST-MUMBAI,841,900.0,15.0,Long
12141,LTT,LOKMANYA TIL,PPTA,PATLIPUTRA,1693,1705.0,28.416666666666668,Long
12142,PPTA,PATLIPUTRA,LTT,LOKMANYA TIL,1692,1690.0,28.166666666666668,Long
12143,LTT,LOKMANYA TIL,SLN,SULTANPUR JN,1540,1640.0,27.333333333333332,Long
12144,SLN,SULTANPUR JN,LTT,LOKMANYA TIL,1541,1695.0,28.25,Long
12145,LTT,LOKMANYA TIL,PURI,PURI,1888,2095.0,34.916666666666664,Long
12146,PURI,PURI,LTT,LOKMANYA TIL,1895,2045.0,34.083333333333336,Long
12147,KOP,CHHATRAPATI,NZM,HAZRAT NIZAM,1897,1925.0,32.083333333333336,Long
12148,NZM,HAZRAT NIZAM,KOP,CHHATRAPATI,1900,2070.0,34.5,Long
12149,PUNE,PUNE JN.,DNR,DANAPUR,1757,1835.0,30.583333333333332,Long
12150,DNR,DANAPUR,PUNE,PUNE JN.,1756,1835.0,30.583333333333332,Long
12151,LTT,LOKMANYA TIL,HWH,HOWRAH JN.,2089,2150.0,35.833333333333336,Long
12152,HWH,HOWRAH JN.,LTT,LOKMANYA TIL,2095,2055.0,34.25,Long
12153,LTT,LOKMANYA TIL,HBJ,HABIBGANJ,820,775.0,12.916666666666666,Long
12154,HBJ,HABIBGANJ,LTT,LOKMANYA TIL,820,790.0,13.166666666666666,Long
12155,HBJ,HABIBGANJ,NZM,HAZRAT NIZAM,681,655.0,10.916666666666666,Long
12156,NZM,HAZRAT NIZAM,HBJ,HABIBGANJ,683,610.0,10.166666666666666,Long
12157,PUNE,PUNE JN.,SUR,SOLAPUR,265,240.0,4.0,Medium
12158,SUR,SOLAPUR,PUNE,PUNE JN.,265,240.0,4.0,Medium
12159,AMI,AMRAVATI,JBP,JABALPUR,725,790.0,13.166666666666666,Long
12160,JBP,JABALPUR,AMI,AMRAVATI,725,780.0,13.0,Long
12161,LTT,LOKMANYA TIL,AGC,AGRA CANTT,1320,1235.0,20.583333333333332,Long
12162,AGC,AGRA CANTT,LTT,LOKMANYA TIL,1320,1405.0,23.416666666666668,Long
12163,DR,DADAR,MS,CHENNAI EGMO,1278,1395.0,23.25,Long
12164,MS,CHENNAI EGMO,DR,DADAR,1281,1390.0,23.166666666666668,Long
12165,LTT,LOKMANYA TIL,BSB,VARANASI JN.,1488,1542.0,25.7,Long
12166,BSB,VARANASI JN.,LTT,LOKMANYA TIL,1487,1510.0,25.166666666666668,Long
12167,LTT,LOKMANYA TIL,BSB,VARANASI JN.,1500,1630.0,27.166666666666668,Long
12168,BSB,VARANASI JN.,LTT,LOKMANYA TIL,1500,1560.0,26.0,Long
12169,PUNE,PUNE JN.,SUR,SOLAPUR,265,240.0,4.0,Medium
12170,SUR,SOLAPUR,PUNE,PUNE JN.,265,245.0,4.083333333333333,Medium
12171,LTT,LOKMANYA TIL,HW,HARIDWAR JN,1756,1760.0,29.333333333333332,Long
12172,HW,HARIDWAR JN,LTT,LOKMANYA TIL,1759,1740.0,29.0,Long
12173,LTT,LOKMANYA TIL,PBH,PARTAPGARH J,1581,1600.0,26.666666666666668,Long
12174,PBH,PARTAPGARH J,LTT,LOKMANYA TIL,1581,1690.0,28.166666666666668,Long
12175,HWH,HOWRAH JN.,GWL,GWALIOR JN,1291,1410.0,23.5,Long
12176,GWL,GWALIOR JN,HWH,HOWRAH JN.,1292,1410.0,23.5,Long
12177,HWH,HOWRAH JN.,MTJ,MATHURA JN.,1451,1595.0,26.583333333333332,Long
12178,MTJ,MATHURA JN.,HWH,HOWRAH JN.,1453,1580.0,26.333333333333332,Long
12179,LJN,LUCKNOW JN.,AGC,AGRA CANTT,323,360.0,6.0,Medium
12180,AGC,AGRA CANTT,LJN,LUCKNOW JN.,323,355.0,5.916666666666667,Medium
12181,JBP,JABALPUR,AII,AJMER JN.,1024,1075.0,17.916666666666668,Long
12182,AII,AJMER JN.,JBP,JABALPUR,1024,1035.0,17.25,Long
12183,BPL,BHOPAL,PBH,PARTAPGARH J,754,820.0,13.666666666666666,Long
12184,PBH,PARTAPGARH J,BPL,BHOPAL,754,820.0,13.666666666666666,Long
12185,HBJ,HABIBGANJ,REWA,REWA,555,600.0,10.0,Long
12186,REWA,REWA,HBJ,HABIBGANJ,557,600.0,10.0,Long
12187,JBP,JABALPUR,CSMT,CST-MUMBAI,996,1005.0,16.75,Long
12188,CSMT,CST-MUMBAI,JBP,JABALPUR,996,990.0,16.5,Long
12189,JBP,JABALPUR,NZM,HAZRAT NIZAM,937,1050.0,17.5,Long
12190,NZM,HAZRAT NIZAM,JBP,JABALPUR,938,1050.0,17.5,Long
12191,NDLS,NEW DELHI,JBP,JABALPUR,1021,1030.0,17.166666666666668,Long
12192,JBP,JABALPUR,NDLS,NEW DELHI,1019,1100.0,18.333333333333332,Long
12193,YPR,YESVANTPUR J,JBP,JABALPUR,1747,1825.0,30.416666666666668,Long
12194,JBP,JABALPUR,YPR,YESVANTPUR J,1734,1845.0,30.75,Long
12195,AF,AGRA  FORT,AII,AJMER JN.,375,405.0,6.75,Medium
12196,AII,AJMER JN.,AF,AGRA  FORT,375,400.0,6.666666666666667,Medium
12197,BPL,BHOPAL,GWL,GWALIOR JN,484,525.0,8.75,Medium
12198,GWL,GWALIOR JN,BPL,BHOPAL,484,520.0,8.666666666666666,Medium
12201,LTT,LOKMANYA TIL,KCVL,KOCHUVELI,1513,1650.0,27.5,Long
12202,KCVL,KOCHUVELI,LTT,LOKMANYA TIL,1517,1620.0,27.0,Long
12203,SHC,SAHARSA JN.,ASR,AMRITSAR JN.,1711,1810.0,30.166666666666668,Long
12204,ASR,AMRITSAR JN.,SHC,SAHARSA JN.,1714,1800.0,30.0,Long
12205,NDLS,NEW DELHI,DDN,DEHRA DUN,304,350.0,5.833333333333333,Medium
12206,DDN,DEHRA DUN,NDLS,NEW DELHI,304,345.0,5.75,Medium
12207,KGM,KATHGODAM,JAT,JAMMU TAWI,768,915.0,15.25,Long
12208,JAT,JAMMU TAWI,KGM,KATHGODAM,768,925.0,15.416666666666666,Long
12209,CNB,KANPUR CENTR,KGM,KATHGODAM,415,515.0,8.583333333333334,Medium
12210,KGM,KATHGODAM,CNB,KANPUR CENTR,415,565.0,9.416666666666666,Medium
12211,MFP,MUZAFFARPUR,ANVT,ANAND VIHAR,1057,1280.0,21.333333333333332,Long
12212,ANVT,ANAND VIHAR,MFP,MUZAFFARPUR,1059,1270.0,21.166666666666668,Long
12213,YPR,YESVANTPUR J,DEE,DELHI-SARAI,2350,1880.0,31.333333333333332,Long
12214,DEE,DELHI-SARAI,YPR,YESVANTPUR J,2351,1975.0,32.916666666666664,Long
12215,DEE,DELHI-SARAI,BDTS,BANDRA TERMI,1431,1370.0,22.833333333333332,Long
12216,BDTS,BANDRA TERMI,DEE,DELHI-SARAI,1429,1410.0,23.5,Long
12217,KCVL,KOCHUVELI,CDG,CHANDIGARH,3086,3265.0,54.416666666666664,Long
12218,CDG,CHANDIGARH,KCVL,KOCHUVELI,3084,3195.0,53.25,Long
12219,LTT,LOKMANYA TIL,SC,SECUNDERABAD,774,720.0,12.0,Long
12220,SC,SECUNDERABAD,LTT,LOKMANYA TIL,774,720.0,12.0,Long
12221,PUNE,PUNE JN.,HWH,HOWRAH JN.,2026,1705.0,28.416666666666668,Long
12222,HWH,HOWRAH JN.,PUNE,PUNE JN.,2033,1645.0,27.416666666666668,Long
12223,LTT,LOKMANYA TIL,ERS,ERNAKULAM. J,1301,1260.0,21.0,Long
12224,ERS,ERNAKULAM. J,LTT,LOKMANYA TIL,1306,1245.0,20.75,Long
12225,AMH,AZAMGARH,DLI,DELHI JN.,795,880.0,14.666666666666666,Long
12226,DLI,DELHI JN.,AMH,AZAMGARH,796,855.0,14.25,Long
12227,BCT,MUMBAI CENTR,INDB,INDORE BG,831,710.0,11.833333333333334,Long
12228,INDB,INDORE BG,BCT,MUMBAI CENTR,831,760.0,12.666666666666666,Long
12229,LKO,LUCKNOW JN.,NDLS,NEW DELHI,492,535.0,8.916666666666666,Medium
12230,NDLS,NEW DELHI,LKO,LUCKNOW JN.,492,520.0,8.666666666666666,Medium
12231,LKO,LUCKNOW JN.,CDG,CHANDIGARH,644,700.0,11.666666666666666,Long
12232,CDG,CHANDIGARH,LKO,LUCKNOW JN.,644,700.0,11.666666666666666,Long
12235,DBRG,DIBRUGARH,NDLS,NEW DELHI,2446,2620.0,43.666666666666664,Long
12236,NDLS,NEW DELHI,DBRG,DIBRUGARH,2448,2690.0,44.833333333333336,Long
12237,BSB,VARANASI JN.,JAT,JAMMU TAWI,1253,1355.0,22.583333333333332,Long
12238,JAT,JAMMU TAWI,BSB,VARANASI JN.,1253,1360.0,22.666666666666668,Long
12239,BCT,MUMBAI CENTR,JP,JAIPUR JN.,1157,920.0,15.333333333333334,Long
12240,JP,JAIPUR JN.,BCT,MUMBAI CENTR,1158,990.0,16.5,Long
12241,CDG,CHANDIGARH,ASR,AMRITSAR JN.,247,255.0,4.25,Medium
12242,ASR,AMRITSAR JN.,CDG,CHANDIGARH,247,240.0,4.0,Medium
12243,MAS,CHENNAI CENT,CBE,COIMBATORE,491,420.0,7.0,Medium
12244,CBE,COIMBATORE,MAS,CHENNAI CENT,493,410.0,6.833333333333333,Medium
12245,HWH,HOWRAH JN.,YPR,YESVANTPUR J,1957,1745.0,29.083333333333332,Long
12246,YPR,YESVANTPUR J,HWH,HOWRAH JN.,1959,1755.0,29.25,Long
12247,BDTS,BANDRA TERMI,NZM,HAZRAT NIZAM,1355,1025.0,17.083333333333332,Long
12248,NZM,HAZRAT NIZAM,BDTS,BANDRA TERMI,1358,1065.0,17.75,Long
12249,HWH,HOWRAH JN.,ANVT,ANAND VIHAR,1425,1000.0,16.666666666666668,Long
12250,ANVT,ANAND VIHAR,HWH,HOWRAH JN.,1426,1010.0,16.833333333333332,Long
12251,YPR,YESVANTPUR J,KRBA,KORBA,1611,1730.0,28.833333333333332,Long
12252,KRBA,KORBA,YPR,YESVANTPUR J,1605,1770.0,29.5,Long
12253,YPR,YESVANTPUR J,BGP,BHAGALPUR,2478,2580.0,43.0,Long
12254,BGP,BHAGALPUR,YPR,YESVANTPUR J,2477,2615.0,43.583333333333336,Long
12257,YPR,YESVANTPUR J,KCVL,KOCHUVELI,798,960.0,16.0,Long
12258,KCVL,KOCHUVELI,YPR,YESVANTPUR J,797,990.0,16.5,Long
12259,SDAH,SEALDAH,NDLS,NEW DELHI,1448,1020.0,17.0,Long
12260,NDLS,NEW DELHI,SDAH,SEALDAH,1449,1015.0,16.916666666666668,Long
12261,CSMT,CST-MUMBAI,HWH,HOWRAH JN.,1972,1585.0,26.416666666666668,Long
12262,HWH,HOWRAH JN.,CSMT,CST-MUMBAI,1979,1570.0,26.166666666666668,Long
12263,PUNE,PUNE JN.,NZM,HAZRAT NIZAM,1498,1185.0,19.75,Long
12264,NZM,HAZRAT NIZAM,PUNE,PUNE JN.,1501,1215.0,20.25,Long
12265,DEE,DELHI-SARAI,JAT,JAMMU TAWI,577,550.0,9.166666666666666,Long
12266,JAT,JAMMU TAWI,DEE,DELHI-SARAI,577,540.0,9.0,Long
12267,BCT,MUMBAI CENTR,ADI,AHMEDABAD,490,390.0,6.5,Medium
12268,ADI,AHMEDABAD,BCT,MUMBAI CENTR,490,380.0,6.333333333333333,Medium
12269,MAS,CHENNAI CENT,NZM,HAZRAT NIZAM,2156,1675.0,27.916666666666668,Long
12270,NZM,HAZRAT NIZAM,MAS,CHENNAI CENT,2155,1705.0,28.416666666666668,Long
12273,HWH,HOWRAH JN.,NDLS,NEW DELHI,1516,1310.0,21.833333333333332,Long
12274,NDLS,NEW DELHI,HWH,HOWRAH JN.,1517,1305.0,21.75,Long
12275,ALD,ALLAHABAD JN,NDLS,NEW DELHI,629,465.0,7.75,Long
12276,NDLS,NEW DELHI,ALD,ALLAHABAD JN,629,455.0,7.583333333333333,Long
12277,HWH,HOWRAH JN.,PURI,PURI,504,450.0,7.5,Long
12278,PURI,PURI,HWH,HOWRAH JN.,503,475.0,7.916666666666667,Long
12279,JHS,JHANSI JN,NZM,HAZRAT NIZAM,385,405.0,6.75,Medium
12280,NZM,HAZRAT NIZAM,JHS,JHANSI JN,388,430.0,7.166666666666667,Medium
12281,BBS,BHUBANESWAR,NDLS,NEW DELHI,1714,1345.0,22.416666666666668,Long
12282,NDLS,NEW DELHI,BBS,BHUBANESWAR,1717,1310.0,21.833333333333332,Long
12283,ERS,ERNAKULAM. J,NZM,HAZRAT NIZAM,2636,2650.0,44.166666666666664,Long
12284,NZM,HAZRAT NIZAM,ERS,ERNAKULAM. J,2634,2525.0,42.083333333333336,Long
12285,SC,SECUNDERABAD,NZM,HAZRAT NIZAM,1651,1285.0,21.416666666666668,Long
12286,NZM,HAZRAT NIZAM,SC,SECUNDERABAD,1652,1335.0,22.25,Long
12289,CSMT,CST-MUMBAI,NGP,NAGPUR JN.(C,841,665.0,11.083333333333334,Long
12290,NGP,NAGPUR JN.(C,CSMT,CST-MUMBAI,841,685.0,11.416666666666666,Long
12291,YPR,YESVANTPUR J,MAS,CHENNAI CENT,364,390.0,6.5,Medium
12292,MAS,CHENNAI CENT,YPR,YESVANTPUR J,363,390.0,6.5,Medium
12293,LTT,LOKMANYA TIL,ALD,ALLAHABAD JN,1353,1150.0,19.166666666666668,Long
12294,ALD,ALLAHABAD JN,LTT,LOKMANYA TIL,1352,1165.0,19.416666666666668,Long
12295,SBC,KRANTIVIRA S,DNR,DANAPUR,2703,2885.0,48.083333333333336,Long
12296,DNR,DANAPUR,SBC,KRANTIVIRA S,2697,2890.0,48.166666666666664,Long
12297,ADI,AHMEDABAD,PUNE,PUNE JN.,623,520.0,8.666666666666666,Long
12298,PUNE,PUNE JN.,ADI,AHMEDABAD,622,525.0,8.75,Long
12301,HWH,HOWRAH JN.,NDLS,NEW DELHI,1438,1025.0,17.083333333333332,Long
12302,NDLS,NEW DELHI,HWH,HOWRAH JN.,1439,1015.0,16.916666666666668,Long
12303,HWH,HOWRAH JN.,NDLS,NEW DELHI,1516,1320.0,22.0,Long
12304,NDLS,NEW DELHI,HWH,HOWRAH JN.,1517,1400.0,23.333333333333332,Long
12305,HWH,HOWRAH JN.,NDLS,NEW DELHI,1516,1195.0,19.916666666666668,Long
12306,NDLS,NEW DELHI,HWH,HOWRAH JN.,1517,1160.0,19.333333333333332,Long
12307,HWH,HOWRAH JN.,JU,JODHPUR JN.,1803,1870.0,31.166666666666668,Long
12308,JU,JODHPUR JN.,HWH,HOWRAH JN.,1805,1890.0,31.5,Long
12309,RJPB,RAJENDRANAGA,NDLS,NEW DELHI,987,760.0,12.666666666666666,Long
12310,NDLS,NEW DELHI,RJPB,RAJENDRANAGA,987,735.0,12.25,Long
12311,HWH,HOWRAH JN.,KLK,KALKA,1699,1970.0,32.833333333333336,Long
12312,KLK,KALKA,HWH,HOWRAH JN.,1700,1920.0,32.0,Long
12313,SDAH,SEALDAH,NDLS,NEW DELHI,1448,1055.0,17.583333333333332,Long
12314,NDLS,NEW DELHI,SDAH,SEALDAH,1449,1065.0,17.75,Long
12315,KOAA,KOLKATA,UDZ,UDAIPUR CITY,2119,2255.0,37.583333333333336,Long
12316,UDZ,UDAIPUR CITY,KOAA,KOLKATA,2120,2330.0,38.833333333333336,Long
12317,KOAA,KOLKATA,ASR,AMRITSAR JN.,1884,2020.0,33.666666666666664,Long
12318,ASR,AMRITSAR JN.,KOAA,KOLKATA,1885,2000.0,33.333333333333336,Long
12319,KOAA,KOLKATA,AGC,AGRA CANTT,1416,1370.0,22.833333333333332,Long
12320,AGC,AGRA CANTT,KOAA,KOLKATA,1417,1460.0,24.333333333333332,Long
12321,HWH,HOWRAH JN.,CSMT,CST-MUMBAI,2165,2245.0,37.416666666666664,Long
12322,CSMT,CST-MUMBAI,HWH,HOWRAH JN.,2167,2295.0,38.25,Long
12323,HWH,HOWRAH JN.,ANVT,ANAND VIHAR,1425,1335.0,22.25,Long
12324,ANVT,ANAND VIHAR,HWH,HOWRAH JN.,1426,1375.0,22.916666666666668,Long
12325,KOAA,KOLKATA,NLDM,NANGAL DAM,1792,1940.0,32.333333333333336,Long
12326,NLDM,NANGAL DAM,KOAA,KOLKATA,1793,1940.0,32.333333333333336,Long
12327,HWH,HOWRAH JN.,DDN,DEHRA DUN,1577,1750.0,29.166666666666668,Long
12328,DDN,DEHRA DUN,HWH,HOWRAH JN.,1577,1745.0,29.083333333333332,Long
12329,SDAH,SEALDAH,ANVT,ANAND VIHAR,1435,1360.0,22.666666666666668,Long
12330,ANVT,ANAND VIHAR,SDAH,SEALDAH,1436,1335.0,22.25,Long
12331,HWH,HOWRAH JN.,JAT,JAMMU TAWI,2010,2200.0,36.666666666666664,Long
12332,JAT,JAMMU TAWI,HWH,HOWRAH JN.,2011,2205.0,36.75,Long
12333,HWH,HOWRAH JN.,ALY,ALLAHABAD CI,878,960.0,16.0,Long
12334,ALY,ALLAHABAD CI,HWH,HOWRAH JN.,879,950.0,15.833333333333334,Long
12335,BGP,BHAGALPUR,LTT,LOKMANYA TIL,1917,2100.0,35.0,Long
12336,LTT,LOKMANYA TIL,BGP,BHAGALPUR,1918,2065.0,34.416666666666664,Long
12337,HWH,HOWRAH JN.,BHP,BOLPUR,146,135.0,2.25,Medium
12338,BHP,BOLPUR,HWH,HOWRAH JN.,146,150.0,2.5,Medium
12339,HWH,HOWRAH JN.,DHN,DHANBAD JN.,258,260.0,4.333333333333333,Medium
12340,DHN,DHANBAD JN.,HWH,HOWRAH JN.,259,270.0,4.5,Medium
12341,HWH,HOWRAH JN.,ASN,ASANSOL MAIN,199,195.0,3.25,Medium
12342,ASN,ASANSOL MAIN,HWH,HOWRAH JN.,200,195.0,3.25,Medium
12343,SDAH,SEALDAH,NJP,NEW JALPAIGU,571,595.0,9.916666666666666,Long
12344,NJP,NEW JALPAIGU,SDAH,SEALDAH,571,600.0,10.0,Long
12345,HWH,HOWRAH JN.,GHY,GUWAHATI,1023,1080.0,18.0,Long
12346,GHY,GUWAHATI,HWH,HOWRAH JN.,1023,1000.0,16.666666666666668,Long
12347,HWH,HOWRAH JN.,RPH,RAMPUR HAT,206,220.0,3.6666666666666665,Medium
12348,RPH,RAMPUR HAT,HWH,HOWRAH JN.,206,220.0,3.6666666666666665,Medium
12349,BGP,BHAGALPUR,NDLS,NEW DELHI,1206,1170.0,19.5,Long
12350,NDLS,NEW DELHI,BGP,BHAGALPUR,1206,1215.0,20.25,Long
12351,HWH,HOWRAH JN.,RJPB,RAJENDRANAGA,528,580.0,9.666666666666666,Long
12352,RJPB,RAJENDRANAGA,HWH,HOWRAH JN.,529,565.0,9.416666666666666,Long
12353,HWH,HOWRAH JN.,LKU,LALKUA JN.,1299,1385.0,23.083333333333332,Long
12354,LKU,LALKUA JN.,HWH,HOWRAH JN.,1300,1415.0,23.583333333333332,Long
12355,RJPB,RAJENDRANAGA,JAT,JAMMU TAWI,1506,1650.0,27.5,Long
12356,JAT,JAMMU TAWI,RJPB,RAJENDRANAGA,1506,1615.0,26.916666666666668,Long
12357,KOAA,KOLKATA,ASR,AMRITSAR JN.,1807,1750.0,29.166666666666668,Long
12358,ASR,AMRITSAR JN.,KOAA,KOLKATA,1807,1780.0,29.666666666666668,Long
12359,KOAA,KOLKATA,PNBE,PATNA JN.,534,565.0,9.416666666666666,Long
12360,PNBE,PATNA JN.,KOAA,KOLKATA,534,550.0,9.166666666666666,Long
12361,ASN,ASANSOL MAIN,CSMT,CST-MUMBAI,2043,2070.0,34.5,Long
12362,CSMT,CST-MUMBAI,ASN,ASANSOL MAIN,2044,2170.0,36.166666666666664,Long
12363,KOAA,KOLKATA,HDB,HALDIBARI,621,675.0,11.25,Long
12364,HDB,HALDIBARI,KOAA,KOLKATA,620,670.0,11.166666666666666,Long
12365,PNBE,PATNA JN.,RNC,RANCHI,410,475.0,7.916666666666667,Medium
12366,RNC,RANCHI,PNBE,PATNA JN.,407,470.0,7.833333333333333,Medium
12367,BGP,BHAGALPUR,ANVT,ANAND VIHAR,1193,1245.0,20.75,Long
12368,ANVT,ANAND VIHAR,BGP,BHAGALPUR,1193,1305.0,21.75,Long
12369,HWH,HOWRAH JN.,HW,HARIDWAR JN,1525,1660.0,27.666666666666668,Long
12370,HW,HARIDWAR JN,HWH,HOWRAH JN.,1526,1645.0,27.416666666666668,Long
12371,HWH,HOWRAH JN.,JSM,JAISALMER,2245,2370.0,39.5,Long
12372,JSM,JAISALMER,HWH,HOWRAH JN.,2246,2360.0,39.333333333333336,Long
12373,SDAH,SEALDAH,RPH,RAMPUR HAT,217,220.0,3.6666666666666665,Medium
12374,RPH,RAMPUR HAT,SDAH,SEALDAH,216,220.0,3.6666666666666665,Medium
12375,MAS,CHENNAI CENT,ASN,ASANSOL MAIN,1729,1875.0,31.25,Long
12376,ASN,ASANSOL MAIN,MAS,CHENNAI CENT,1727,1845.0,30.75,Long
12377,SDAH,SEALDAH,NOQ,NEW ALIPURDU,718,775.0,12.916666666666666,Long
12378,NOQ,NEW ALIPURDU,SDAH,SEALDAH,718,780.0,13.0,Long
12379,SDAH,SEALDAH,ASR,AMRITSAR JN.,1889,1835.0,30.583333333333332,Long
12380,ASR,AMRITSAR JN.,SDAH,SEALDAH,1890,1830.0,30.5,Long
12381,HWH,HOWRAH JN.,NDLS,NEW DELHI,1438,1310.0,21.833333333333332,Long
12382,NDLS,NEW DELHI,HWH,HOWRAH JN.,1439,1400.0,23.333333333333332,Long
12383,SDAH,SEALDAH,ASN,ASANSOL MAIN,221,235.0,3.9166666666666665,Medium
12384,ASN,ASANSOL MAIN,SDAH,SEALDAH,222,235.0,3.9166666666666665,Medium
12389,GAYA,GAYA JN.,MS,CHENNAI EGMO,2348,2340.0,39.0,Long
12390,MS,CHENNAI EGMO,GAYA,GAYA JN.,2353,2320.0,38.666666666666664,Long
12391,RGD,RAJGIR,NDLS,NEW DELHI,1092,1270.0,21.166666666666668,Long
12392,NDLS,NEW DELHI,RGD,RAJGIR,1092,1260.0,21.0,Long
12393,RJPB,RAJENDRANAGA,NDLS,NEW DELHI,987,855.0,14.25,Long
12394,NDLS,NEW DELHI,RJPB,RAJENDRANAGA,987,850.0,14.166666666666666,Long
12395,RJPB,RAJENDRANAGA,AII,AJMER JN.,1287,1225.0,20.416666666666668,Long
12396,AII,AJMER JN.,RJPB,RAJENDRANAGA,1287,1390.0,23.166666666666668,Long
12397,GAYA,GAYA JN.,NDLS,NEW DELHI,981,855.0,14.25,Long
12398,NDLS,NEW DELHI,GAYA,GAYA JN.,981,905.0,15.083333333333334,Long
12401,IPR,ISLAMPUR,NDLS,NEW DELHI,1049,1180.0,19.666666666666668,Long
12402,NDLS,NEW DELHI,IPR,ISLAMPUR,1049,1125.0,18.75,Long
12405,BSL,BHUSAVAL JN.,NZM,HAZRAT NIZAM,1461,1550.0,25.833333333333332,Long
12406,NZM,HAZRAT NIZAM,BSL,BHUSAVAL JN.,1464,1470.0,24.5,Long
12407,NJP,NEW JALPAIGU,ASR,AMRITSAR JN.,1821,2000.0,33.333333333333336,Long
12408,ASR,AMRITSAR JN.,NJP,NEW JALPAIGU,1824,1985.0,33.083333333333336,Long
12409,RIG,RAIGARH,NZM,HAZRAT NIZAM,1613,1680.0,28.0,Long
12410,NZM,HAZRAT NIZAM,RIG,RAIGARH,1608,1665.0,27.75,Long
12411,CDG,CHANDIGARH,ASR,AMRITSAR JN.,247,270.0,4.5,Medium
12412,ASR,AMRITSAR JN.,CDG,CHANDIGARH,247,265.0,4.416666666666667,Medium
12413,AII,AJMER JN.,JAT,JAMMU TAWI,1016,1095.0,18.25,Long
12414,JAT,JAMMU TAWI,AII,AJMER JN.,1017,1090.0,18.166666666666668,Long
12415,INDB,INDORE BG,DEE,DELHI-SARAI,815,855.0,14.25,Long
12416,DEE,DELHI-SARAI,INDB,INDORE BG,817,870.0,14.5,Long
12417,ALD,ALLAHABAD JN,NDLS,NEW DELHI,624,570.0,9.5,Long
12418,NDLS,NEW DELHI,ALD,ALLAHABAD JN,624,570.0,9.5,Long
12419,LKO,LUCKNOW JN.,NDLS,NEW DELHI,504,545.0,9.083333333333334,Long
12420,NDLS,NEW DELHI,LKO,LUCKNOW JN.,504,540.0,9.0,Long
12421,NED,NANDED,ASR,AMRITSAR JN.,1927,2105.0,35.083333333333336,Long
12422,ASR,AMRITSAR JN.,NED,NANDED,1929,1995.0,33.25,Long
12423,DBRT,DIBRUGARH TO,NDLS,NEW DELHI,2422,2340.0,39.0,Long
12424,NDLS,NEW DELHI,DBRT,DIBRUGARH TO,2423,2390.0,39.833333333333336,Long
12425,NDLS,NEW DELHI,JAT,JAMMU TAWI,576,545.0,9.083333333333334,Long
12426,JAT,JAMMU TAWI,NDLS,NEW DELHI,576,560.0,9.333333333333334,Long
12427,REWA,REWA,ANVT,ANAND VIHAR,844,875.0,14.583333333333334,Long
12428,ANVT,ANAND VIHAR,REWA,REWA,844,825.0,13.75,Long
12431,TVC,TRIVANDRUM C,NZM,HAZRAT NIZAM,2841,2485.0,41.416666666666664,Long
12432,NZM,HAZRAT NIZAM,TVC,TRIVANDRUM C,2840,2520.0,42.0,Long
12433,MAS,CHENNAI CENT,NZM,HAZRAT NIZAM,2156,1695.0,28.25,Long
12434,NZM,HAZRAT NIZAM,MAS,CHENNAI CENT,2155,1700.0,28.333333333333332,Long
12435,DBRT,DIBRUGARH TO,NDLS,NEW DELHI,2452,2625.0,43.75,Long
12436,NDLS,NEW DELHI,DBRT,DIBRUGARH TO,2454,2760.0,46.0,Long
12437,SC,SECUNDERABAD,NZM,HAZRAT NIZAM,1651,1300.0,21.666666666666668,Long
12438,NZM,HAZRAT NIZAM,SC,SECUNDERABAD,1652,1325.0,22.083333333333332,Long
12439,RNC,RANCHI,NDLS,NEW DELHI,1297,1015.0,16.916666666666668,Long
12440,NDLS,NEW DELHI,RNC,RANCHI,1300,1020.0,17.0,Long
12441,BSP,BILASPUR JN.,NDLS,NEW DELHI,1487,1255.0,20.916666666666668,Long
12442,NDLS,NEW DELHI,BSP,BILASPUR JN.,1483,1215.0,20.25,Long
12443,HLZ,HALDIA,ANVT,ANAND VIHAR,1572,1640.0,27.333333333333332,Long
12444,ANVT,ANAND VIHAR,HLZ,HALDIA,1572,1520.0,25.333333333333332,Long
12445,NDLS,NEW DELHI,SVDK,SHRI MATA VA,654,710.0,11.833333333333334,Long
12446,SVDK,SHRI MATA VA,NDLS,NEW DELHI,654,705.0,11.75,Long
12447,MKP,MANIKPUR JN.,NZM,HAZRAT NIZAM,676,740.0,12.333333333333334,Long
12448,NZM,HAZRAT NIZAM,MKP,MANIKPUR JN.,679,745.0,12.416666666666666,Long
12449,MAO,MADGOAN JN.,CDG,CHANDIGARH,2159,2185.0,36.416666666666664,Long
12450,CDG,CHANDIGARH,MAO,MADGOAN JN.,2157,2200.0,36.666666666666664,Long
12451,CNB,KANPUR CENTR,NDLS,NEW DELHI,430,410.0,6.833333333333333,Medium
12452,NDLS,NEW DELHI,CNB,KANPUR CENTR,430,395.0,6.583333333333333,Medium
12453,RNC,RANCHI,NDLS,NEW DELHI,1333,1060.0,17.666666666666668,Long
12454,NDLS,NEW DELHI,RNC,RANCHI,1336,1110.0,18.5,Long
12455,DEE,DELHI-SARAI,BKN,BIKANER JN.,790,870.0,14.5,Long
12456,BKN,BIKANER JN.,DEE,DELHI-SARAI,790,875.0,14.583333333333334,Long
12457,DEE,DELHI-SARAI,BKN,BIKANER JN.,455,465.0,7.75,Medium
12458,BKN,BIKANER JN.,DEE,DELHI-SARAI,455,460.0,7.666666666666667,Medium
12459,NDLS,NEW DELHI,ASR,AMRITSAR JN.,447,485.0,8.083333333333334,Medium
12460,ASR,AMRITSAR JN.,NDLS,NEW DELHI,447,480.0,8.0,Medium
12461,DLI,DELHI JN.,JU,JODHPUR JN.,618,645.0,10.75,Long
12462,JU,JODHPUR JN.,DLI,DELHI JN.,619,655.0,10.916666666666666,Long
12463,DEE,DELHI-SARAI,JU,JODHPUR JN.,614,610.0,10.166666666666666,Long
12464,JU,JODHPUR JN.,DEE,DELHI-SARAI,615,640.0,10.666666666666666,Long
12465,INDB,INDORE BG,JU,JODHPUR JN.,905,975.0,16.25,Long
12466,JU,JODHPUR JN.,INDB,INDORE BG,906,995.0,16.583333333333332,Long
12467,JSM,JAISALMER,JP,JAIPUR JN.,700,760.0,12.666666666666666,Long
12468,JP,JAIPUR JN.,JSM,JAISALMER,699,755.0,12.583333333333334,Long
12469,CNB,KANPUR CENTR,JAT,JAMMU TAWI,1025,1110.0,18.5,Long
12470,JAT,JAMMU TAWI,CNB,KANPUR CENTR,1025,1120.0,18.666666666666668,Long
12471,BDTS,BANDRA TERMI,SVDK,SHRI MATA VA,2017,1995.0,33.25,Long
12472,SVDK,SHRI MATA VA,BDTS,BANDRA TERMI,2019,1975.0,32.916666666666664,Long
12473,ADI,AHMEDABAD,SVDK,SHRI MATA VA,1736,1780.0,29.666666666666668,Long
12474,SVDK,SHRI MATA VA,ADI,AHMEDABAD,1739,1745.0,29.083333333333332,Long
12475,HAPA,HAPA,SVDK,SHRI MATA VA,2055,2140.0,35.666666666666664,Long
12476,SVDK,SHRI MATA VA,HAPA,HAPA,2058,2140.0,35.666666666666664,Long
12477,JAM,JAMNAGAR,SVDK,SHRI MATA VA,2064,2155.0,35.916666666666664,Long
12478,SVDK,SHRI MATA VA,JAM,JAMNAGAR,2066,2150.0,35.833333333333336,Long
12479,JU,JODHPUR JN.,BDTS,BANDRA TERMI,934,1010.0,16.833333333333332,Long
12480,BDTS,BANDRA TERMI,JU,JODHPUR JN.,932,1020.0,17.0,Long
12481,DLI,DELHI JN.,SGNR,SHRI GANGANA,409,450.0,7.5,Medium
12482,SGNR,SHRI GANGANA,DLI,DELHI JN.,409,460.0,7.666666666666667,Medium
12483,KCVL,KOCHUVELI,ASR,AMRITSAR JN.,3290,3505.0,58.416666666666664,Long
12484,ASR,AMRITSAR JN.,KCVL,KOCHUVELI,3288,3440.0,57.333333333333336,Long
12485,NED,NANDED,SGNR,SHRI GANGANA,1937,2130.0,35.5,Long
12486,SGNR,SHRI GANGANA,NED,NANDED,1940,1980.0,33.0,Long
12487,JBN,JOGBANI,ANVT,ANAND VIHAR,1364,1500.0,25.0,Long
12488,ANVT,ANAND VIHAR,JBN,JOGBANI,1364,1495.0,24.916666666666668,Long
12489,BKN,BIKANER JN.,DDR,DADAR,1244,1340.0,22.333333333333332,Long
12490,DDR,DADAR,BKN,BIKANER JN.,1244,1355.0,22.583333333333332,Long
12491,BJU,BARAUNI JN.,JAT,JAMMU TAWI,1609,1850.0,30.833333333333332,Long
12492,JAT,JAMMU TAWI,BJU,BARAUNI JN.,1612,1800.0,30.0,Long
12493,PUNE,PUNE JN.,NZM,HAZRAT NIZAM,1498,1460.0,24.333333333333332,Long
12494,NZM,HAZRAT NIZAM,PUNE,PUNE JN.,1501,1430.0,23.833333333333332,Long
12495,BKN,BIKANER JN.,KOAA,KOLKATA,1878,1915.0,31.916666666666668,Long
12496,KOAA,KOLKATA,BKN,BIKANER JN.,1876,1860.0,31.0,Long
12497,NDLS,NEW DELHI,ASR,AMRITSAR JN.,447,460.0,7.666666666666667,Medium
12498,ASR,AMRITSAR JN.,NDLS,NEW DELHI,447,460.0,7.666666666666667,Medium
12501,GHY,GUWAHATI,NDLS,NEW DELHI,1914,1845.0,30.75,Long
12502,NDLS,NEW DELHI,GHY,GUWAHATI,1914,1980.0,33.0,Long
12503,BNC,BANGALORE CA,KYQ,KAMAKHYA JN,3032,3075.0,51.25,Long
12504,KYQ,KAMAKHYA JN,BNC,BANGALORE CA,3032,2945.0,49.083333333333336,Long
12505,GHY,GUWAHATI,ANVT,ANAND VIHAR,1850,2015.0,33.583333333333336,Long
12506,ANVT,ANAND VIHAR,GHY,GUWAHATI,1850,2045.0,34.083333333333336,Long
12507,TVC,TRIVANDRUM C,SCL,SILCHAR,3932,4445.0,74.08333333333333,Long
12508,SCL,SILCHAR,TVC,TRIVANDRUM C,3930,4485.0,74.75,Long
12509,BNC,BANGALORE CA,GHY,GUWAHATI,2992,3260.0,54.333333333333336,Long
12510,GHY,GUWAHATI,BNC,BANGALORE CA,2993,3200.0,53.333333333333336,Long
12511,GKP,GORAKHPUR JN,TVC,TRIVANDRUM C,3239,3520.0,58.666666666666664,Long
12512,TVC,TRIVANDRUM C,GKP,GORAKHPUR JN,3245,3425.0,57.083333333333336,Long
12513,SC,SECUNDERABAD,GHY,GUWAHATI,2564,2790.0,46.5,Long
12514,GHY,GUWAHATI,SC,SECUNDERABAD,2567,2740.0,45.666666666666664,Long
12515,TVC,TRIVANDRUM C,SCL,SILCHAR,3932,4595.0,76.58333333333333,Long
12516,SCL,SILCHAR,TVC,TRIVANDRUM C,3930,4485.0,74.75,Long
12517,KOAA,KOLKATA,GHY,GUWAHATI,1027,1095.0,18.25,Long
12518,GHY,GUWAHATI,KOAA,KOLKATA,1027,1080.0,18.0,Long
12519,LTT,LOKMANYA TIL,KYQ,KAMAKHYA JN,2568,2675.0,44.583333333333336,Long
12520,KYQ,KAMAKHYA JN,LTT,LOKMANYA TIL,2567,2670.0,44.5,Long
12521,BJU,BARAUNI JN.,ERS,ERNAKULAM. J,3427,3720.0,62.0,Long
12522,ERS,ERNAKULAM. J,BJU,BARAUNI JN.,3435,3635.0,60.583333333333336,Long
12523,NJP,NEW JALPAIGU,NDLS,NEW DELHI,1496,1675.0,27.916666666666668,Long
12524,NDLS,NEW DELHI,NJP,NEW JALPAIGU,1499,1650.0,27.5,Long
12525,KOAA,KOLKATA,DBRG,DIBRUGARH,1584,1725.0,28.75,Long
12526,DBRG,DIBRUGARH,KOAA,KOLKATA,1583,1720.0,28.666666666666668,Long
12527,RMR,RAMNAGAR,CDG,CHANDIGARH,395,475.0,7.916666666666667,Medium
12529,PPTA,PATLIPUTRA,LJN,LUCKNOW JN.,518,645.0,10.75,Long
12530,LJN,LUCKNOW JN.,PPTA,PATLIPUTRA,522,590.0,9.833333333333334,Long
12531,GKP,GORAKHPUR JN,LJN,LUCKNOW JN.,277,300.0,5.0,Medium
12532,LJN,LUCKNOW JN.,GKP,GORAKHPUR JN,278,300.0,5.0,Medium
12533,LJN,LUCKNOW JN.,CSMT,CST-MUMBAI,1424,1445.0,24.083333333333332,Long
12534,CSMT,CST-MUMBAI,LJN,LUCKNOW JN.,1423,1455.0,24.25,Long
12535,LJN,LUCKNOW JN.,R,RAIPUR JN.,903,1025.0,17.083333333333332,Long
12536,R,RAIPUR JN.,LJN,LUCKNOW JN.,905,1005.0,16.75,Long
12537,MFP,MUZAFFARPUR,MUV,MANDUADIH,543,590.0,9.833333333333334,Long
12538,MUV,MANDUADIH,MFP,MUZAFFARPUR,543,615.0,10.25,Long
12539,YPR,YESVANTPUR J,LKO,LUCKNOW JN.,2548,2760.0,46.0,Long
12540,LKO,LUCKNOW JN.,YPR,YESVANTPUR J,2541,2680.0,44.666666666666664,Long
12541,GKP,GORAKHPUR JN,LTT,LOKMANYA TIL,1685,1810.0,30.166666666666668,Long
12542,LTT,LOKMANYA TIL,GKP,GORAKHPUR JN,1686,1790.0,29.833333333333332,Long
12545,RXL,RAXAUL JN.,LTT,LOKMANYA TIL,2045,2235.0,37.25,Long
12546,LTT,LOKMANYA TIL,RXL,RAXAUL JN.,2045,2245.0,37.416666666666664,Long
12547,AF,AGRA  FORT,ADI,AHMEDABAD,866,925.0,15.416666666666666,Long
12548,ADI,AHMEDABAD,AF,AGRA  FORT,864,925.0,15.416666666666666,Long
12549,DURG,DURG,JAT,JAMMU TAWI,1847,1990.0,33.166666666666664,Long
12550,JAT,JAMMU TAWI,DURG,DURG,1858,2000.0,33.333333333333336,Long
12551,YPR,YESVANTPUR J,KYQ,KAMAKHYA JN,3024,3210.0,53.5,Long
12552,KYQ,KAMAKHYA JN,YPR,YESVANTPUR J,3024,3145.0,52.416666666666664,Long
12553,BJU,BARAUNI JN.,NDLS,NEW DELHI,1167,1275.0,21.25,Long
12554,NDLS,NEW DELHI,BJU,BARAUNI JN.,1170,1285.0,21.416666666666668,Long
12555,GKP,GORAKHPUR JN,HSR,HISAR JN,952,1045.0,17.416666666666668,Long
12556,HSR,HISAR JN,GKP,GORAKHPUR JN,953,1045.0,17.416666666666668,Long
12557,MFP,MUZAFFARPUR,ANVT,ANAND VIHAR,1057,1155.0,19.25,Long
12558,ANVT,ANAND VIHAR,MFP,MUZAFFARPUR,1059,1175.0,19.583333333333332,Long
12559,MUV,MANDUADIH,NDLS,NEW DELHI,745,750.0,12.5,Long
12560,NDLS,NEW DELHI,MUV,MANDUADIH,745,725.0,12.083333333333334,Long
12561,JYG,JAYNAGAR,NDLS,NEW DELHI,1223,1350.0,22.5,Long
12562,NDLS,NEW DELHI,JYG,JAYNAGAR,1224,1355.0,22.583333333333332,Long
12565,DBG,DARBHANGA JN,NDLS,NEW DELHI,1153,1255.0,20.916666666666668,Long
12566,NDLS,NEW DELHI,DBG,DARBHANGA JN,1156,1260.0,21.0,Long
12567,SHC,SAHARSA JN.,PNBE,PATNA JN.,219,240.0,4.0,Medium
12568,PNBE,PATNA JN.,SHC,SAHARSA JN.,219,240.0,4.0,Medium
12569,JYG,JAYNAGAR,ANVT,ANAND VIHAR,1238,1220.0,20.333333333333332,Long
12570,ANVT,ANAND VIHAR,JYG,JAYNAGAR,1238,1240.0,20.666666666666668,Long
12572,ANVT,ANAND VIHAR,GKP,GORAKHPUR JN,829,800.0,13.333333333333334,Long
12577,DBG,DARBHANGA JN,MYS,MYSORE JN.,3045,3330.0,55.5,Long
12578,MYS,MYSORE JN.,DBG,DARBHANGA JN,3051,3305.0,55.083333333333336,Long
12581,MUV,MANDUADIH,NDLS,NEW DELHI,745,830.0,13.833333333333334,Long
12582,NDLS,NEW DELHI,MUV,MANDUADIH,745,755.0,12.583333333333334,Long
12587,GKP,GORAKHPUR JN,JAT,JAMMU TAWI,1246,1335.0,22.25,Long
12588,JAT,JAMMU TAWI,GKP,GORAKHPUR JN,1247,1305.0,21.75,Long
12589,GKP,GORAKHPUR JN,SC,SECUNDERABAD,1833,1955.0,32.583333333333336,Long
12590,SC,SECUNDERABAD,GKP,GORAKHPUR JN,1836,1920.0,32.0,Long
12591,GKP,GORAKHPUR JN,YPR,YESVANTPUR J,2513,2745.0,45.75,Long
12592,YPR,YESVANTPUR J,GKP,GORAKHPUR JN,2504,2745.0,45.75,Long
12593,LJN,LUCKNOW JN.,BPL,BHOPAL,581,650.0,10.833333333333334,Long
12594,BPL,BHOPAL,LJN,LUCKNOW JN.,581,660.0,11.0,Long
12595,GKP,GORAKHPUR JN,ANVT,ANAND VIHAR,760,770.0,12.833333333333334,Long
12596,ANVT,ANAND VIHAR,GKP,GORAKHPUR JN,761,710.0,11.833333333333334,Long
12597,GKP,GORAKHPUR JN,CSMT,CST-MUMBAI,1693,1665.0,27.75,Long
12598,CSMT,CST-MUMBAI,GKP,GORAKHPUR JN,1694,1695.0,28.25,Long
12601,MAS,CHENNAI CENT,MAQ,MANGALORE CE,883,965.0,16.083333333333332,Long
12602,MAQ,MANGALORE CE,MAS,CHENNAI CENT,885,975.0,16.25,Long
12603,MAS,CHENNAI CENT,HYB,HYDERABAD DE,715,780.0,13.0,Long
12604,HYB,HYDERABAD DE,MAS,CHENNAI CENT,716,785.0,13.083333333333334,Long
12605,MS,CHENNAI EGMO,KKDI,KARAIKKUDI,425,435.0,7.25,Medium
12606,KKDI,KARAIKKUDI,MS,CHENNAI EGMO,425,425.0,7.083333333333333,Medium
12607,MAS,CHENNAI CENT,SBC,KRANTIVIRA S,360,360.0,6.0,Medium
12608,SBC,KRANTIVIRA S,MAS,CHENNAI CENT,361,345.0,5.75,Medium
12609,MAS,CHENNAI CENT,SBC,KRANTIVIRA S,360,390.0,6.5,Medium
12610,SBC,KRANTIVIRA S,MAS,CHENNAI CENT,361,390.0,6.5,Medium
12611,MAS,CHENNAI CENT,NZM,HAZRAT NIZAM,2156,1695.0,28.25,Long
12612,NZM,HAZRAT NIZAM,MAS,CHENNAI CENT,2155,1700.0,28.333333333333332,Long
12613,MYS,MYSORE JN.,SBC,KRANTIVIRA S,138,150.0,2.5,Medium
12614,SBC,KRANTIVIRA S,MYS,MYSORE JN.,138,150.0,2.5,Medium
12615,MAS,CHENNAI CENT,DEE,DELHI-SARAI,2169,2155.0,35.916666666666664,Long
12616,DEE,DELHI-SARAI,MAS,CHENNAI CENT,2168,2190.0,36.5,Long
12617,ERS,ERNAKULAM. J,NZM,HAZRAT NIZAM,2751,2880.0,48.0,Long
12618,NZM,HAZRAT NIZAM,ERS,ERNAKULAM. J,2748,2940.0,49.0,Long
12619,LTT,LOKMANYA TIL,MAQ,MANGALORE CE,893,970.0,16.166666666666668,Long
12620,MAQ,MANGALORE CE,LTT,LOKMANYA TIL,899,960.0,16.0,Long
12621,MAS,CHENNAI CENT,NDLS,NEW DELHI,2163,1985.0,33.083333333333336,Long
12622,NDLS,NEW DELHI,MAS,CHENNAI CENT,2163,1960.0,32.666666666666664,Long
12623,MAS,CHENNAI CENT,TVC,TRIVANDRUM C,913,960.0,16.0,Long
12624,TVC,TRIVANDRUM C,MAS,CHENNAI CENT,916,1000.0,16.666666666666668,Long
12625,TVC,TRIVANDRUM C,NDLS,NEW DELHI,3013,3030.0,50.5,Long
12626,NDLS,NEW DELHI,TVC,TRIVANDRUM C,3010,3080.0,51.333333333333336,Long
12627,SBC,KRANTIVIRA S,NDLS,NEW DELHI,2386,2350.0,39.166666666666664,Long
12628,NDLS,NEW DELHI,SBC,KRANTIVIRA S,2389,2425.0,40.416666666666664,Long
12629,YPR,YESVANTPUR J,NZM,HAZRAT NIZAM,2595,2835.0,47.25,Long
12630,NZM,HAZRAT NIZAM,YPR,YESVANTPUR J,2595,2735.0,45.583333333333336,Long
12631,MS,CHENNAI EGMO,TEN,TIRUNELVELI,649,660.0,11.0,Long
12632,TEN,TIRUNELVELI,MS,CHENNAI EGMO,649,670.0,11.166666666666666,Long
12633,MS,CHENNAI EGMO,CAPE,KANNIYAKUMAR,738,780.0,13.0,Long
12634,CAPE,KANNIYAKUMAR,MS,CHENNAI EGMO,737,785.0,13.083333333333334,Long
12635,MS,CHENNAI EGMO,MDU,MADURAI JN,492,460.0,7.666666666666667,Medium
12636,MDU,MADURAI JN,MS,CHENNAI EGMO,492,455.0,7.583333333333333,Medium
12637,MS,CHENNAI EGMO,MDU,MADURAI JN,492,495.0,8.25,Medium
12638,MDU,MADURAI JN,MS,CHENNAI EGMO,492,500.0,8.333333333333334,Medium
12639,MAS,CHENNAI CENT,SBC,KRANTIVIRA S,360,370.0,6.166666666666667,Medium
12640,SBC,KRANTIVIRA S,MAS,CHENNAI CENT,361,365.0,6.083333333333333,Medium
12641,CAPE,KANNIYAKUMAR,NZM,HAZRAT NIZAM,2899,2805.0,46.75,Long
12642,NZM,HAZRAT NIZAM,CAPE,KANNIYAKUMAR,2898,2975.0,49.583333333333336,Long
12643,TVC,TRIVANDRUM C,NZM,HAZRAT NIZAM,2991,3055.0,50.916666666666664,Long
12644,NZM,HAZRAT NIZAM,TVC,TRIVANDRUM C,2988,3195.0,53.25,Long
12645,ERS,ERNAKULAM. J,NZM,HAZRAT NIZAM,2786,2770.0,46.166666666666664,Long
12646,NZM,HAZRAT NIZAM,ERS,ERNAKULAM. J,2782,2885.0,48.083333333333336,Long
12647,CBE,COIMBATORE,NZM,HAZRAT NIZAM,2650,2830.0,47.166666666666664,Long
12648,NZM,HAZRAT NIZAM,CBE,COIMBATORE,2651,2920.0,48.666666666666664,Long
12649,YPR,YESVANTPUR J,NZM,HAZRAT NIZAM,2257,2115.0,35.25,Long
12650,NZM,HAZRAT NIZAM,YPR,YESVANTPUR J,2258,2230.0,37.166666666666664,Long
12651,MDU,MADURAI JN,NZM,HAZRAT NIZAM,2653,2490.0,41.5,Long
12652,NZM,HAZRAT NIZAM,MDU,MADURAI JN,2652,2655.0,44.25,Long
12653,MS,CHENNAI EGMO,TPJ,TIRUCHIRAPPA,336,345.0,5.75,Medium
12654,TPJ,TIRUCHIRAPPA,MS,CHENNAI EGMO,335,360.0,6.0,Medium
12655,ADI,AHMEDABAD,MAS,CHENNAI CENT,1893,1950.0,32.5,Long
12656,MAS,CHENNAI CENT,ADI,AHMEDABAD,1895,1970.0,32.833333333333336,Long
12657,MAS,CHENNAI CENT,SBC,KRANTIVIRA S,360,355.0,5.916666666666667,Medium
12658,SBC,KRANTIVIRA S,MAS,CHENNAI CENT,361,355.0,5.916666666666667,Medium
12659,NCJ,NAGERCOIL JN,SHM,SHALIMAR,2579,2825.0,47.083333333333336,Long
12660,SHM,SHALIMAR,NCJ,NAGERCOIL JN,2579,2805.0,46.75,Long
12661,MS,CHENNAI EGMO,SCT,SENGOTTAI JN,665,705.0,11.75,Long
12662,SCT,SENGOTTAI JN,MS,CHENNAI EGMO,665,700.0,11.666666666666666,Long
12663,HWH,HOWRAH JN.,TPJ,TIRUCHIRAPPA,2005,2120.0,35.333333333333336,Long
12664,TPJ,TIRUCHIRAPPA,HWH,HOWRAH JN.,2004,2090.0,34.833333333333336,Long
12665,HWH,HOWRAH JN.,CAPE,KANNIYAKUMAR,2407,2535.0,42.25,Long
12666,CAPE,KANNIYAKUMAR,HWH,HOWRAH JN.,2406,2600.0,43.333333333333336,Long
12667,MS,CHENNAI EGMO,NCJ,NAGERCOIL JN,722,795.0,13.25,Long
12668,NCJ,NAGERCOIL JN,MS,CHENNAI EGMO,722,745.0,12.416666666666666,Long
12669,MAS,CHENNAI CENT,CPR,CHHAPRA JN.,2348,2525.0,42.083333333333336,Long
12670,CPR,CHHAPRA JN.,MAS,CHENNAI CENT,2343,2485.0,41.416666666666664,Long
12671,MAS,CHENNAI CENT,MTP,METTUPALAIYA,526,550.0,9.166666666666666,Long
12672,MTP,METTUPALAIYA,MAS,CHENNAI CENT,529,560.0,9.333333333333334,Long
12673,MAS,CHENNAI CENT,CBE,COIMBATORE,491,485.0,8.083333333333334,Medium
12674,CBE,COIMBATORE,MAS,CHENNAI CENT,493,485.0,8.083333333333334,Medium
12675,MAS,CHENNAI CENT,CBE,COIMBATORE,491,455.0,7.583333333333333,Medium
12676,CBE,COIMBATORE,MAS,CHENNAI CENT,493,455.0,7.583333333333333,Medium
12677,SBC,KRANTIVIRA S,ERS,ERNAKULAM. J,581,640.0,10.666666666666666,Long
12678,ERS,ERNAKULAM. J,SBC,KRANTIVIRA S,582,640.0,10.666666666666666,Long
12679,MAS,CHENNAI CENT,CBE,COIMBATORE,491,465.0,7.75,Medium
12680,CBE,COIMBATORE,MAS,CHENNAI CENT,493,455.0,7.583333333333333,Medium
12681,MAS,CHENNAI CENT,CBE,COIMBATORE,491,490.0,8.166666666666666,Medium
12682,CBE,COIMBATORE,MAS,CHENNAI CENT,493,470.0,7.833333333333333,Medium
12683,ERS,ERNAKULAM. J,SBC,KRANTIVIRA S,617,675.0,11.25,Long
12684,SBC,KRANTIVIRA S,ERS,ERNAKULAM. J,616,670.0,11.166666666666666,Long
12685,MAS,CHENNAI CENT,MAQ,MANGALORE CE,883,965.0,16.083333333333332,Long
12686,MAQ,MANGALORE CE,MAS,CHENNAI CENT,885,940.0,15.666666666666666,Long
12687,MDU,MADURAI JN,DDN,DEHRA DUN,3067,3190.0,53.166666666666664,Long
12688,DDN,DEHRA DUN,MDU,MADURAI JN,3064,3240.0,54.0,Long
12689,MAS,CHENNAI CENT,NCJ,NAGERCOIL JN,918,1005.0,16.75,Long
12690,NCJ,NAGERCOIL JN,MAS,CHENNAI CENT,920,1005.0,16.75,Long
12691,MAS,CHENNAI CENT,SSPN,SRI SATYA SA,528,610.0,10.166666666666666,Long
12692,SSPN,SRI SATYA SA,MAS,CHENNAI CENT,528,650.0,10.833333333333334,Long
12693,MS,CHENNAI EGMO,TN,TUTICORIN,652,665.0,11.083333333333334,Long
12694,TN,TUTICORIN,MS,CHENNAI EGMO,651,700.0,11.666666666666666,Long
12695,MAS,CHENNAI CENT,TVC,TRIVANDRUM C,914,970.0,16.166666666666668,Long
12696,TVC,TRIVANDRUM C,MAS,CHENNAI CENT,916,1005.0,16.75,Long
12697,MAS,CHENNAI CENT,TVC,TRIVANDRUM C,901,920.0,15.333333333333334,Long
12698,TVC,TRIVANDRUM C,MAS,CHENNAI CENT,903,965.0,16.083333333333332,Long
12701,CSMT,CST-MUMBAI,HYB,HYDERABAD DE,791,860.0,14.333333333333334,Long
12702,HYB,HYDERABAD DE,CSMT,CST-MUMBAI,793,850.0,14.166666666666666,Long
12703,HWH,HOWRAH JN.,SC,SECUNDERABAD,1549,1540.0,25.666666666666668,Long
12704,SC,SECUNDERABAD,HWH,HOWRAH JN.,1548,1550.0,25.833333333333332,Long
12705,GNT,GUNTUR JN.,SC,SECUNDERABAD,391,410.0,6.833333333333333,Medium
12706,SC,SECUNDERABAD,GNT,GUNTUR JN.,390,405.0,6.75,Medium
12707,TPTY,TIRUPATI,NZM,HAZRAT NIZAM,2292,2180.0,36.333333333333336,Long
12708,NZM,HAZRAT NIZAM,TPTY,TIRUPATI,2294,2305.0,38.416666666666664,Long
12709,GDR,GUDUR JN.,SC,SECUNDERABAD,651,650.0,10.833333333333334,Long
12710,SC,SECUNDERABAD,GDR,GUDUR JN.,650,620.0,10.333333333333334,Long
12711,BZA,VIJAYWADA JN,MAS,CHENNAI CENT,430,420.0,7.0,Medium
12712,MAS,CHENNAI CENT,BZA,VIJAYWADA JN,429,425.0,7.083333333333333,Medium
12713,BZA,VIJAYWADA JN,SC,SECUNDERABAD,358,330.0,5.5,Medium
12714,SC,SECUNDERABAD,BZA,VIJAYWADA JN,358,355.0,5.916666666666667,Medium
12715,NED,NANDED,ASR,AMRITSAR JN.,2056,2090.0,34.833333333333336,Long
12716,ASR,AMRITSAR JN.,NED,NANDED,2059,2065.0,34.416666666666664,Long
12717,VSKP,VISAKHAPATNA,BZA,VIJAYWADA JN,350,380.0,6.333333333333333,Medium
12718,BZA,VIJAYWADA JN,VSKP,VISAKHAPATNA,350,365.0,6.083333333333333,Medium
12719,AII,AJMER JN.,HYB,HYDERABAD DE,1718,1850.0,30.833333333333332,Long
12720,HYB,HYDERABAD DE,AII,AJMER JN.,1720,1835.0,30.583333333333332,Long
12721,HYB,HYDERABAD DE,NZM,HAZRAT NIZAM,1662,1775.0,29.583333333333332,Long
12722,NZM,HAZRAT NIZAM,HYB,HYDERABAD DE,1662,1800.0,30.0,Long
12723,HYB,HYDERABAD DE,NDLS,NEW DELHI,1669,1600.0,26.666666666666668,Long
12724,NDLS,NEW DELHI,HYB,HYDERABAD DE,1669,1570.0,26.166666666666668,Long
12725,SBC,KRANTIVIRA S,DWR,DHARWAD,491,530.0,8.833333333333334,Medium
12726,DWR,DHARWAD,SBC,KRANTIVIRA S,488,530.0,8.833333333333334,Medium
12727,VSKP,VISAKHAPATNA,HYB,HYDERABAD DE,718,770.0,12.833333333333334,Long
12728,HYB,HYDERABAD DE,VSKP,VISAKHAPATNA,719,755.0,12.583333333333334,Long
12729,PUNE,PUNE JN.,NED,NANDED,658,720.0,12.0,Long
12730,NED,NANDED,PUNE,PUNE JN.,658,720.0,12.0,Long
12731,TPTY,TIRUPATI,SC,SECUNDERABAD,790,865.0,14.416666666666666,Long
12732,SC,SECUNDERABAD,TPTY,TIRUPATI,790,870.0,14.5,Long
12733,TPTY,TIRUPATI,SC,SECUNDERABAD,661,720.0,12.0,Long
12734,SC,SECUNDERABAD,TPTY,TIRUPATI,661,720.0,12.0,Long
12735,SC,SECUNDERABAD,YPR,YESVANTPUR J,686,710.0,11.833333333333334,Long
12736,YPR,YESVANTPUR J,SC,SECUNDERABAD,686,735.0,12.25,Long
12737,COA,KAKINADA POR,SC,SECUNDERABAD,575,615.0,10.25,Long
12738,SC,SECUNDERABAD,COA,KAKINADA POR,575,615.0,10.25,Long
12739,VSKP,VISAKHAPATNA,SC,SECUNDERABAD,708,700.0,11.666666666666666,Long
12740,SC,SECUNDERABAD,VSKP,VISAKHAPATNA,708,670.0,11.166666666666666,Long
12741,VSG,VASCO-DA-GAM,PNBE,PATNA JN.,2243,2465.0,41.083333333333336,Long
12742,PNBE,PATNA JN.,VSG,VASCO-DA-GAM,2238,2575.0,42.916666666666664,Long
12747,GNT,GUNTUR JN.,VKB,VIKRABAD JN.,353,385.0,6.416666666666667,Medium
12748,VKB,VIKRABAD JN.,GNT,GUNTUR JN.,353,375.0,6.25,Medium
12749,MTM,MACHILIPATNA,SC,SECUNDERABAD,441,475.0,7.916666666666667,Medium
12750,SC,SECUNDERABAD,MTM,MACHILIPATNA,438,475.0,7.916666666666667,Medium
12757,SC,SECUNDERABAD,SKZR,SIRPURKAGHAZ,305,320.0,5.333333333333333,Medium
12758,SKZR,SIRPURKAGHAZ,SC,SECUNDERABAD,305,320.0,5.333333333333333,Medium
12759,MAS,CHENNAI CENT,HYB,HYDERABAD DE,797,830.0,13.833333333333334,Long
12760,HYB,HYDERABAD DE,MAS,CHENNAI CENT,798,825.0,13.75,Long
12761,TPTY,TIRUPATI,KRMR,KARIM NAGAR,712,735.0,12.25,Long
12762,KRMR,KARIM NAGAR,TPTY,TIRUPATI,710,775.0,12.916666666666666,Long
12763,TPTY,TIRUPATI,SC,SECUNDERABAD,744,770.0,12.833333333333334,Long
12764,SC,SECUNDERABAD,TPTY,TIRUPATI,743,750.0,12.5,Long
12765,TPTY,TIRUPATI,AMI,AMRAVATI,1305,1420.0,23.666666666666668,Long
12766,AMI,AMRAVATI,TPTY,TIRUPATI,1305,1430.0,23.833333333333332,Long
12767,NED,NANDED,SRC,SANTRAGACHI,1572,1680.0,28.0,Long
12768,SRC,SANTRAGACHI,NED,NANDED,1578,1685.0,28.083333333333332,Long
12769,TPTY,TIRUPATI,SC,SECUNDERABAD,711,775.0,12.916666666666666,Long
12770,SC,SECUNDERABAD,TPTY,TIRUPATI,711,775.0,12.916666666666666,Long
12771,SC,SECUNDERABAD,NGP,NAGPUR JN.(C,587,615.0,10.25,Long
12772,NGP,NAGPUR JN.(C,SC,SECUNDERABAD,586,625.0,10.416666666666666,Long
12773,SHM,SHALIMAR,SC,SECUNDERABAD,1590,1585.0,26.416666666666668,Long
12774,SC,SECUNDERABAD,SHM,SHALIMAR,1589,1645.0,27.416666666666668,Long
12775,CCT,KAKINADA TOW,SC,SECUNDERABAD,598,645.0,10.75,Long
12776,SC,SECUNDERABAD,CCT,KAKINADA TOW,598,640.0,10.666666666666666,Long
12777,UBL,HUBLI JN.,KCVL,KOCHUVELI,1295,1425.0,23.75,Long
12778,KCVL,KOCHUVELI,UBL,HUBLI JN.,1297,1430.0,23.833333333333332,Long
12779,VSG,VASCO-DA-GAM,NZM,HAZRAT NIZAM,2148,2350.0,39.166666666666664,Long
12780,NZM,HAZRAT NIZAM,VSG,VASCO-DA-GAM,2151,2370.0,39.5,Long
12781,MYS,MYSORE JN.,NZM,HAZRAT NIZAM,2602,2700.0,45.0,Long
12782,NZM,HAZRAT NIZAM,MYS,MYSORE JN.,2602,2825.0,47.083333333333336,Long
12783,VSKP,VISAKHAPATNA,SC,SECUNDERABAD,710,765.0,12.75,Long
12784,SC,SECUNDERABAD,VSKP,VISAKHAPATNA,708,775.0,12.916666666666666,Long
12785,KCG,KACHEGUDA,SBC,KRANTIVIRA S,623,680.0,11.333333333333334,Long
12786,SBC,KRANTIVIRA S,KCG,KACHEGUDA,623,680.0,11.333333333333334,Long
12791,SC,SECUNDERABAD,DNR,DANAPUR,1843,1975.0,32.916666666666664,Long
12792,DNR,DANAPUR,SC,SECUNDERABAD,1840,1995.0,33.25,Long
12795,BZA,VIJAYWADA JN,SC,SECUNDERABAD,314,320.0,5.333333333333333,Medium
12796,SC,SECUNDERABAD,BZA,VIJAYWADA JN,314,315.0,5.25,Medium
12797,KCG,KACHEGUDA,CTO,CHITTOOR,707,770.0,12.833333333333334,Long
12798,CTO,CHITTOOR,KCG,KACHEGUDA,707,770.0,12.833333333333334,Long
12801,PURI,PURI,NDLS,NEW DELHI,1860,1840.0,30.666666666666668,Long
12802,NDLS,NEW DELHI,PURI,PURI,1860,1855.0,30.916666666666668,Long
12803,VSKP,VISAKHAPATNA,NZM,HAZRAT NIZAM,2076,1970.0,32.833333333333336,Long
12804,NZM,HAZRAT NIZAM,VSKP,VISAKHAPATNA,2076,2140.0,35.666666666666664,Long
12805,VSKP,VISAKHAPATNA,SC,SECUNDERABAD,688,750.0,12.5,Long
12806,SC,SECUNDERABAD,VSKP,VISAKHAPATNA,689,750.0,12.5,Long
12807,VSKP,VISAKHAPATNA,NZM,HAZRAT NIZAM,1900,2060.0,34.333333333333336,Long
12808,NZM,HAZRAT NIZAM,VSKP,VISAKHAPATNA,1895,2015.0,33.583333333333336,Long
12809,CSMT,CST-MUMBAI,HWH,HOWRAH JN.,1972,1995.0,33.25,Long
12810,HWH,HOWRAH JN.,CSMT,CST-MUMBAI,1979,1985.0,33.083333333333336,Long
12811,LTT,LOKMANYA TIL,HTE,HATIA,1701,1650.0,27.5,Long
12812,HTE,HATIA,LTT,LOKMANYA TIL,1709,1675.0,27.916666666666668,Long
12813,HWH,HOWRAH JN.,TATA,TATANAGAR JN,254,240.0,4.0,Medium
12814,TATA,TATANAGAR JN,HWH,HOWRAH JN.,253,245.0,4.083333333333333,Medium
12815,PURI,PURI,NDLS,NEW DELHI,1794,1810.0,30.166666666666668,Long
12816,NDLS,NEW DELHI,PURI,PURI,1788,1780.0,29.666666666666668,Long
12817,HTE,HATIA,ANVT,ANAND VIHAR,1291,1395.0,23.25,Long
12818,ANVT,ANAND VIHAR,HTE,HATIA,1294,1260.0,21.0,Long
12819,BBS,BHUBANESWAR,ANVT,ANAND VIHAR,1774,1740.0,29.0,Long
12820,ANVT,ANAND VIHAR,BBS,BHUBANESWAR,1774,1755.0,29.25,Long
12821,HWH,HOWRAH JN.,PURI,PURI,504,500.0,8.333333333333334,Long
12822,PURI,PURI,HWH,HOWRAH JN.,503,510.0,8.5,Long
12823,DURG,DURG,NZM,HAZRAT NIZAM,1255,1265.0,21.083333333333332,Long
12824,NZM,HAZRAT NIZAM,DURG,DURG,1266,1305.0,21.75,Long
12825,RNC,RANCHI,NDLS,NEW DELHI,1297,1270.0,21.166666666666668,Long
12826,NDLS,NEW DELHI,RNC,RANCHI,1300,1320.0,22.0,Long
12827,HWH,HOWRAH JN.,PRR,PURULIA JN.,323,330.0,5.5,Medium
12828,PRR,PURULIA JN.,HWH,HOWRAH JN.,323,350.0,5.833333333333333,Medium
12829,MAS,CHENNAI CENT,BBS,BHUBANESWAR,1222,1210.0,20.166666666666668,Long
12830,BBS,BHUBANESWAR,MAS,CHENNAI CENT,1222,1255.0,20.916666666666668,Long
12831,BKSC,BOKARO STEEL,BBS,BHUBANESWAR,725,860.0,14.333333333333334,Long
12832,BBS,BHUBANESWAR,BKSC,BOKARO STEEL,722,795.0,13.25,Long
12833,ADI,AHMEDABAD,HWH,HOWRAH JN.,2097,2235.0,37.25,Long
12834,HWH,HOWRAH JN.,ADI,AHMEDABAD,2098,2250.0,37.5,Long
12835,HTE,HATIA,YPR,YESVANTPUR J,1891,2075.0,34.583333333333336,Long
12836,YPR,YESVANTPUR J,HTE,HATIA,1891,2075.0,34.583333333333336,Long
12837,HWH,HOWRAH JN.,PURI,PURI,504,505.0,8.416666666666666,Long
12838,PURI,PURI,HWH,HOWRAH JN.,503,510.0,8.5,Long
12839,HWH,HOWRAH JN.,MAS,CHENNAI CENT,1664,1685.0,28.083333333333332,Long
12840,MAS,CHENNAI CENT,HWH,HOWRAH JN.,1663,1695.0,28.25,Long
12841,HWH,HOWRAH JN.,MAS,CHENNAI CENT,1664,1570.0,26.166666666666668,Long
12842,MAS,CHENNAI CENT,HWH,HOWRAH JN.,1663,1625.0,27.083333333333332,Long
12843,PURI,PURI,ADI,AHMEDABAD,2148,2275.0,37.916666666666664,Long
12844,ADI,AHMEDABAD,PURI,PURI,2141,2295.0,38.25,Long
12845,BBS,BHUBANESWAR,BNC,BANGALORE CA,1510,1640.0,27.333333333333332,Long
12846,BNC,BANGALORE CA,BBS,BHUBANESWAR,1510,1605.0,26.75,Long
12847,HWH,HOWRAH JN.,DGHA,DIGHA FS,185,190.0,3.1666666666666665,Medium
12848,DGHA,DIGHA FS,HWH,HOWRAH JN.,186,190.0,3.1666666666666665,Medium
12849,BSP,BILASPUR JN.,PUNE,PUNE JN.,1312,1330.0,22.166666666666668,Long
12850,PUNE,PUNE JN.,BSP,BILASPUR JN.,1305,1390.0,23.166666666666668,Long
12851,BSP,BILASPUR JN.,MAS,CHENNAI CENT,1412,1440.0,24.0,Long
12852,MAS,CHENNAI CENT,BSP,BILASPUR JN.,1409,1385.0,23.083333333333332,Long
12853,DURG,DURG,BPL,BHOPAL,889,970.0,16.166666666666668,Long
12854,BPL,BHOPAL,DURG,DURG,897,975.0,16.25,Long
12855,BSP,BILASPUR JN.,NGP,NAGPUR JN.(C,416,425.0,7.083333333333333,Medium
12856,NGP,NAGPUR JN.(C,BSP,BILASPUR JN.,405,430.0,7.166666666666667,Medium
12857,HWH,HOWRAH JN.,DGHA,DIGHA FS,185,202.0,3.3666666666666667,Medium
12858,DGHA,DIGHA FS,HWH,HOWRAH JN.,186,205.0,3.4166666666666665,Medium
12859,CSMT,CST-MUMBAI,HWH,HOWRAH JN.,1972,1830.0,30.5,Long
12860,HWH,HOWRAH JN.,CSMT,CST-MUMBAI,1979,1890.0,31.5,Long
12861,VSKP,VISAKHAPATNA,KZJ,KAZIPET JN.,578,605.0,10.083333333333334,Long
12862,KZJ,KAZIPET JN.,VSKP,VISAKHAPATNA,576,650.0,10.833333333333334,Long
12863,HWH,HOWRAH JN.,YPR,YESVANTPUR J,1959,2080.0,34.666666666666664,Long
12864,YPR,YESVANTPUR J,HWH,HOWRAH JN.,1959,2090.0,34.833333333333336,Long
12865,HWH,HOWRAH JN.,PRR,PURULIA JN.,344,340.0,5.666666666666667,Medium
12866,PRR,PURULIA JN.,HWH,HOWRAH JN.,343,350.0,5.833333333333333,Medium
12867,HWH,HOWRAH JN.,PDY,PONDICHERRY,1922,2000.0,33.333333333333336,Long
12868,PDY,PONDICHERRY,HWH,HOWRAH JN.,1922,2050.0,34.166666666666664,Long
12869,CSMT,CST-MUMBAI,HWH,HOWRAH JN.,1972,1945.0,32.416666666666664,Long
12870,HWH,HOWRAH JN.,CSMT,CST-MUMBAI,1979,1960.0,32.666666666666664,Long
12871,HWH,HOWRAH JN.,TIG,TITLA GARH J,745,800.0,13.333333333333334,Long
12872,TIG,TITLA GARH J,HWH,HOWRAH JN.,746,815.0,13.583333333333334,Long
12873,HTE,HATIA,ANVT,ANAND VIHAR,1322,1455.0,24.25,Long
12874,ANVT,ANAND VIHAR,HTE,HATIA,1325,1450.0,24.166666666666668,Long
12875,PURI,PURI,NDLS,NEW DELHI,1911,2090.0,34.833333333333336,Long
12876,NDLS,NEW DELHI,PURI,PURI,1912,2065.0,34.416666666666664,Long
12877,RNC,RANCHI,NDLS,NEW DELHI,1333,1090.0,18.166666666666668,Long
12878,NDLS,NEW DELHI,RNC,RANCHI,1336,1160.0,19.333333333333332,Long
12879,LTT,LOKMANYA TIL,BBS,BHUBANESWAR,1790,1860.0,31.0,Long
12880,BBS,BHUBANESWAR,LTT,LOKMANYA TIL,1798,1825.0,30.416666666666668,Long
12881,HWH,HOWRAH JN.,PURI,PURI,504,525.0,8.75,Long
12882,PURI,PURI,HWH,HOWRAH JN.,503,530.0,8.833333333333334,Long
12883,SRC,SANTRAGACHI,PRR,PURULIA JN.,322,325.0,5.416666666666667,Medium
12884,PRR,PURULIA JN.,HWH,HOWRAH JN.,330,340.0,5.666666666666667,Medium
12885,SHM,SHALIMAR,BJE,BHOJUDIH JN.,318,315.0,5.25,Medium
12886,BJE,BHOJUDIH JN.,SHM,SHALIMAR,317,340.0,5.666666666666667,Medium
12887,HWH,HOWRAH JN.,PURI,PURI,504,525.0,8.75,Long
12888,PURI,PURI,HWH,HOWRAH JN.,503,530.0,8.833333333333334,Long
12889,TATA,TATANAGAR JN,YPR,YESVANTPUR J,1890,2065.0,34.416666666666664,Long
12890,YPR,YESVANTPUR J,TATA,TATANAGAR JN,1893,2070.0,34.5,Long
12891,BGY,BANGRIPOSI,BBS,BHUBANESWAR,311,340.0,5.666666666666667,Medium
12892,BBS,BHUBANESWAR,BGY,BANGRIPOSI,311,340.0,5.666666666666667,Medium
12893,BBS,BHUBANESWAR,BLGR,BALANGIR,395,415.0,6.916666666666667,Medium
12894,BLGR,BALANGIR,BBS,BHUBANESWAR,395,430.0,7.166666666666667,Medium
12895,HWH,HOWRAH JN.,PURI,PURI,504,525.0,8.75,Long
12896,PURI,PURI,HWH,HOWRAH JN.,503,530.0,8.833333333333334,Long
12897,PDY,PONDICHERRY,BBS,BHUBANESWAR,1423,1445.0,24.083333333333332,Long
12898,BBS,BHUBANESWAR,PDY,PONDICHERRY,1423,1515.0,25.25,Long
12901,BCT,MUMBAI CENTR,ADI,AHMEDABAD,490,510.0,8.5,Medium
12902,ADI,AHMEDABAD,BCT,MUMBAI CENTR,490,505.0,8.416666666666666,Medium
12903,BCT,MUMBAI CENTR,ASR,AMRITSAR JN.,1885,1925.0,32.083333333333336,Long
12904,ASR,AMRITSAR JN.,BCT,MUMBAI CENTR,1888,1900.0,31.666666666666668,Long
12905,PBR,PORBANDAR,HWH,HOWRAH JN.,2559,2625.0,43.75,Long
12906,HWH,HOWRAH JN.,PBR,PORBANDAR,2566,2615.0,43.583333333333336,Long
12907,BDTS,BANDRA TERMI,NZM,HAZRAT NIZAM,1355,1270.0,21.166666666666668,Long
12908,NZM,HAZRAT NIZAM,BDTS,BANDRA TERMI,1358,1140.0,19.0,Long
12909,BDTS,BANDRA TERMI,NZM,HAZRAT NIZAM,1355,1025.0,17.083333333333332,Long
12910,NZM,HAZRAT NIZAM,BDTS,BANDRA TERMI,1358,995.0,16.583333333333332,Long
12911,BL,VALSAD,HW,HARIDWAR JN,1427,1500.0,25.0,Long
12912,HW,HARIDWAR JN,BL,VALSAD,1430,1415.0,23.583333333333332,Long
12913,INDB,INDORE BG,NGP,NAGPUR JN.(C,650,710.0,11.833333333333334,Long
12914,NGP,NAGPUR JN.(C,INDB,INDORE BG,650,710.0,11.833333333333334,Long
12915,ADI,AHMEDABAD,DLI,DELHI JN.,930,940.0,15.666666666666666,Long
12916,DLI,DELHI JN.,ADI,AHMEDABAD,933,980.0,16.333333333333332,Long
12917,ADI,AHMEDABAD,NZM,HAZRAT NIZAM,1075,1055.0,17.583333333333332,Long
12918,NZM,HAZRAT NIZAM,ADI,AHMEDABAD,1077,975.0,16.25,Long
12919,INDB,INDORE BG,SVDK,SHRI MATA VA,1598,1800.0,30.0,Long
12920,SVDK,SHRI MATA VA,INDB,INDORE BG,1601,1795.0,29.916666666666668,Long
12921,BCT,MUMBAI CENTR,ST,SURAT,262,280.0,4.666666666666667,Medium
12922,ST,SURAT,BCT,MUMBAI CENTR,262,285.0,4.75,Medium
12923,INDB,INDORE BG,NGP,NAGPUR JN.(C,606,660.0,11.0,Long
12924,NGP,NAGPUR JN.(C,INDB,INDORE BG,606,640.0,10.666666666666666,Long
12925,BDTS,BANDRA TERMI,ASR,AMRITSAR JN.,1810,1880.0,31.333333333333332,Long
12926,ASR,AMRITSAR JN.,BDTS,BANDRA TERMI,1813,1835.0,30.583333333333332,Long
12927,BCT,MUMBAI CENTR,BRC,VADODARA JN.,391,375.0,6.25,Medium
12928,BRC,VADODARA JN.,BCT,MUMBAI CENTR,391,375.0,6.25,Medium
12929,BL,VALSAD,DHD,DAHOD,344,370.0,6.166666666666667,Medium
12930,DHD,DAHOD,BL,VALSAD,344,375.0,6.25,Medium
12931,BCT,MUMBAI CENTR,ADI,AHMEDABAD,490,440.0,7.333333333333333,Medium
12932,ADI,AHMEDABAD,BCT,MUMBAI CENTR,490,420.0,7.0,Medium
12933,BCT,MUMBAI CENTR,ADI,AHMEDABAD,490,465.0,7.75,Medium
12934,ADI,AHMEDABAD,BCT,MUMBAI CENTR,490,460.0,7.666666666666667,Medium
12935,BDTS,BANDRA TERMI,ST,SURAT,251,260.0,4.333333333333333,Medium
12936,ST,SURAT,BDTS,BANDRA TERMI,251,260.0,4.333333333333333,Medium
12937,GIMB,GANDHIDHAM J,HWH,HOWRAH JN.,2509,2605.0,43.416666666666664,Long
12938,HWH,HOWRAH JN.,GIMB,GANDHIDHAM J,2508,2490.0,41.5,Long
12939,PUNE,PUNE JN.,JP,JAIPUR JN.,1289,1325.0,22.083333333333332,Long
12940,JP,JAIPUR JN.,PUNE,PUNE JN.,1290,1370.0,22.833333333333332,Long
12941,BVC,BHAVNAGAR TE,ASN,ASANSOL MAIN,2308,2450.0,40.833333333333336,Long
12942,ASN,ASANSOL MAIN,BVC,BHAVNAGAR TE,2308,2360.0,39.333333333333336,Long
12943,BL,VALSAD,CNB,KANPUR CENTR,1301,1375.0,22.916666666666668,Long
12944,CNB,KANPUR CENTR,BL,VALSAD,1301,1415.0,23.583333333333332,Long
12946,MHV,MAHUVA,ST,SURAT,632,680.0,11.333333333333334,Long
12947,ADI,AHMEDABAD,PNBE,PATNA JN.,1754,1850.0,30.833333333333332,Long
12948,PNBE,PATNA JN.,ADI,AHMEDABAD,1754,1785.0,29.75,Long
12949,PBR,PORBANDAR,SRC,SANTRAGACHI,2664,2875.0,47.916666666666664,Long
12950,SRC,SANTRAGACHI,PBR,PORBANDAR,2670,2825.0,47.083333333333336,Long
12951,BCT,MUMBAI CENTR,NDLS,NEW DELHI,1373,935.0,15.583333333333334,Long
12952,NDLS,NEW DELHI,BCT,MUMBAI CENTR,1376,950.0,15.833333333333334,Long
12953,BCT,MUMBAI CENTR,NZM,HAZRAT NIZAM,1366,1035.0,17.25,Long
12954,NZM,HAZRAT NIZAM,BCT,MUMBAI CENTR,1369,1015.0,16.916666666666668,Long
12955,BCT,MUMBAI CENTR,JP,JAIPUR JN.,1157,1070.0,17.833333333333332,Long
12956,JP,JAIPUR JN.,BCT,MUMBAI CENTR,1158,1060.0,17.666666666666668,Long
12957,ADI,AHMEDABAD,NDLS,NEW DELHI,931,830.0,13.833333333333334,Long
12958,NDLS,NEW DELHI,ADI,AHMEDABAD,934,825.0,13.75,Long
12959,DDR,DADAR,BHUJ,NEW BHUJ,972,1065.0,17.75,Long
12960,BHUJ,NEW BHUJ,DDR,DADAR,972,1050.0,17.5,Long
12961,BCT,MUMBAI CENTR,INDB,INDORE BG,831,845.0,14.083333333333334,Long
12962,INDB,INDORE BG,BCT,MUMBAI CENTR,831,830.0,13.833333333333334,Long
12963,NZM,HAZRAT NIZAM,UDZ,UDAIPUR CITY,735,735.0,12.25,Long
12964,UDZ,UDAIPUR CITY,NZM,HAZRAT NIZAM,733,740.0,12.333333333333334,Long
12967,MAS,CHENNAI CENT,JP,JAIPUR JN.,2179,2195.0,36.583333333333336,Long
12968,JP,JAIPUR JN.,MAS,CHENNAI CENT,2174,2290.0,38.166666666666664,Long
12969,CBE,COIMBATORE,JP,JAIPUR JN.,2673,2695.0,44.916666666666664,Long
12970,JP,JAIPUR JN.,CBE,COIMBATORE,2667,2785.0,46.416666666666664,Long
12971,BDTS,BANDRA TERMI,BVC,BHAVNAGAR TE,778,780.0,13.0,Long
12972,BVC,BHAVNAGAR TE,BDTS,BANDRA TERMI,778,845.0,14.083333333333334,Long
12973,INDB,INDORE BG,JP,JAIPUR JN.,593,595.0,9.916666666666666,Long
12974,JP,JAIPUR JN.,INDB,INDORE BG,593,605.0,10.083333333333334,Long
12975,MYS,MYSORE JN.,JP,JAIPUR JN.,2483,2635.0,43.916666666666664,Long
12976,JP,JAIPUR JN.,MYS,MYSORE JN.,2483,2650.0,44.166666666666664,Long
12977,ERS,ERNAKULAM. J,THVM,THIVIM,778,943.0,15.716666666666667,Long
12978,CAN,KANNUR,ERS,ERNAKULAM. J,2560,365.0,6.083333333333333,Long
12979,BDTS,BANDRA TERMI,JP,JAIPUR JN.,1146,1135.0,18.916666666666668,Long
12980,JP,JAIPUR JN.,BDTS,BANDRA TERMI,1147,1075.0,17.916666666666668,Long
12981,DEE,DELHI-SARAI,UDZ,UDAIPUR CITY,672,730.0,12.166666666666666,Long
12982,UDZ,UDAIPUR CITY,DEE,DELHI-SARAI,672,710.0,11.833333333333334,Long
12983,AII,AJMER JN.,CDG,CHANDIGARH,715,770.0,12.833333333333334,Long
12984,CDG,CHANDIGARH,AII,AJMER JN.,715,770.0,12.833333333333334,Long
12985,JP,JAIPUR JN.,DEE,DELHI-SARAI,302,270.0,4.5,Medium
12986,DEE,DELHI-SARAI,JP,JAIPUR JN.,302,270.0,4.5,Medium
12987,SDAH,SEALDAH,AII,AJMER JN.,1637,1670.0,27.833333333333332,Long
12988,AII,AJMER JN.,SDAH,SEALDAH,1638,1630.0,27.166666666666668,Long
12989,DDR,DADAR,AII,AJMER JN.,974,1060.0,17.666666666666668,Long
12990,AII,AJMER JN.,DDR,DADAR,976,1040.0,17.333333333333332,Long
12991,UDZ,UDAIPUR CITY,JP,JAIPUR JN.,434,450.0,7.5,Medium
12992,JP,JAIPUR JN.,UDZ,UDAIPUR CITY,434,450.0,7.5,Medium
12993,GIMB,GANDHIDHAM J,PURI,PURI,2288,2485.0,41.416666666666664,Long
12994,PURI,PURI,GIMB,GANDHIDHAM J,2295,2475.0,41.25,Long
12995,BDTS,BANDRA TERMI,UDZ,UDAIPUR CITY,944,1025.0,17.083333333333332,Long
12996,UDZ,UDAIPUR CITY,BDTS,BANDRA TERMI,945,1005.0,16.75,Long
13005,HWH,HOWRAH JN.,ASR,AMRITSAR JN.,1906,2265.0,37.75,Long
13006,ASR,AMRITSAR JN.,HWH,HOWRAH JN.,1907,2200.0,36.666666666666664,Long
13007,HWH,HOWRAH JN.,SGNR,SHRI GANGANA,1949,2725.0,45.416666666666664,Long
13008,SGNR,SHRI GANGANA,HWH,HOWRAH JN.,1952,2790.0,46.5,Long
13009,HWH,HOWRAH JN.,DDN,DEHRA DUN,1558,2110.0,35.166666666666664,Long
13010,DDN,DEHRA DUN,HWH,HOWRAH JN.,1559,2095.0,34.916666666666664,Long
13011,HWH,HOWRAH JN.,MLDT,MALDA TOWN,340,445.0,7.416666666666667,Medium
13012,MLDT,MALDA TOWN,HWH,HOWRAH JN.,340,415.0,6.916666666666667,Medium
13013,BWN,BARDDHAMAN J,RPH,RAMPUR HAT,111,140.0,2.3333333333333335,Medium
13014,RPH,RAMPUR HAT,BWN,BARDDHAMAN J,111,165.0,2.75,Medium
13015,HWH,HOWRAH JN.,BHP,BOLPUR,158,185.0,3.0833333333333335,Medium
13016,BHP,BOLPUR,HWH,HOWRAH JN.,158,185.0,3.0833333333333335,Medium
13017,HWH,HOWRAH JN.,AZ,AZIMGANJ JN.,275,355.0,5.916666666666667,Medium
13018,AZ,AZIMGANJ JN.,HWH,HOWRAH JN.,275,365.0,6.083333333333333,Medium
13019,HWH,HOWRAH JN.,KGM,KATHGODAM,1517,2140.0,35.666666666666664,Long
13020,KGM,KATHGODAM,HWH,HOWRAH JN.,1521,2325.0,38.75,Long
13021,HWH,HOWRAH JN.,RXL,RAXAUL JN.,691,1000.0,16.666666666666668,Long
13022,RXL,RAXAUL JN.,HWH,HOWRAH JN.,692,1080.0,18.0,Long
13023,HWH,HOWRAH JN.,GAYA,GAYA JN.,658,925.0,15.416666666666666,Long
13024,GAYA,GAYA JN.,HWH,HOWRAH JN.,658,920.0,15.333333333333334,Long
13027,HWH,HOWRAH JN.,AZ,AZIMGANJ JN.,275,340.0,5.666666666666667,Medium
13028,AZ,AZIMGANJ JN.,HWH,HOWRAH JN.,275,365.0,6.083333333333333,Medium
13033,HWH,HOWRAH JN.,KIR,KATIHAR JN.,419,740.0,12.333333333333334,Medium
13034,KIR,KATIHAR JN.,HWH,HOWRAH JN.,419,765.0,12.75,Medium
13043,HWH,HOWRAH JN.,RXL,RAXAUL JN.,697,1015.0,16.916666666666668,Long
13044,RXL,RAXAUL JN.,HWH,HOWRAH JN.,698,945.0,15.75,Long
13049,HWH,HOWRAH JN.,ASR,AMRITSAR JN.,1908,2670.0,44.5,Long
13050,ASR,AMRITSAR JN.,HWH,HOWRAH JN.,1909,2735.0,45.583333333333336,Long
13053,HWH,HOWRAH JN.,SURI,SIURI,210,315.0,5.25,Medium
13054,SURI,SIURI,HWH,HOWRAH JN.,210,310.0,5.166666666666667,Medium
13063,HWH,HOWRAH JN.,BLGT,BALURGHAT,403,695.0,11.583333333333334,Medium
13064,BLGT,BALURGHAT,HWH,HOWRAH JN.,424,585.0,9.75,Medium
13071,HWH,HOWRAH JN.,JMP,JAMALPUR JN.,472,575.0,9.583333333333334,Medium
13072,JMP,JAMALPUR JN.,HWH,HOWRAH JN.,472,600.0,10.0,Medium
13103,SDAH,SEALDAH,LGL,LALGOLA,229,275.0,4.583333333333333,Medium
13104,LGL,LALGOLA,SDAH,SEALDAH,229,290.0,4.833333333333333,Medium
13105,SDAH,SEALDAH,BUI,BALLIA,680,1010.0,16.833333333333332,Long
13106,BUI,BALLIA,SDAH,SEALDAH,681,1125.0,18.75,Long
13109,KOAA,KOLKATA,GEDE,GEDE,112,135.0,2.25,Medium
13110,GEDE,GEDE,KOAA,KOLKATA,112,135.0,2.25,Medium
13113,KOAA,KOLKATA,LGL,LALGOLA,222,270.0,4.5,Medium
13114,LGL,LALGOLA,KOAA,KOLKATA,222,305.0,5.083333333333333,Medium
13117,KOAA,KOLKATA,LGL,LALGOLA,222,275.0,4.583333333333333,Medium
13118,LGL,LALGOLA,KOAA,KOLKATA,222,280.0,4.666666666666667,Medium
13119,SDAH,SEALDAH,ANVT,ANAND VIHAR,1627,2305.0,38.416666666666664,Long
13120,ANVT,ANAND VIHAR,SDAH,SEALDAH,1627,2440.0,40.666666666666664,Long
13121,KOAA,KOLKATA,GCT,GHAZIPUR CIT,740,865.0,14.416666666666666,Long
13122,GCT,GHAZIPUR CIT,KOAA,KOLKATA,741,905.0,15.083333333333334,Long
13129,KOAA,KOLKATA,PTPL,PETRAPOLE,78,105.0,1.75,Short
13130,PTPL,PETRAPOLE,KOAA,KOLKATA,78,110.0,1.8333333333333333,Short
13131,KOAA,KOLKATA,PNBE,PATNA JN.,545,835.0,13.916666666666666,Long
13132,PNBE,PATNA JN.,KOAA,KOLKATA,546,860.0,14.333333333333334,Long
13133,SDAH,SEALDAH,BSB,VARANASI JN.,871,1465.0,24.416666666666668,Long
13134,BSB,VARANASI JN.,SDAH,SEALDAH,871,1575.0,26.25,Long
13135,KOAA,KOLKATA,JYG,JAYNAGAR,618,840.0,14.0,Long
13136,JYG,JAYNAGAR,KOAA,KOLKATA,619,905.0,15.083333333333334,Long
13137,KOAA,KOLKATA,AMH,AZAMGARH,785,1120.0,18.666666666666668,Long
13138,AMH,AZAMGARH,KOAA,KOLKATA,786,1185.0,19.75,Long
13141,SDAH,SEALDAH,NOQ,NEW ALIPURDU,716,1055.0,17.583333333333332,Long
13142,NOQ,NEW ALIPURDU,SDAH,SEALDAH,716,1010.0,16.833333333333332,Long
13145,KOAA,KOLKATA,RDP,RADHIKAPUR,473,680.0,11.333333333333334,Medium
13146,RDP,RADHIKAPUR,KOAA,KOLKATA,473,705.0,11.75,Medium
13147,SDAH,SEALDAH,NCB,NEW COOCH BE,692,845.0,14.083333333333334,Long
13148,NCB,NEW COOCH BE,SDAH,SEALDAH,692,825.0,13.75,Long
13149,SDAH,SEALDAH,APDJ,ALIPUR DUAR,734,940.0,15.666666666666666,Long
13150,APDJ,ALIPUR DUAR,SDAH,SEALDAH,734,1005.0,16.75,Long
13151,KOAA,KOLKATA,JAT,JAMMU TAWI,1978,2725.0,45.416666666666664,Long
13152,JAT,JAMMU TAWI,KOAA,KOLKATA,1979,2690.0,44.833333333333336,Long
13153,SDAH,SEALDAH,MLDT,MALDA TOWN,350,465.0,7.75,Medium
13154,MLDT,MALDA TOWN,SDAH,SEALDAH,350,465.0,7.75,Medium
13155,KOAA,KOLKATA,SMI,SITAMARHI,618,845.0,14.083333333333334,Long
13156,SMI,SITAMARHI,KOAA,KOLKATA,618,890.0,14.833333333333334,Long
13157,KOAA,KOLKATA,MFP,MUZAFFARPUR,564,740.0,12.333333333333334,Long
13158,MFP,MUZAFFARPUR,KOAA,KOLKATA,565,785.0,13.083333333333334,Long
13159,KOAA,KOLKATA,JBN,JOGBANI,542,850.0,14.166666666666666,Long
13160,JBN,JOGBANI,KOAA,KOLKATA,542,765.0,12.75,Long
13161,KOAA,KOLKATA,BLGT,BALURGHAT,427,580.0,9.666666666666666,Medium
13162,BLGT,BALURGHAT,KOAA,KOLKATA,426,535.0,8.916666666666666,Medium
13163,SDAH,SEALDAH,SHC,SAHARSA JN.,589,985.0,16.416666666666668,Long
13164,SHC,SAHARSA JN.,SDAH,SEALDAH,589,1015.0,16.916666666666668,Long
13165,KOAA,KOLKATA,SMI,SITAMARHI,606,855.0,14.25,Long
13166,SMI,SITAMARHI,KOAA,KOLKATA,618,840.0,14.0,Long
13167,KOAA,KOLKATA,AGC,AGRA CANTT,1462,1705.0,28.416666666666668,Long
13168,AGC,AGRA CANTT,KOAA,KOLKATA,1463,1685.0,28.083333333333332,Long
13169,SDAH,SEALDAH,SHC,SAHARSA JN.,569,985.0,16.416666666666668,Long
13170,SHC,SAHARSA JN.,SDAH,SEALDAH,568,1015.0,16.916666666666668,Long
13185,SDAH,SEALDAH,JYG,JAYNAGAR,625,905.0,15.083333333333334,Long
13186,JYG,JAYNAGAR,SDAH,SEALDAH,626,860.0,14.333333333333334,Long
13187,SDAH,SEALDAH,RPH,RAMPUR HAT,228,295.0,4.916666666666667,Medium
13188,RPH,RAMPUR HAT,SDAH,SEALDAH,228,280.0,4.666666666666667,Medium
13201,RJPB,RAJENDRANAGA,LTT,LOKMANYA TIL,1698,2145.0,35.75,Long
13202,LTT,LOKMANYA TIL,RJPB,RAJENDRANAGA,1699,2140.0,35.666666666666664,Long
13205,SHC,SAHARSA JN.,DNR,DANAPUR,223,435.0,7.25,Medium
13206,DNR,DANAPUR,SHC,SAHARSA JN.,223,350.0,5.833333333333333,Medium
13225,JYG,JAYNAGAR,RJPB,RAJENDRANAGA,264,555.0,9.25,Medium
13226,RJPB,RAJENDRANAGA,JYG,JAYNAGAR,264,475.0,7.916666666666667,Medium
13233,RGD,RAJGIR,DNR,DANAPUR,108,235.0,3.9166666666666665,Medium
13234,DNR,DANAPUR,RGD,RAJGIR,108,245.0,4.083333333333333,Medium
13235,SBG,SAHIBGANJ,DNR,DANAPUR,305,550.0,9.166666666666666,Medium
13236,DNR,DANAPUR,SBG,SAHIBGANJ,305,490.0,8.166666666666666,Medium
13237,PNBE,PATNA JN.,KOTA,KOTA,1245,1505.0,25.083333333333332,Long
13238,KOTA,KOTA,PNBE,PATNA JN.,1246,1600.0,26.666666666666668,Long
13239,PNBE,PATNA JN.,KOTA,KOTA,1198,1505.0,25.083333333333332,Long
13240,KOTA,KOTA,PNBE,PATNA JN.,1199,1600.0,26.666666666666668,Long
13241,BAKA,BANKA,RJPB,RAJENDRANAGA,271,445.0,7.416666666666667,Medium
13242,RJPB,RAJENDRANAGA,BAKA,BANKA,271,415.0,6.916666666666667,Medium
13243,PNBE,PATNA JN.,BBU,BHABUA ROAD,242,350.0,5.833333333333333,Medium
13244,BBU,BHABUA ROAD,PNBE,PATNA JN.,242,360.0,6.0,Medium
13245,NJP,NEW JALPAIGU,RJPB,RAJENDRANAGA,487,760.0,12.666666666666666,Medium
13246,RJPB,RAJENDRANAGA,NJP,NEW JALPAIGU,485,735.0,12.25,Medium
13247,KYQ,KAMAKHYA JN,RJPB,RAJENDRANAGA,969,1340.0,22.333333333333332,Long
13248,RJPB,RAJENDRANAGA,KYQ,KAMAKHYA JN,967,1360.0,22.666666666666668,Long
13249,PNBE,PATNA JN.,BBU,BHABUA ROAD,193,305.0,5.083333333333333,Medium
13250,BBU,BHABUA ROAD,PNBE,PATNA JN.,193,355.0,5.916666666666667,Medium
13257,DNR,DANAPUR,ANVT,ANAND VIHAR,971,1135.0,18.916666666666668,Long
13258,ANVT,ANAND VIHAR,DNR,DANAPUR,971,1080.0,18.0,Long
13287,DURG,DURG,RJPB,RAJENDRANAGA,1112,2900.0,48.333333333333336,Long
13288,RJPB,RAJENDRANAGA,DURG,DURG,1113,1455.0,24.25,Long
13301,DHN,DHANBAD JN.,TATA,TATANAGAR JN,198,350.0,5.833333333333333,Medium
13302,TATA,TATANAGAR JN,DHN,DHANBAD JN.,197,325.0,5.416666666666667,Medium
13303,DHN,DHANBAD JN.,RNC,RANCHI,295,410.0,6.833333333333333,Medium
13304,RNC,RANCHI,DHN,DHANBAD JN.,292,425.0,7.083333333333333,Medium
13305,DHN,DHANBAD JN.,GAYA,GAYA JN.,198,235.0,3.9166666666666665,Medium
13306,GAYA,GAYA JN.,DHN,DHANBAD JN.,198,240.0,4.0,Medium
13307,DHN,DHANBAD JN.,FZR,FIROZPUR CAN,1600,2215.0,36.916666666666664,Long
13308,FZR,FIROZPUR CAN,DHN,DHANBAD JN.,1600,2070.0,34.5,Long
13319,DGHR,DEOGHAR,RNC,RANCHI,331,485.0,8.083333333333334,Medium
13320,RNC,RANCHI,DGHR,DEOGHAR,328,510.0,8.5,Medium
13329,DHN,DHANBAD JN.,PNBE,PATNA JN.,290,380.0,6.333333333333333,Medium
13330,PNBE,PATNA JN.,DHN,DHANBAD JN.,290,365.0,6.083333333333333,Medium
13331,DHN,DHANBAD JN.,PNBE,PATNA JN.,367,620.0,10.333333333333334,Medium
13332,PNBE,PATNA JN.,DHN,DHANBAD JN.,367,490.0,8.166666666666666,Medium
13345,BSB,VARANASI JN.,SGRL,SINGRAULI,208,400.0,6.666666666666667,Medium
13346,SGRL,SINGRAULI,BSB,VARANASI JN.,208,435.0,7.25,Medium
13347,BRKA,BARKAKANA,PNBE,PATNA JN.,493,840.0,14.0,Medium
13348,PNBE,PATNA JN.,BRKA,BARKAKANA,493,735.0,12.25,Medium
13351,DHN,DHANBAD JN.,ALLP,ALLEPPEY,2535,3415.0,56.916666666666664,Long
13352,ALLP,ALLEPPEY,DHN,DHANBAD JN.,2534,3335.0,55.583333333333336,Long
13401,BGP,BHAGALPUR,DNR,DANAPUR,230,425.0,7.083333333333333,Medium
13402,DNR,DANAPUR,BGP,BHAGALPUR,230,385.0,6.416666666666667,Medium
13403,RNC,RANCHI,BGP,BHAGALPUR,572,895.0,14.916666666666666,Long
13404,BGP,BHAGALPUR,RNC,RANCHI,575,815.0,13.583333333333334,Long
13409,MLDT,MALDA TOWN,JMP,JAMALPUR JN.,231,330.0,5.5,Medium
13410,JMP,JAMALPUR JN.,MLDT,MALDA TOWN,231,345.0,5.75,Medium
13413,MLDT,MALDA TOWN,DLI,DELHI JN.,1399,2010.0,33.5,Long
13414,DLI,DELHI JN.,MLDT,MALDA TOWN,1399,2005.0,33.416666666666664,Long
13415,MLDT,MALDA TOWN,PNBE,PATNA JN.,399,570.0,9.5,Medium
13416,PNBE,PATNA JN.,MLDT,MALDA TOWN,399,630.0,10.5,Medium
13417,DGHA,DIGHA FS,MLDT,MALDA TOWN,659,870.0,14.5,Long
13418,MLDT,MALDA TOWN,DGHA,DIGHA FS,660,890.0,14.833333333333334,Long
13419,BGP,BHAGALPUR,MFP,MUZAFFARPUR,239,395.0,6.583333333333333,Medium
13420,MFP,MUZAFFARPUR,BGP,BHAGALPUR,239,415.0,6.916666666666667,Medium
13421,NDAE,NABADWIP DHA,MLDT,MALDA TOWN,224,290.0,4.833333333333333,Medium
13422,MLDT,MALDA TOWN,NDAE,NABADWIP DHA,224,305.0,5.083333333333333,Medium
13423,BGP,BHAGALPUR,AII,AJMER JN.,1748,2090.0,34.833333333333336,Long
13424,AII,AJMER JN.,BGP,BHAGALPUR,1749,2135.0,35.583333333333336,Long
13425,MLDT,MALDA TOWN,ST,SURAT,2141,2420.0,40.333333333333336,Long
13426,ST,SURAT,MLDT,MALDA TOWN,2130,2485.0,41.416666666666664,Long
13429,MLDT,MALDA TOWN,ANVT,ANAND VIHAR,1405,1770.0,29.5,Long
13430,ANVT,ANAND VIHAR,MLDT,MALDA TOWN,1405,1840.0,30.666666666666668,Long
13465,HWH,HOWRAH JN.,MLDT,MALDA TOWN,329,425.0,7.083333333333333,Medium
13466,MLDT,MALDA TOWN,HWH,HOWRAH JN.,329,400.0,6.666666666666667,Medium
13483,MLDT,MALDA TOWN,DLI,DELHI JN.,1447,2010.0,33.5,Long
13484,DLI,DELHI JN.,MLDT,MALDA TOWN,1447,2005.0,33.416666666666664,Long
13501,HLZ,HALDIA,ASN,ASANSOL MAIN,330,395.0,6.583333333333333,Medium
13502,ASN,ASANSOL MAIN,HLZ,HALDIA,323,395.0,6.583333333333333,Medium
13505,DGHA,DIGHA FS,ASN,ASANSOL MAIN,379,480.0,8.0,Medium
13506,ASN,ASANSOL MAIN,DGHA,DIGHA FS,372,480.0,8.0,Medium
13507,ASN,ASANSOL MAIN,GKP,GORAKHPUR JN,641,815.0,13.583333333333334,Long
13508,GKP,GORAKHPUR JN,ASN,ASANSOL MAIN,643,860.0,14.333333333333334,Long
13509,ASN,ASANSOL MAIN,GD,GONDA JN.,859,1245.0,20.75,Long
13510,GD,GONDA JN.,ASN,ASANSOL MAIN,861,1215.0,20.25,Long
13511,TATA,TATANAGAR JN,ASN,ASANSOL MAIN,166,210.0,3.5,Medium
13512,ASN,ASANSOL MAIN,TATA,TATANAGAR JN,166,200.0,3.3333333333333335,Medium
14001,DLI,DELHI JN.,ATT,ATARI JN,471,485.0,8.083333333333334,Medium
14002,ATT,ATARI JN,DLI,DELHI JN.,471,440.0,7.333333333333333,Medium
14003,MLDT,MALDA TOWN,NDLS,NEW DELHI,1418,1775.0,29.583333333333332,Long
14004,NDLS,NEW DELHI,MLDT,MALDA TOWN,1418,1790.0,29.833333333333332,Long
14005,SMI,SITAMARHI,ANVT,ANAND VIHAR,1182,1560.0,26.0,Long
14006,ANVT,ANAND VIHAR,SMI,SITAMARHI,1183,1760.0,29.333333333333332,Long
14007,RXL,RAXAUL JN.,ANVT,ANAND VIHAR,1235,1730.0,28.833333333333332,Long
14008,ANVT,ANAND VIHAR,RXL,RAXAUL JN.,1236,1775.0,29.583333333333332,Long
14011,DLI,DELHI JN.,HSX,HOSHIARPUR,410,500.0,8.333333333333334,Medium
14012,HSX,HOSHIARPUR,DLI,DELHI JN.,410,540.0,9.0,Medium
14013,SLN,SULTANPUR JN,ANVT,ANAND VIHAR,627,795.0,13.25,Long
14014,ANVT,ANAND VIHAR,SLN,SULTANPUR JN,627,845.0,14.083333333333334,Long
14015,RXL,RAXAUL JN.,ANVT,ANAND VIHAR,1218,1705.0,28.416666666666668,Long
14016,ANVT,ANAND VIHAR,RXL,RAXAUL JN.,1219,1745.0,29.083333333333332,Long
14017,RXL,RAXAUL JN.,ANVT,ANAND VIHAR,1282,1730.0,28.833333333333332,Long
14018,ANVT,ANAND VIHAR,RXL,RAXAUL JN.,1283,1775.0,29.583333333333332,Long
14019,AGTL,AGARTALA,ANVT,ANAND VIHAR,2478,2810.0,46.833333333333336,Long
14020,ANVT,ANAND VIHAR,AGTL,AGARTALA,2479,2915.0,48.583333333333336,Long
14021,DEE,DELHI-SARAI,SIKR,SIKAR JN.,291,440.0,7.333333333333333,Medium
14022,SIKR,SIKAR JN.,DEE,DELHI-SARAI,291,445.0,7.416666666666667,Medium
14033,DLI,DELHI JN.,SVDK,SHRI MATA VA,653,895.0,14.916666666666666,Long
14034,SVDK,SHRI MATA VA,DLI,DELHI JN.,653,910.0,15.166666666666666,Long
14035,DLI,DELHI JN.,PTK,PATHANKOT JN,495,575.0,9.583333333333334,Medium
14036,PTK,PATHANKOT JN,DLI,DELHI JN.,495,665.0,11.083333333333334,Medium
14041,DEE,DELHI-SARAI,DDN,DEHRA DUN,338,660.0,11.0,Medium
14042,DDN,DEHRA DUN,DEE,DELHI-SARAI,338,670.0,11.166666666666666,Medium
14043,KTW,KOTDWARA,DLI,DELHI JN.,237,430.0,7.166666666666667,Medium
14044,DLI,DELHI JN.,KTW,KOTDWARA,237,430.0,7.166666666666667,Medium
14055,DBRG,DIBRUGARH,DLI,DELHI JN.,2578,3280.0,54.666666666666664,Long
14056,DLI,DELHI JN.,DBRG,DIBRUGARH,2579,3165.0,52.75,Long
14085,TKJ,TILAK BRIDGE,SSA,SIRSA,263,400.0,6.666666666666667,Medium
14086,SSA,SIRSA,TKJ,TILAK BRIDGE,263,388.0,6.466666666666667,Medium
14095,DEE,DELHI-SARAI,KLK,KALKA,269,335.0,5.583333333333333,Medium
14096,KLK,KALKA,DEE,DELHI-SARAI,269,345.0,5.75,Medium
14101,PRG,PRAYAG JN.,CNB,KANPUR CENTR,208,255.0,4.25,Medium
14102,CNB,KANPUR CENTR,PRG,PRAYAG JN.,208,300.0,5.0,Medium
14109,CKTD,CHITRAKUTDHA,CNB,KANPUR CENTR,213,305.0,5.083333333333333,Medium
14110,CNB,KANPUR CENTR,CKTD,CHITRAKUTDHA,213,265.0,4.416666666666667,Medium
14113,ALJN,ALIGARH JN.,DDN,DEHRA DUN,360,580.0,9.666666666666666,Medium
14114,DDN,DEHRA DUN,ALJN,ALIGARH JN.,360,545.0,9.083333333333334,Medium
14115,ALD,ALLAHABAD JN,HW,HARIDWAR JN,724,840.0,14.0,Long
14116,HW,HARIDWAR JN,ALD,ALLAHABAD JN,724,900.0,15.0,Long
14117,ALD,ALLAHABAD JN,BST,BASTI,263,410.0,6.833333333333333,Medium
14118,BST,BASTI,ALD,ALLAHABAD JN,263,420.0,7.0,Medium
14119,KGM,KATHGODAM,DDN,DEHRA DUN,335,515.0,8.583333333333334,Medium
14120,DDN,DEHRA DUN,KGM,KATHGODAM,335,495.0,8.25,Medium
14123,PBH,PARTAPGARH J,CNB,KANPUR CENTR,246,305.0,5.083333333333333,Medium
14124,CNB,KANPUR CENTR,PBH,PARTAPGARH J,246,325.0,5.416666666666667,Medium
14125,ALD,ALLAHABAD JN,MUR,MANKAPUR JN.,202,410.0,6.833333333333333,Medium
14126,MUR,MANKAPUR JN.,ALD,ALLAHABAD JN,202,355.0,5.916666666666667,Medium
14151,CNB,KANPUR CENTR,ANVT,ANAND VIHAR,429,630.0,10.5,Medium
14152,ANVT,ANAND VIHAR,CNB,KANPUR CENTR,478,705.0,11.75,Medium
14163,ALD,ALLAHABAD JN,MTC,MEERUT CITY,629,775.0,12.916666666666666,Long
14164,MTC,MEERUT CITY,ALD,ALLAHABAD JN,629,790.0,13.166666666666666,Long
14201,JNU,JAUNPUR JN.,RBL,RAE BARELI J,197,320.0,5.333333333333333,Medium
14202,RBL,RAE BARELI J,JNU,JAUNPUR JN.,197,320.0,5.333333333333333,Medium
14203,BSB,VARANASI JN.,LKO,LUCKNOW JN.,301,350.0,5.833333333333333,Medium
14204,LKO,LUCKNOW JN.,BSB,VARANASI JN.,301,390.0,6.5,Medium
14205,FD,FAIZABAD JN.,DLI,DELHI JN.,614,735.0,12.25,Long
14206,DLI,DELHI JN.,FD,FAIZABAD JN.,614,775.0,12.916666666666666,Long
14207,PBH,PARTAPGARH J,DLI,DELHI JN.,659,825.0,13.75,Long
14208,DLI,DELHI JN.,PBH,PARTAPGARH J,659,750.0,12.5,Long
14209,PRG,PRAYAG JN.,LKO,LUCKNOW JN.,194,225.0,3.75,Medium
14210,LKO,LUCKNOW JN.,PRG,PRAYAG JN.,194,240.0,4.0,Medium
14211,AGC,AGRA CANTT,NDLS,NEW DELHI,188,260.0,4.333333333333333,Medium
14212,NDLS,NEW DELHI,AGC,AGRA CANTT,191,270.0,4.5,Medium
14213,BSB,VARANASI JN.,GD,GONDA JN.,254,360.0,6.0,Medium
14214,GD,GONDA JN.,BSB,VARANASI JN.,255,405.0,6.75,Medium
14215,ALD,ALLAHABAD JN,LKO,LUCKNOW JN.,200,250.0,4.166666666666667,Medium
14216,LKO,LUCKNOW JN.,ALD,ALLAHABAD JN,200,265.0,4.416666666666667,Medium
14217,PRG,PRAYAG JN.,CDG,CHANDIGARH,875,1160.0,19.333333333333332,Long
14218,CDG,CHANDIGARH,PRG,PRAYAG JN.,875,1095.0,18.25,Long
14219,BSB,VARANASI JN.,LKO,LUCKNOW JN.,301,375.0,6.25,Medium
14220,LKO,LUCKNOW JN.,BSB,VARANASI JN.,301,450.0,7.5,Medium
14221,FD,FAIZABAD JN.,CPA,KANPUR ANWAR,203,315.0,5.25,Medium
14222,CPA,KANPUR ANWAR,FD,FAIZABAD JN.,203,305.0,5.083333333333333,Medium
14227,BSB,VARANASI JN.,LKO,LUCKNOW JN.,276,305.0,5.083333333333333,Medium
14228,LKO,LUCKNOW JN.,BSB,VARANASI JN.,276,340.0,5.666666666666667,Medium
14235,BSB,VARANASI JN.,BE,BAREILLY JN.,558,880.0,14.666666666666666,Long
14236,BE,BAREILLY JN.,BSB,VARANASI JN.,558,915.0,15.25,Long
14257,BSB,VARANASI JN.,NDLS,NEW DELHI,793,975.0,16.25,Long
14258,NDLS,NEW DELHI,BSB,VARANASI JN.,793,1020.0,17.0,Long
14260,LKO,LUCKNOW JN.,MGS,MUGHAL SARAI,319,420.0,7.0,Medium
14265,BSB,VARANASI JN.,DDN,DEHRA DUN,845,1325.0,22.083333333333332,Long
14266,DDN,DEHRA DUN,BSB,VARANASI JN.,845,1280.0,21.333333333333332,Long
14307,PRG,PRAYAG JN.,BE,BAREILLY JN.,460,760.0,12.666666666666666,Medium
14308,BE,BAREILLY JN.,PRG,PRAYAG JN.,460,740.0,12.333333333333334,Medium
14309,UJN,UJJAIN JN,DDN,DEHRA DUN,1226,1720.0,28.666666666666668,Long
14310,DDN,DEHRA DUN,UJN,UJJAIN JN,1228,1635.0,27.25,Long
14311,BE,BAREILLY JN.,BHUJ,NEW BHUJ,1543,1920.0,32.0,Long
14312,BHUJ,NEW BHUJ,BE,BAREILLY JN.,1540,1915.0,31.916666666666668,Long
14313,LTT,LOKMANYA TIL,BE,BAREILLY JN.,1592,1885.0,31.416666666666668,Long
14314,BE,BAREILLY JN.,LTT,LOKMANYA TIL,1591,1980.0,33.0,Long
14315,BE,BAREILLY JN.,NDLS,NEW DELHI,257,340.0,5.666666666666667,Medium
14316,NDLS,NEW DELHI,BE,BAREILLY JN.,257,315.0,5.25,Medium
14317,INDB,INDORE BG,DDN,DEHRA DUN,1165,1720.0,28.666666666666668,Long
14318,DDN,DEHRA DUN,INDB,INDORE BG,1168,1490.0,24.833333333333332,Long
14319,INDB,INDORE BG,BE,BAREILLY JN.,1021,1360.0,22.666666666666668,Long
14320,BE,BAREILLY JN.,INDB,INDORE BG,1020,1445.0,24.083333333333332,Long
14321,BE,BAREILLY JN.,BHUJ,NEW BHUJ,1409,1650.0,27.5,Long
14322,BHUJ,NEW BHUJ,BE,BAREILLY JN.,1407,1650.0,27.5,Long
14323,NDLS,NEW DELHI,ROK,ROHTAK JN.,71,140.0,2.3333333333333335,Short
14324,ROK,ROHTAK JN.,NDLS,NEW DELHI,71,105.0,1.75,Short
14369,SGRL,SINGRAULI,BE,BAREILLY JN.,722,1215.0,20.25,Long
14370,BE,BAREILLY JN.,SGRL,SINGRAULI,722,1165.0,19.416666666666668,Long
14371,BRWD,BARWADIH JN,CPU,CHOPAN,201,255.0,4.25,Medium
14372,CPU,CHOPAN,BRWD,BARWADIH JN,201,290.0,4.833333333333333,Medium
14501,BTI,BATHINDA JN,JAT,JAMMU TAWI,523,635.0,10.583333333333334,Long
14502,JAT,JAMMU TAWI,BTI,BATHINDA JN,523,665.0,11.083333333333334,Long
14503,KLK,KALKA,SVDK,SHRI MATA VA,479,575.0,9.583333333333334,Medium
14504,SVDK,SHRI MATA VA,KLK,KALKA,479,630.0,10.5,Medium
14505,ASR,AMRITSAR JN.,NLDM,NANGAL DAM,286,345.0,5.75,Medium
14506,NLDM,NANGAL DAM,ASR,AMRITSAR JN.,286,355.0,5.916666666666667,Medium
14511,ALD,ALLAHABAD JN,SRE,SAHARANPUR J,773,1095.0,18.25,Long
14512,SRE,SAHARANPUR J,ALD,ALLAHABAD JN,773,1025.0,17.083333333333332,Long
14519,DLI,DELHI JN.,BTI,BATHINDA JN,335,450.0,7.5,Medium
14520,BTI,BATHINDA JN,DLI,DELHI JN.,335,435.0,7.25,Medium
14521,DLI,DELHI JN.,UMB,AMBALA CANTT,261,335.0,5.583333333333333,Medium
14522,UMB,AMBALA CANTT,DLI,DELHI JN.,261,360.0,6.0,Medium
14523,BJU,BARAUNI JN.,UMB,AMBALA CANTT,1295,1615.0,26.916666666666668,Long
14524,UMB,AMBALA CANTT,BJU,BARAUNI JN.,1296,1645.0,27.416666666666668,Long
14525,UMB,AMBALA CANTT,SGNR,SHRI GANGANA,314,405.0,6.75,Medium
14526,SGNR,SHRI GANGANA,UMB,AMBALA CANTT,314,415.0,6.916666666666667,Medium
14545,FN,FARUKHNAGAR,SRE,SAHARANPUR J,212,495.0,8.25,Medium
14546,SRE,SAHARANPUR J,FN,FARUKHNAGAR,203,395.0,6.583333333333333,Medium
14553,DLI,DELHI JN.,AADR,AMB  ANDAURA,398,590.0,9.833333333333334,Medium
14554,AADR,AMB  ANDAURA,DLI,DELHI JN.,398,560.0,9.333333333333334,Medium
14555,BE,BAREILLY JN.,DLI,DELHI JN.,271,455.0,7.583333333333333,Medium
14556,DLI,DELHI JN.,BE,BAREILLY JN.,271,425.0,7.083333333333333,Medium
14601,FZR,FIROZPUR CAN,SGNR,SHRI GANGANA,184,225.0,3.75,Medium
14602,SGNR,SHRI GANGANA,FZR,FIROZPUR CAN,184,265.0,4.416666666666667,Medium
14603,SHC,SAHARSA JN.,ASR,AMRITSAR JN.,1568,2070.0,34.5,Long
14604,ASR,AMRITSAR JN.,SHC,SAHARSA JN.,1571,1850.0,30.833333333333332,Long
14609,RKSH,RISHIKESH,SVDK,SHRI MATA VA,635,845.0,14.083333333333334,Long
14610,SVDK,SHRI MATA VA,RKSH,RISHIKESH,635,975.0,16.25,Long
14611,GCT,GHAZIPUR CIT,SVDK,SHRI MATA VA,1385,1685.0,28.083333333333332,Long
14613,CDG,CHANDIGARH,FZR,FIROZPUR CAN,236,300.0,5.0,Medium
14614,FZR,FIROZPUR CAN,CDG,CHANDIGARH,236,285.0,4.75,Medium
14615,LKU,LALKUA JN.,ASR,AMRITSAR JN.,661,960.0,16.0,Long
14616,ASR,AMRITSAR JN.,LKU,LALKUA JN.,661,870.0,14.5,Long
14623,CWA,CHHINWARA JN,DEE,DELHI-SARAI,1027,1200.0,20.0,Long
14624,DEE,DELHI-SARAI,CWA,CHHINWARA JN,1029,1290.0,21.5,Long
14625,DEE,DELHI-SARAI,FZR,FIROZPUR CAN,382,450.0,7.5,Medium
14626,FZR,FIROZPUR CAN,DEE,DELHI-SARAI,382,440.0,7.333333333333333,Medium
14629,LDH,LUDHIANA JN.,FZR,FIROZPUR CAN,123,155.0,2.5833333333333335,Medium
14630,FZR,FIROZPUR CAN,LDH,LUDHIANA JN.,123,150.0,2.5,Medium
14631,DDN,DEHRA DUN,ASR,AMRITSAR JN.,462,750.0,12.5,Medium
14632,ASR,AMRITSAR JN.,DDN,DEHRA DUN,462,745.0,12.416666666666666,Medium
14633,ASR,AMRITSAR JN.,PTK,PATHANKOT JN,106,150.0,2.5,Medium
14634,PTK,PATHANKOT JN,ASR,AMRITSAR JN.,106,150.0,2.5,Medium
14645,DLI,DELHI JN.,JAT,JAMMU TAWI,639,815.0,13.583333333333334,Long
14646,JAT,JAMMU TAWI,DLI,DELHI JN.,639,835.0,13.916666666666666,Long
14649,JYG,JAYNAGAR,ASR,AMRITSAR JN.,1668,2440.0,40.666666666666664,Long
14650,ASR,AMRITSAR JN.,JYG,JAYNAGAR,1669,2240.0,37.333333333333336,Long
14659,DLI,DELHI JN.,JSM,JAISALMER,919,1090.0,18.166666666666668,Long
14660,JSM,JAISALMER,DLI,DELHI JN.,919,1110.0,18.5,Long
14661,JU,JODHPUR JN.,BME,BARMER,209,240.0,4.0,Medium
14662,BME,BARMER,JU,JODHPUR JN.,209,255.0,4.25,Medium
14673,JYG,JAYNAGAR,ASR,AMRITSAR JN.,1650,2440.0,40.666666666666664,Long
14674,ASR,AMRITSAR JN.,JYG,JAYNAGAR,1653,2240.0,37.333333333333336,Long
14681,NDLS,NEW DELHI,JUC,JALANDHAR CI,438,545.0,9.083333333333334,Medium
14682,JUC,JALANDHAR CI,NDLS,NEW DELHI,438,525.0,8.75,Medium
14703,JSM,JAISALMER,LGH,LALGARH JN.,314,395.0,6.583333333333333,Medium
14704,LGH,LALGARH JN.,JSM,JAISALMER,314,380.0,6.333333333333333,Medium
14707,BKN,BIKANER JN.,BDTS,BANDRA TERMI,1211,1450.0,24.166666666666668,Long
14708,BDTS,BANDRA TERMI,BKN,BIKANER JN.,1209,1470.0,24.5,Long
14709,BKN,BIKANER JN.,PURI,PURI,2094,2440.0,40.666666666666664,Long
14710,PURI,PURI,BKN,BIKANER JN.,2091,2370.0,39.5,Long
14711,HW,HARIDWAR JN,SGNR,SHRI GANGANA,471,590.0,9.833333333333334,Medium
14712,SGNR,SHRI GANGANA,HW,HARIDWAR JN,471,560.0,9.333333333333334,Medium
14713,SGNR,SHRI GANGANA,JAT,JAMMU TAWI,534,710.0,11.833333333333334,Long
14714,JAT,JAMMU TAWI,SGNR,SHRI GANGANA,534,750.0,12.5,Long
14715,HSR,HISAR JN,HW,HARIDWAR JN,445,650.0,10.833333333333334,Medium
14716,HW,HARIDWAR JN,HSR,HISAR JN,445,580.0,9.666666666666666,Medium
14717,BKN,BIKANER JN.,HW,HARIDWAR JN,751,975.0,16.25,Long
14718,HW,HARIDWAR JN,BKN,BIKANER JN.,751,935.0,15.583333333333334,Long
14723,CNB,KANPUR CENTR,BNW,BHIWANI JN.,604,975.0,16.25,Long
14724,BNW,BHIWANI JN.,CNB,KANPUR CENTR,605,995.0,16.583333333333332,Long
14731,DLI,DELHI JN.,FKA,FAZILKA JN.,521,640.0,10.666666666666666,Long
14732,FKA,FAZILKA JN.,DLI,DELHI JN.,521,645.0,10.75,Long
14795,BNW,BHIWANI JN.,PNP,PANIPAT JN.,108,145.0,2.4166666666666665,Medium
14796,PNP,PANIPAT JN.,BNW,BHIWANI JN.,108,160.0,2.6666666666666665,Medium
14801,JU,JODHPUR JN.,INDB,INDORE BG,735,960.0,16.0,Long
14803,BGKT,BHAGAT-KI-KO,ADI,AHMEDABAD,479,575.0,9.583333333333334,Medium
14804,ADI,AHMEDABAD,BGKT,BHAGAT-KI-KO,479,600.0,10.0,Medium
14805,YPR,YESVANTPUR J,BME,BARMER,2242,2730.0,45.5,Long
14806,BME,BARMER,YPR,YESVANTPUR J,2240,3015.0,50.25,Long
14807,JP,JAIPUR JN.,AWR,ALWAR JN.,150,175.0,2.9166666666666665,Medium
14808,AWR,ALWAR JN.,JP,JAIPUR JN.,150,205.0,3.4166666666666665,Medium
14809,JSM,JAISALMER,JU,JODHPUR JN.,300,360.0,6.0,Medium
14810,JU,JODHPUR JN.,JSM,JAISALMER,300,390.0,6.5,Medium
14811,SIKR,SIKAR JN.,DEE,DELHI-SARAI,291,400.0,6.666666666666667,Medium
14812,DEE,DELHI-SARAI,SIKR,SIKAR JN.,291,380.0,6.333333333333333,Medium
14853,BSB,VARANASI JN.,JU,JODHPUR JN.,1193,1515.0,25.25,Long
14854,JU,JODHPUR JN.,BSB,VARANASI JN.,1194,1500.0,25.0,Long
14863,BSB,VARANASI JN.,JU,JODHPUR JN.,1145,1465.0,24.416666666666668,Long
14864,JU,JODHPUR JN.,BSB,VARANASI JN.,1146,1395.0,23.25,Long
14865,BSB,VARANASI JN.,JU,JODHPUR JN.,1170,1465.0,24.416666666666668,Long
14866,JU,JODHPUR JN.,BSB,VARANASI JN.,1171,1400.0,23.333333333333332,Long
14887,KLK,KALKA,BME,BARMER,1082,1365.0,22.75,Long
14888,BME,BARMER,KLK,KALKA,1082,1390.0,23.166666666666668,Long
14889,BGKT,BHAGAT-KI-KO,MBF,MUNABAO,324,360.0,6.0,Medium
14890,MBF,MUNABAO,BGKT,BHAGAT-KI-KO,324,290.0,4.833333333333333,Medium
15001,MFP,MUZAFFARPUR,DDN,DEHRA DUN,1122,1435.0,23.916666666666668,Long
15002,DDN,DEHRA DUN,MFP,MUZAFFARPUR,1124,1485.0,24.75,Long
15003,CPA,KANPUR ANWAR,GKP,GORAKHPUR JN,551,855.0,14.25,Long
15004,GKP,GORAKHPUR JN,CPA,KANPUR ANWAR,551,800.0,13.333333333333334,Long
15005,GKP,GORAKHPUR JN,DDN,DEHRA DUN,813,1000.0,16.666666666666668,Long
15006,DDN,DEHRA DUN,GKP,GORAKHPUR JN,814,1000.0,16.666666666666668,Long
15007,BCY,VARANASI CIT,LJN,LUCKNOW JN.,503,765.0,12.75,Long
15008,LJN,LUCKNOW JN.,BCY,VARANASI CIT,505,795.0,13.25,Long
15009,GKP,GORAKHPUR JN,GTNR,GOMTINAGAR F,329,485.0,8.083333333333334,Medium
15011,LJN,LUCKNOW JN.,CDG,CHANDIGARH,698,960.0,16.0,Long
15012,CDG,CHANDIGARH,LJN,LUCKNOW JN.,698,965.0,16.083333333333332,Long
15013,JSM,JAISALMER,KGM,KATHGODAM,1255,1700.0,28.333333333333332,Long
15014,KGM,KATHGODAM,JSM,JAISALMER,1256,1595.0,26.583333333333332,Long
15015,GKP,GORAKHPUR JN,YPR,YESVANTPUR J,2501,3070.0,51.166666666666664,Long
15016,YPR,YESVANTPUR J,GKP,GORAKHPUR JN,2504,3235.0,53.916666666666664,Long
15017,LTT,LOKMANYA TIL,GKP,GORAKHPUR JN,1718,2195.0,36.583333333333336,Long
15018,GKP,GORAKHPUR JN,LTT,LOKMANYA TIL,1718,2195.0,36.583333333333336,Long
15019,GKP,GORAKHPUR JN,NTV,NAUTANWA,81,155.0,2.5833333333333335,Short
15020,NTV,NAUTANWA,GKP,GORAKHPUR JN,81,145.0,2.4166666666666665,Short
15021,SHM,SHALIMAR,GKP,GORAKHPUR JN,1056,1203.0,20.05,Long
15022,GKP,GORAKHPUR JN,SHM,SHALIMAR,1055,1215.0,20.25,Long
15023,GKP,GORAKHPUR JN,YPR,YESVANTPUR J,2460,3025.0,50.416666666666664,Long
15024,YPR,YESVANTPUR J,GKP,GORAKHPUR JN,2473,2645.0,44.083333333333336,Long
15025,MAU,MAU JN.,ANVT,ANAND VIHAR,823,1020.0,17.0,Long
15026,ANVT,ANAND VIHAR,MAU,MAU JN.,823,1065.0,17.75,Long
15027,HTE,HATIA,GKP,GORAKHPUR JN,859,1460.0,24.333333333333332,Long
15028,GKP,GORAKHPUR JN,HTE,HATIA,864,1485.0,24.75,Long
15029,GKP,GORAKHPUR JN,PUNE,PUNE JN.,1747,2080.0,34.666666666666664,Long
15030,PUNE,PUNE JN.,GKP,GORAKHPUR JN,1748,1995.0,33.25,Long
15033,HW,HARIDWAR JN,RMR,RAMNAGAR,243,305.0,5.083333333333333,Medium
15034,RMR,RAMNAGAR,HW,HARIDWAR JN,243,310.0,5.166666666666667,Medium
15035,DLI,DELHI JN.,KGM,KATHGODAM,278,405.0,6.75,Medium
15036,KGM,KATHGODAM,DLI,DELHI JN.,277,400.0,6.666666666666667,Medium
15037,CNB,KANPUR CENTR,KSJ,KASGANJ JN.,246,355.0,5.916666666666667,Medium
15038,KSJ,KASGANJ JN.,CNB,KANPUR CENTR,247,335.0,5.583333333333333,Medium
15039,FBD,FARRUKHABAD,KSJ,KASGANJ JN.,107,155.0,2.5833333333333335,Medium
15040,KSJ,KASGANJ JN.,FBD,FARRUKHABAD,107,120.0,2.0,Medium
15041,FBD,FARRUKHABAD,KSJ,KASGANJ JN.,107,135.0,2.25,Medium
15042,KSJ,KASGANJ JN.,FBD,FARRUKHABAD,107,140.0,2.3333333333333335,Medium
15043,LJN,LUCKNOW JN.,KGM,KATHGODAM,341,605.0,10.083333333333334,Medium
15044,KGM,KATHGODAM,LJN,LUCKNOW JN.,341,470.0,7.833333333333333,Medium
15045,GKP,GORAKHPUR JN,OKHA,OKHA,2285,2830.0,47.166666666666664,Long
15046,OKHA,OKHA,GKP,GORAKHPUR JN,2286,2785.0,46.416666666666664,Long
15047,KOAA,KOLKATA,GKP,GORAKHPUR JN,855,1035.0,17.25,Long
15048,GKP,GORAKHPUR JN,KOAA,KOLKATA,858,1015.0,16.916666666666668,Long
15049,KOAA,KOLKATA,GKP,GORAKHPUR JN,879,1155.0,19.25,Long
15050,GKP,GORAKHPUR JN,KOAA,KOLKATA,882,1225.0,20.416666666666668,Long
15051,KOAA,KOLKATA,GKP,GORAKHPUR JN,873,1065.0,17.75,Long
15052,GKP,GORAKHPUR JN,KOAA,KOLKATA,875,1095.0,18.25,Long
15053,CPR,CHHAPRA JN.,LJN,LUCKNOW JN.,535,805.0,13.416666666666666,Long
15054,LJN,LUCKNOW JN.,CPR,CHHAPRA JN.,536,860.0,14.333333333333334,Long
15055,AF,AGRA  FORT,RMR,RAMNAGAR,440,635.0,10.583333333333334,Medium
15056,RMR,RAMNAGAR,AF,AGRA  FORT,440,680.0,11.333333333333334,Medium
15057,GKP,GORAKHPUR JN,ANVT,ANAND VIHAR,748,845.0,14.083333333333334,Long
15058,ANVT,ANAND VIHAR,GKP,GORAKHPUR JN,749,860.0,14.333333333333334,Long
15059,LKU,LALKUA JN.,ANVT,ANAND VIHAR,248,390.0,6.5,Medium
15060,ANVT,ANAND VIHAR,LKU,LALKUA JN.,248,390.0,6.5,Medium
15063,GKP,GORAKHPUR JN,LTT,LOKMANYA TIL,1745,2070.0,34.5,Long
15064,LTT,LOKMANYA TIL,GKP,GORAKHPUR JN,1745,2080.0,34.666666666666664,Long
15065,GKP,GORAKHPUR JN,PNVL,PANVEL,1743,2090.0,34.833333333333336,Long
15066,PNVL,PANVEL,GKP,GORAKHPUR JN,1743,2080.0,34.666666666666664,Long
15067,GKP,GORAKHPUR JN,BDTS,BANDRA TERMI,1896,2315.0,38.583333333333336,Long
15068,BDTS,BANDRA TERMI,GKP,GORAKHPUR JN,1895,2475.0,41.25,Long
15069,GKP,GORAKHPUR JN,BNZ,BADSHAHNAGAR,333,365.0,6.083333333333333,Medium
15070,BNZ,BADSHAHNAGAR,GKP,GORAKHPUR JN,333,415.0,6.916666666666667,Medium
15097,BGP,BHAGALPUR,JAT,JAMMU TAWI,1777,2205.0,36.75,Long
15098,JAT,JAMMU TAWI,BGP,BHAGALPUR,1780,2115.0,35.25,Long
15101,CPR,CHHAPRA JN.,CSMT,CST-MUMBAI,1878,1980.0,33.0,Long
15102,CSMT,CST-MUMBAI,CPR,CHHAPRA JN.,1882,2225.0,37.083333333333336,Long
15103,GKP,GORAKHPUR JN,MUV,MANDUADIH,234,345.0,5.75,Medium
15104,MUV,MANDUADIH,GKP,GORAKHPUR JN,234,345.0,5.75,Medium
15105,CPR,CHHAPRA JN.,GKP,GORAKHPUR JN,177,240.0,4.0,Medium
15106,GKP,GORAKHPUR JN,CPR,CHHAPRA JN.,179,260.0,4.333333333333333,Medium
15111,CPR,CHHAPRA JN.,BCY,VARANASI CIT,222,295.0,4.916666666666667,Medium
15112,BCY,VARANASI CIT,CPR,CHHAPRA JN.,222,315.0,5.25,Medium
15115,CPR,CHHAPRA JN.,DLI,DELHI JN.,996,1480.0,24.666666666666668,Long
15116,DLI,DELHI JN.,CPR,CHHAPRA JN.,996,1400.0,23.333333333333332,Long
15117,MUV,MANDUADIH,JBP,JABALPUR,492,625.0,10.416666666666666,Medium
15118,JBP,JABALPUR,MUV,MANDUADIH,493,635.0,10.583333333333334,Medium
15119,RMM,RAMESWARAM,MUV,MANDUADIH,2790,3225.0,53.75,Long
15120,MUV,MANDUADIH,RMM,RAMESWARAM,2785,3095.0,51.583333333333336,Long
15159,CPR,CHHAPRA JN.,DURG,DURG,1091,1460.0,24.333333333333332,Long
15160,DURG,DURG,CPR,CHHAPRA JN.,1092,1515.0,25.25,Long
15201,PPTA,PATLIPUTRA,RXL,RAXAUL JN.,204,425.0,7.083333333333333,Medium
15202,RXL,RAXAUL JN.,PPTA,PATLIPUTRA,204,355.0,5.916666666666667,Medium
15203,BJU,BARAUNI JN.,LJN,LUCKNOW JN.,670,990.0,16.5,Long
15204,LJN,LUCKNOW JN.,BJU,BARAUNI JN.,674,1020.0,17.0,Long
15205,LJN,LUCKNOW JN.,JBP,JABALPUR,585,820.0,13.666666666666666,Long
15206,JBP,JABALPUR,LJN,LUCKNOW JN.,585,770.0,12.833333333333334,Long
15209,SHC,SAHARSA JN.,ASR,AMRITSAR JN.,1520,1935.0,32.25,Long
15210,ASR,AMRITSAR JN.,SHC,SAHARSA JN.,1523,1975.0,32.916666666666664,Long
15211,DBG,DARBHANGA JN,ASR,AMRITSAR JN.,1485,1950.0,32.5,Long
15212,ASR,AMRITSAR JN.,DBG,DARBHANGA JN,1486,1915.0,31.916666666666668,Long
15215,MFP,MUZAFFARPUR,NKE,NARKATIAGANJ,159,260.0,4.333333333333333,Medium
15216,NKE,NARKATIAGANJ,MFP,MUZAFFARPUR,159,230.0,3.8333333333333335,Medium
15227,YPR,YESVANTPUR J,MFP,MUZAFFARPUR,2729,3125.0,52.083333333333336,Long
15228,MFP,MUZAFFARPUR,YPR,YESVANTPUR J,2729,3145.0,52.416666666666664,Long
15231,BJU,BARAUNI JN.,G,GONDIA JN.,1523,1970.0,32.833333333333336,Long
15232,G,GONDIA JN.,BJU,BARAUNI JN.,1520,2130.0,35.5,Long
15233,KOAA,KOLKATA,DBG,DARBHANGA JN,534,710.0,11.833333333333334,Long
15234,DBG,DARBHANGA JN,KOAA,KOLKATA,534,685.0,11.416666666666666,Long
15235,HWH,HOWRAH JN.,DBG,DARBHANGA JN,535,685.0,11.416666666666666,Long
15236,DBG,DARBHANGA JN,HWH,HOWRAH JN.,536,675.0,11.25,Long
15267,RXL,RAXAUL JN.,LTT,LOKMANYA TIL,1924,2230.0,37.166666666666664,Long
15268,LTT,LOKMANYA TIL,RXL,RAXAUL JN.,1925,2390.0,39.833333333333336,Long
15269,MFP,MUZAFFARPUR,ADI,AHMEDABAD,1744,2150.0,35.833333333333336,Long
15270,ADI,AHMEDABAD,MFP,MUZAFFARPUR,1745,2130.0,35.5,Long
15271,HWH,HOWRAH JN.,MFP,MUZAFFARPUR,549,705.0,11.75,Long
15272,MFP,MUZAFFARPUR,HWH,HOWRAH JN.,550,705.0,11.75,Long
15273,RXL,RAXAUL JN.,ANVT,ANAND VIHAR,955,1455.0,24.25,Long
15274,ANVT,ANAND VIHAR,RXL,RAXAUL JN.,956,1400.0,23.333333333333332,Long
15275,SHC,SAHARSA JN.,BJU,BARAUNI JN.,109,170.0,2.8333333333333335,Medium
15276,BJU,BARAUNI JN.,SHC,SAHARSA JN.,109,220.0,3.6666666666666665,Medium
15279,SHC,SAHARSA JN.,ANVT,ANAND VIHAR,1182,1460.0,24.333333333333332,Long
15280,ANVT,ANAND VIHAR,SHC,SAHARSA JN.,1185,1550.0,25.833333333333332,Long
15283,KIR,KATIHAR JN.,JYG,JAYNAGAR,373,660.0,11.0,Medium
15284,JYG,JAYNAGAR,KIR,KATIHAR JN.,373,615.0,10.25,Medium
15417,APDJ,ALIPUR DUAR,SHTT,SILGHAT TOWN,589,1065.0,17.75,Long
15418,SHTT,SILGHAT TOWN,APDJ,ALIPUR DUAR,589,915.0,15.25,Long
15463,BLGT,BALURGHAT,SGUJ,SILIGURI JN.,308,405.0,6.75,Medium
15464,SGUJ,SILIGURI JN.,BLGT,BALURGHAT,309,415.0,6.916666666666667,Medium
15483,APDJ,ALIPUR DUAR,DLI,DELHI JN.,1638,2235.0,37.25,Long
15484,DLI,DELHI JN.,APDJ,ALIPUR DUAR,1638,2245.0,37.416666666666664,Long
15529,SHC,SAHARSA JN.,ANVT,ANAND VIHAR,1253,1605.0,26.75,Long
15530,ANVT,ANAND VIHAR,SHC,SAHARSA JN.,1255,1640.0,27.333333333333332,Long
15531,SHC,SAHARSA JN.,ASR,AMRITSAR JN.,1612,2160.0,36.0,Long
15532,ASR,AMRITSAR JN.,SHC,SAHARSA JN.,1615,2045.0,34.083333333333336,Long
15547,JYG,JAYNAGAR,LTT,LOKMANYA TIL,1963,2230.0,37.166666666666664,Long
15548,LTT,LOKMANYA TIL,JYG,JAYNAGAR,1963,2160.0,36.0,Long
15549,JYG,JAYNAGAR,PNBE,PATNA JN.,243,460.0,7.666666666666667,Medium
15550,PNBE,PATNA JN.,JYG,JAYNAGAR,243,450.0,7.5,Medium
15559,DBG,DARBHANGA JN,ADI,AHMEDABAD,2018,2415.0,40.25,Long
15560,ADI,AHMEDABAD,DBG,DARBHANGA JN,2020,2450.0,40.833333333333336,Long
15563,JYG,JAYNAGAR,UDN,UDHNA JN.,1865,2140.0,35.666666666666664,Long
15564,UDN,UDHNA JN.,JYG,JAYNAGAR,1866,2270.0,37.833333333333336,Long
15601,SCL,SILCHAR,NDLS,NEW DELHI,2294,2550.0,42.5,Long
15602,NDLS,NEW DELHI,SCL,SILCHAR,2295,2700.0,45.0,Long
15603,GHY,GUWAHATI,LEDO,LEDO,571,840.0,14.0,Long
15604,LEDO,LEDO,GHY,GUWAHATI,570,830.0,13.833333333333334,Long
15605,FKG,FURKATING JN,DBRG,DIBRUGARH,233,400.0,6.666666666666667,Medium
15606,DBRG,DIBRUGARH,FKG,FURKATING JN,233,405.0,6.75,Medium
15613,KYQ,KAMAKHYA JN,MZS,MURKEONG SEL,491,690.0,11.5,Medium
15614,MZS,MURKEONG SEL,KYQ,KAMAKHYA JN,491,725.0,12.083333333333334,Medium
15617,GHY,GUWAHATI,NHLN,NAHARLAGUN,332,455.0,7.583333333333333,Medium
15618,NHLN,NAHARLAGUN,GHY,GUWAHATI,332,525.0,8.75,Medium
15619,GAYA,GAYA JN.,KYQ,KAMAKHYA JN,1093,1415.0,23.583333333333332,Long
15620,KYQ,KAMAKHYA JN,GAYA,GAYA JN.,1093,1360.0,22.666666666666668,Long
15621,KYQ,KAMAKHYA JN,ANVT,ANAND VIHAR,1901,2165.0,36.083333333333336,Long
15622,ANVT,ANAND VIHAR,KYQ,KAMAKHYA JN,1904,2340.0,39.0,Long
15623,BGKT,BHAGAT-KI-KO,KYQ,KAMAKHYA JN,2541,3335.0,55.583333333333336,Long
15624,KYQ,KAMAKHYA JN,BGKT,BHAGAT-KI-KO,2540,3150.0,52.5,Long
15629,TBM,TAMBARAM,GHY,GUWAHATI,2796,3300.0,55.0,Long
15630,GHY,GUWAHATI,TBM,TAMBARAM,2797,3255.0,54.25,Long
15631,BME,BARMER,GHY,GUWAHATI,2462,3030.0,50.5,Long
15632,GHY,GUWAHATI,BME,BARMER,2461,2835.0,47.25,Long
15635,OKHA,OKHA,GHY,GUWAHATI,3219,4040.0,67.33333333333333,Long
15636,GHY,GUWAHATI,OKHA,OKHA,3219,3910.0,65.16666666666667,Long
15639,PURI,PURI,KYQ,KAMAKHYA JN,1512,1870.0,31.166666666666668,Long
15640,KYQ,KAMAKHYA JN,PURI,PURI,1513,1925.0,32.083333333333336,Long
15643,PURI,PURI,KYQ,KAMAKHYA JN,1534,1915.0,31.916666666666668,Long
15644,KYQ,KAMAKHYA JN,PURI,PURI,1548,1905.0,31.75,Long
15645,LTT,LOKMANYA TIL,GHY,GUWAHATI,2598,3115.0,51.916666666666664,Long
15646,GHY,GUWAHATI,LTT,LOKMANYA TIL,2597,3065.0,51.083333333333336,Long
15647,LTT,LOKMANYA TIL,GHY,GUWAHATI,2740,3175.0,52.916666666666664,Long
15648,GHY,GUWAHATI,LTT,LOKMANYA TIL,2739,3180.0,53.0,Long
15651,GHY,GUWAHATI,JAT,JAMMU TAWI,2344,2845.0,47.416666666666664,Long
15652,JAT,JAMMU TAWI,GHY,GUWAHATI,2348,2935.0,48.916666666666664,Long
15653,GHY,GUWAHATI,JAT,JAMMU TAWI,2431,2845.0,47.416666666666664,Long
15654,JAT,JAMMU TAWI,GHY,GUWAHATI,2433,2935.0,48.916666666666664,Long
15655,KYQ,KAMAKHYA JN,SVDK,SHRI MATA VA,2606,3195.0,53.25,Long
15656,SVDK,SHRI MATA VA,KYQ,KAMAKHYA JN,2607,3410.0,56.833333333333336,Long
15657,SDAH,SEALDAH,GHY,GUWAHATI,977,1285.0,21.416666666666668,Long
15658,GHY,GUWAHATI,SDAH,SEALDAH,977,1230.0,20.5,Long
15659,SDAH,SEALDAH,AGTL,AGARTALA,1555,2305.0,38.416666666666664,Long
15660,AGTL,AGARTALA,SDAH,SEALDAH,1554,2275.0,37.916666666666664,Long
15661,RNC,RANCHI,KYQ,KAMAKHYA JN,1228,1570.0,26.166666666666668,Long
15662,KYQ,KAMAKHYA JN,RNC,RANCHI,1232,1590.0,26.5,Long
15665,GHY,GUWAHATI,DMV,DIMAPUR,250,340.0,5.666666666666667,Medium
15666,DMV,DIMAPUR,GHY,GUWAHATI,249,345.0,5.75,Medium
15667,GIMB,GANDHIDHAM J,KYQ,KAMAKHYA JN,3142,3870.0,64.5,Long
15668,KYQ,KAMAKHYA JN,GIMB,GANDHIDHAM J,3142,3820.0,63.666666666666664,Long
15669,GHY,GUWAHATI,DMV,DIMAPUR,250,325.0,5.416666666666667,Medium
15670,DMV,DIMAPUR,GHY,GUWAHATI,249,295.0,4.916666666666667,Medium
15707,KIR,KATIHAR JN.,ASR,AMRITSAR JN.,1787,2280.0,38.0,Long
15708,ASR,AMRITSAR JN.,KIR,KATIHAR JN.,1790,2220.0,37.0,Long
15711,HWH,HOWRAH JN.,KIR,KATIHAR JN.,398,530.0,8.833333333333334,Medium
15712,KIR,KATIHAR JN.,HWH,HOWRAH JN.,419,530.0,8.833333333333334,Medium
15713,KIR,KATIHAR JN.,PNBE,PATNA JN.,289,415.0,6.916666666666667,Medium
15714,PNBE,PATNA JN.,KIR,KATIHAR JN.,289,430.0,7.166666666666667,Medium
15715,KNE,KISHANGANJ,AII,AJMER JN.,1834,2370.0,39.5,Long
15716,AII,AJMER JN.,KNE,KISHANGANJ,1834,2410.0,40.166666666666664,Long
15717,GHY,GUWAHATI,MXN,MARIANI JN.,405,685.0,11.416666666666666,Medium
15718,MXN,MARIANI JN.,GHY,GUWAHATI,404,630.0,10.5,Medium
15719,KIR,KATIHAR JN.,SGUJ,SILIGURI JN.,202,315.0,5.25,Medium
15720,SGUJ,SILIGURI JN.,KIR,KATIHAR JN.,202,315.0,5.25,Medium
15721,DGHA,DIGHA FS,NJP,NEW JALPAIGU,752,1020.0,17.0,Long
15722,NJP,NEW JALPAIGU,DGHA,DIGHA FS,773,945.0,15.75,Long
15723,NJP,NEW JALPAIGU,SMI,SITAMARHI,545,785.0,13.083333333333334,Long
15724,SMI,SITAMARHI,NJP,NEW JALPAIGU,545,720.0,12.0,Long
15765,SGUJ,SILIGURI JN.,DBB,DHUBRI,262,396.0,6.6,Medium
15766,DBB,DHUBRI,SGUJ,SILIGURI JN.,262,510.0,8.5,Medium
15767,SGUJ,SILIGURI JN.,APDJ,ALIPUR DUAR,161,285.0,4.75,Medium
15768,APDJ,ALIPUR DUAR,SGUJ,SILIGURI JN.,161,240.0,4.0,Medium
15769,APDJ,ALIPUR DUAR,LMG,LUMDING JN.,450,595.0,9.916666666666666,Medium
15770,LMG,LUMDING JN.,APDJ,ALIPUR DUAR,449,585.0,9.75,Medium
15771,APDJ,ALIPUR DUAR,KYQ,KAMAKHYA JN,300,430.0,7.166666666666667,Medium
15772,KYQ,KAMAKHYA JN,APDJ,ALIPUR DUAR,300,430.0,7.166666666666667,Medium
15815,KYQ,KAMAKHYA JN,DKGN,DEKARGAON,182,285.0,4.75,Medium
15816,DKGN,DEKARGAON,KYQ,KAMAKHYA JN,182,285.0,4.75,Medium
15903,DBRG,DIBRUGARH,CDG,CHANDIGARH,2636,3270.0,54.5,Long
15904,CDG,CHANDIGARH,DBRG,DIBRUGARH,2640,3420.0,57.0,Long
15905,CAPE,KANNIYAKUMAR,DBRG,DIBRUGARH,4260,4780.0,79.66666666666667,Long
15906,DBRG,DIBRUGARH,CAPE,KANNIYAKUMAR,4256,4965.0,82.75,Long
15909,DBRG,DIBRUGARH,LGH,LALGARH JN.,3114,4015.0,66.91666666666667,Long
15927,RNY,RANGIYA JN.,NTSK,NEW TINSUKIA,595,870.0,14.5,Long
15928,NTSK,NEW TINSUKIA,RNY,RANGIYA JN.,595,840.0,14.0,Long
15929,TBM,TAMBARAM,DBRG,DIBRUGARH,3353,4095.0,68.25,Long
15930,DBRG,DIBRUGARH,TBM,TAMBARAM,3353,4170.0,69.5,Long
15933,DBRG,DIBRUGARH,ASR,AMRITSAR JN.,2870,3725.0,62.083333333333336,Long
15934,ASR,AMRITSAR JN.,DBRG,DIBRUGARH,2872,3670.0,61.166666666666664,Long
15941,JAJ,JHAJHA,DBRG,DIBRUGARH,1712,2270.0,37.833333333333336,Long
15942,DBRG,DIBRUGARH,JAJ,JHAJHA,1712,2180.0,36.333333333333336,Long
15959,HWH,HOWRAH JN.,DBRG,DIBRUGARH,1507,2180.0,36.333333333333336,Long
15960,DBRG,DIBRUGARH,HWH,HOWRAH JN.,1528,2120.0,35.333333333333336,Long
15967,RNY,RANGIYA JN.,DBRG,DIBRUGARH,604,925.0,15.416666666666666,Long
15968,DBRG,DIBRUGARH,RNY,RANGIYA JN.,603,885.0,14.75,Long
16003,MAS,CHENNAI CENT,NSL,NAGARSOL,1365,1605.0,26.75,Long
16004,NSL,NAGARSOL,MAS,CHENNAI CENT,1363,1635.0,27.25,Long
16021,MAS,CHENNAI CENT,MYS,MYSORE JN.,498,575.0,9.583333333333334,Medium
16022,MYS,MYSORE JN.,MAS,CHENNAI CENT,499,630.0,10.5,Medium
16023,MYS,MYSORE JN.,YPR,YESVANTPUR J,143,190.0,3.1666666666666665,Medium
16024,YPR,YESVANTPUR J,MYS,MYSORE JN.,143,180.0,3.0,Medium
16031,MAS,CHENNAI CENT,SVDK,SHRI MATA VA,2859,3485.0,58.083333333333336,Long
16032,SVDK,SHRI MATA VA,MAS,CHENNAI CENT,2857,3625.0,60.416666666666664,Long
16053,MAS,CHENNAI CENT,TPTY,TIRUPATI,148,215.0,3.5833333333333335,Medium
16054,TPTY,TIRUPATI,MAS,CHENNAI CENT,146,220.0,3.6666666666666665,Medium
16057,MAS,CHENNAI CENT,TPTY,TIRUPATI,148,195.0,3.25,Medium
16058,TPTY,TIRUPATI,MAS,CHENNAI CENT,146,230.0,3.8333333333333335,Medium
16085,AJJ,ARAKKONAM JN,JTJ,JOLARPETTAI,144,190.0,3.1666666666666665,Medium
16086,JTJ,JOLARPETTAI,AJJ,ARAKKONAM JN,144,170.0,2.8333333333333335,Medium
16089,MAS,CHENNAI CENT,JTJ,JOLARPETTAI,212,265.0,4.416666666666667,Medium
16090,JTJ,JOLARPETTAI,MAS,CHENNAI CENT,213,255.0,4.25,Medium
16093,MAS,CHENNAI CENT,LJN,LUCKNOW JN.,2086,2365.0,39.416666666666664,Long
16094,LJN,LUCKNOW JN.,MAS,CHENNAI CENT,2083,2520.0,42.0,Long
16101,MS,CHENNAI EGMO,RMM,RAMESWARAM,664,790.0,13.166666666666666,Long
16102,RMM,RAMESWARAM,MS,CHENNAI EGMO,664,815.0,13.583333333333334,Long
16105,MS,CHENNAI EGMO,TCN,TIRUCHENDUR,775,975.0,16.25,Long
16106,TCN,TIRUCHENDUR,MS,CHENNAI EGMO,774,985.0,16.416666666666668,Long
16115,MS,CHENNAI EGMO,PDY,PONDICHERRY,196,255.0,4.25,Medium
16116,PDY,PONDICHERRY,MS,CHENNAI EGMO,196,235.0,3.9166666666666665,Medium
16127,MS,CHENNAI EGMO,GUV,GURUVAYUR,1095,1295.0,21.583333333333332,Long
16128,GUV,GURUVAYUR,MS,CHENNAI EGMO,1096,1385.0,23.083333333333332,Long
16129,MEJ,VANCHI MANIY,TN,TUTICORIN,31,60.0,1.0,Short
16130,TN,TUTICORIN,MEJ,VANCHI MANIY,31,40.0,0.6666666666666666,Short
16175,MS,CHENNAI EGMO,KIK,KARAIKAL,360,505.0,8.416666666666666,Medium
16176,KIK,KARAIKAL,MS,CHENNAI EGMO,360,490.0,8.166666666666666,Medium
16179,MS,CHENNAI EGMO,MQ,MANNARGUDI,394,500.0,8.333333333333334,Medium
16180,MQ,MANNARGUDI,MS,CHENNAI EGMO,394,500.0,8.333333333333334,Medium
16181,MS,CHENNAI EGMO,SCT,SENGOTTAI JN,682,780.0,13.0,Long
16182,SCT,SENGOTTAI JN,MS,CHENNAI EGMO,682,815.0,13.583333333333334,Long
16183,MS,CHENNAI EGMO,TJ,THANJAVUR JN,351,460.0,7.666666666666667,Medium
16184,TJ,THANJAVUR JN,MS,CHENNAI EGMO,350,430.0,7.166666666666667,Medium
16185,NGT,NAGAPPATTINA,VLNK,VELANKANNI,10,35.0,0.5833333333333334,Short
16186,VLNK,VELANKANNI,NGT,NAGAPPATTINA,10,25.0,0.4166666666666667,Short
16187,KIK,KARAIKAL,ERS,ERNAKULAM. J,591,870.0,14.5,Long
16188,ERS,ERNAKULAM. J,KIK,KARAIKAL,592,815.0,13.583333333333334,Long
16203,MAS,CHENNAI CENT,TPTY,TIRUPATI,148,215.0,3.5833333333333335,Medium
16204,TPTY,TIRUPATI,MAS,CHENNAI CENT,146,240.0,4.0,Medium
16205,TLGP,TALGUPPA,MYS,MYSORE JN.,372,465.0,7.75,Medium
16206,MYS,MYSORE JN.,TLGP,TALGUPPA,372,450.0,7.5,Medium
16209,AII,AJMER JN.,MYS,MYSORE JN.,2278,2910.0,48.5,Long
16210,MYS,MYSORE JN.,AII,AJMER JN.,2279,2830.0,47.166666666666664,Long
16215,MYS,MYSORE JN.,SBC,KRANTIVIRA S,138,165.0,2.75,Medium
16216,SBC,KRANTIVIRA S,MYS,MYSORE JN.,138,170.0,2.8333333333333335,Medium
16217,MYS,MYSORE JN.,SNSI,SAI NAGAR SH,1304,1820.0,30.333333333333332,Long
16218,SNSI,SAI NAGAR SH,MYS,MYSORE JN.,1304,1805.0,30.083333333333332,Long
16227,MYS,MYSORE JN.,TLGP,TALGUPPA,508,695.0,11.583333333333334,Long
16228,TLGP,TALGUPPA,MYS,MYSORE JN.,508,700.0,11.666666666666666,Long
16229,MYS,MYSORE JN.,BSB,VARANASI JN.,2698,3160.0,52.666666666666664,Long
16231,MV,MAYILADUTURA,MYS,MYSORE JN.,676,895.0,14.916666666666666,Long
16232,MYS,MYSORE JN.,MV,MAYILADUTURA,676,930.0,15.5,Long
16233,MV,MAYILADUTURA,TPJ,TIRUCHIRAPPA,120,160.0,2.6666666666666665,Medium
16234,TPJ,TIRUCHIRAPPA,MV,MAYILADUTURA,120,145.0,2.4166666666666665,Medium
16235,TN,TUTICORIN,MYS,MYSORE JN.,775,1030.0,17.166666666666668,Long
16301,SRR,SHORANUR JN.,TVC,TRIVANDRUM C,327,485.0,8.083333333333334,Medium
16302,TVC,TRIVANDRUM C,SRR,SHORANUR JN.,327,475.0,7.916666666666667,Medium
16303,ERS,ERNAKULAM. J,TVC,TRIVANDRUM C,220,295.0,4.916666666666667,Medium
16304,TVC,TRIVANDRUM C,ERS,ERNAKULAM. J,219,310.0,5.166666666666667,Medium
16305,ERS,ERNAKULAM. J,CAN,KANNUR,282,345.0,5.75,Medium
16306,CAN,KANNUR,ERS,ERNAKULAM. J,282,355.0,5.916666666666667,Medium
16307,ALLP,ALLEPPEY,CAN,KANNUR,338,455.0,7.583333333333333,Medium
16308,CAN,KANNUR,ALLP,ALLEPPEY,339,485.0,8.083333333333334,Medium
16311,BKN,BIKANER JN.,KCVL,KOCHUVELI,2701,3190.0,53.166666666666664,Long
16312,KCVL,KOCHUVELI,BKN,BIKANER JN.,2704,3245.0,54.083333333333336,Long
16313,ALLP,ALLEPPEY,CAN,KANNUR,338,455.0,7.583333333333333,Medium
16314,CAN,KANNUR,ALLP,ALLEPPEY,339,485.0,8.083333333333334,Medium
16315,SBC,KRANTIVIRA S,KCVL,KOCHUVELI,829,965.0,16.083333333333332,Long
16316,KCVL,KOCHUVELI,SBC,KRANTIVIRA S,830,950.0,15.833333333333334,Long
16317,CAPE,KANNIYAKUMAR,SVDK,SHRI MATA VA,3769,4385.0,73.08333333333333,Long
16318,SVDK,SHRI MATA VA,CAPE,KANNIYAKUMAR,3765,4320.0,72.0,Long
16331,CSMT,CST-MUMBAI,TVC,TRIVANDRUM C,1953,2350.0,39.166666666666664,Long
16332,TVC,TRIVANDRUM C,CSMT,CST-MUMBAI,1954,2425.0,40.416666666666664,Long
16333,VRL,VERAVAL,TVC,TRIVANDRUM C,2407,2785.0,46.416666666666664,Long
16334,TVC,TRIVANDRUM C,VRL,VERAVAL,2411,2940.0,49.0,Long
16335,GIMB,GANDHIDHAM J,NCJ,NAGERCOIL JN,2348,2695.0,44.916666666666664,Long
16336,NCJ,NAGERCOIL JN,GIMB,GANDHIDHAM J,2352,2775.0,46.25,Long
16337,OKHA,OKHA,ERS,ERNAKULAM. J,2253,2535.0,42.25,Long
16338,ERS,ERNAKULAM. J,OKHA,OKHA,2258,2680.0,44.666666666666664,Long
16339,CSMT,CST-MUMBAI,NCJ,NAGERCOIL JN,1874,2350.0,39.166666666666664,Long
16340,NCJ,NAGERCOIL JN,CSMT,CST-MUMBAI,1875,2300.0,38.333333333333336,Long
16341,GUV,GURUVAYUR,TVC,TRIVANDRUM C,302,390.0,6.5,Medium
16342,TVC,TRIVANDRUM C,GUV,GURUVAYUR,302,410.0,6.833333333333333,Medium
16343,TVC,TRIVANDRUM C,MDU,MADURAI JN,609,880.0,14.666666666666666,Long
16344,MDU,MADURAI JN,TVC,TRIVANDRUM C,610,880.0,14.666666666666666,Long
16345,LTT,LOKMANYA TIL,TVC,TRIVANDRUM C,1510,1815.0,30.25,Long
16346,TVC,TRIVANDRUM C,LTT,LOKMANYA TIL,1514,1855.0,30.916666666666668,Long
16347,TVC,TRIVANDRUM C,MAQ,MANGALORE CE,630,865.0,14.416666666666666,Long
16348,MAQ,MANGALORE CE,TVC,TRIVANDRUM C,632,865.0,14.416666666666666,Long
16349,SRR,SHORANUR JN.,NIL,NILAMBUR ROA,67,75.0,1.25,Short
16350,NIL,NILAMBUR ROA,SRR,SHORANUR JN.,66,80.0,1.3333333333333333,Short
16351,CSMT,CST-MUMBAI,NCJ,NAGERCOIL JN,1942,2405.0,40.083333333333336,Long
16352,NCJ,NAGERCOIL JN,CSMT,CST-MUMBAI,1945,2390.0,39.833333333333336,Long
16353,KCG,KACHEGUDA,NCJ,NAGERCOIL JN,1490,1740.0,29.0,Long
16354,NCJ,NAGERCOIL JN,KCG,KACHEGUDA,1492,1790.0,29.833333333333332,Long
16359,ERS,ERNAKULAM. J,PNBE,PATNA JN.,2987,3500.0,58.333333333333336,Long
16360,PNBE,PATNA JN.,ERS,ERNAKULAM. J,2980,3285.0,54.75,Long
16381,CSMT,CST-MUMBAI,CAPE,KANNIYAKUMAR,2130,2690.0,44.833333333333336,Long
16382,CAPE,KANNIYAKUMAR,CSMT,CST-MUMBAI,2132,2760.0,46.0,Long
16501,ADI,AHMEDABAD,YPR,YESVANTPUR J,1797,2020.0,33.666666666666664,Long
16502,YPR,YESVANTPUR J,ADI,AHMEDABAD,1785,2210.0,36.833333333333336,Long
16505,GIMB,GANDHIDHAM J,SBC,KRANTIVIRA S,1949,2535.0,42.25,Long
16506,SBC,KRANTIVIRA S,GIMB,GANDHIDHAM J,1952,2320.0,38.666666666666664,Long
16507,JU,JODHPUR JN.,SBC,KRANTIVIRA S,2103,2755.0,45.916666666666664,Long
16508,SBC,KRANTIVIRA S,JU,JODHPUR JN.,2104,2580.0,43.0,Long
16515,YPR,YESVANTPUR J,KAWR,KAWR,667,950.0,15.833333333333334,Long
16516,KAWR,KAWR,YPR,YESVANTPUR J,649,900.0,15.0,Long
16517,SBC,KRANTIVIRA S,CAN,KANNUR,579,880.0,14.666666666666666,Long
16518,CAN,KANNUR,SBC,KRANTIVIRA S,578,940.0,15.666666666666666,Long
16519,JTJ,JOLARPETTAI,SBC,KRANTIVIRA S,148,215.0,3.5833333333333335,Medium
16520,SBC,KRANTIVIRA S,JTJ,JOLARPETTAI,148,200.0,3.3333333333333335,Medium
16521,BWT,BANGARPET JN,SBC,KRANTIVIRA S,70,105.0,1.75,Short
16522,SBC,KRANTIVIRA S,BWT,BANGARPET JN,70,95.0,1.5833333333333333,Short
16523,MAQ,MANGALORE CE,KAWR,KAWR,262,315.0,5.25,Medium
16524,KAWR,KAWR,MAQ,MANGALORE CE,260,340.0,5.666666666666667,Medium
16525,CAPE,KANNIYAKUMAR,SBC,KRANTIVIRA S,934,1250.0,20.833333333333332,Long
16526,SBC,KRANTIVIRA S,CAPE,KANNIYAKUMAR,934,1160.0,19.333333333333332,Long
16527,YPR,YESVANTPUR J,CAN,KANNUR,655,800.0,13.333333333333334,Long
16528,CAN,KANNUR,YPR,YESVANTPUR J,654,835.0,13.916666666666666,Long
16531,AII,AJMER JN.,SBC,KRANTIVIRA S,2213,2835.0,47.25,Long
16532,SBC,KRANTIVIRA S,AII,AJMER JN.,2201,2920.0,48.666666666666664,Long
16533,BGKT,BHAGAT-KI-KO,SBC,KRANTIVIRA S,2173,2835.0,47.25,Long
16534,SBC,KRANTIVIRA S,BGKT,BHAGAT-KI-KO,2161,2865.0,47.75,Long
16535,MYS,MYSORE JN.,SUR,SOLAPUR,966,1240.0,20.666666666666668,Long
16536,SUR,SOLAPUR,MYS,MYSORE JN.,964,1250.0,20.833333333333332,Long
16557,MYS,MYSORE JN.,SBC,KRANTIVIRA S,138,160.0,2.6666666666666665,Medium
16558,SBC,KRANTIVIRA S,MYS,MYSORE JN.,138,180.0,3.0,Medium
16565,YPR,YESVANTPUR J,MAQ,MANGALORE CE,833,1065.0,17.75,Long
16566,MAQ,MANGALORE CE,YPR,YESVANTPUR J,833,1035.0,17.25,Long
16569,YPR,YESVANTPUR J,KCG,KACHEGUDA,611,780.0,13.0,Long
16570,KCG,KACHEGUDA,YPR,YESVANTPUR J,599,810.0,13.5,Long
16571,YPR,YESVANTPUR J,BIDR,BIDAR,687,855.0,14.25,Long
16572,BIDR,BIDAR,YPR,YESVANTPUR J,687,815.0,13.583333333333334,Long
16573,YPR,YESVANTPUR J,PDY,PONDICHERRY,453,615.0,10.25,Medium
16574,PDY,PONDICHERRY,YPR,YESVANTPUR J,452,690.0,11.5,Medium
16575,YPR,YESVANTPUR J,MAJN,MANGALORE JN,409,585.0,9.75,Medium
16576,MAJN,MANGALORE JN,YPR,YESVANTPUR J,394,540.0,9.0,Medium
16577,YPR,YESVANTPUR J,HRR,HARIHAR JN.,333,435.0,7.25,Medium
16578,HRR,HARIHAR JN.,YPR,YESVANTPUR J,332,375.0,6.25,Medium
16579,YPR,YESVANTPUR J,SMET,SHIMOGA TOWN,268,345.0,5.75,Medium
16580,SMET,SHIMOGA TOWN,YPR,YESVANTPUR J,267,330.0,5.5,Medium
16581,YPR,YESVANTPUR J,SMET,SHIMOGA TOWN,268,370.0,6.166666666666667,Medium
16582,SMET,SHIMOGA TOWN,YPR,YESVANTPUR J,267,365.0,6.083333333333333,Medium
16587,YPR,YESVANTPUR J,BKN,BIKANER JN.,2440,2990.0,49.833333333333336,Long
16588,BKN,BIKANER JN.,YPR,YESVANTPUR J,2440,3190.0,53.166666666666664,Long
16589,SBC,KRANTIVIRA S,KOP,CHHATRAPATI,797,985.0,16.416666666666668,Long
16590,KOP,CHHATRAPATI,SBC,KRANTIVIRA S,794,1000.0,16.666666666666668,Long
16591,UBL,HUBLI JN.,MYS,MYSORE JN.,668,895.0,14.916666666666666,Long
16592,MYS,MYSORE JN.,UBL,HUBLI JN.,668,940.0,15.666666666666666,Long
16593,NED,NANDED,SBC,KRANTIVIRA S,1021,1410.0,23.5,Long
16594,SBC,KRANTIVIRA S,NED,NANDED,1021,1485.0,24.75,Long
16603,MAQ,MANGALORE CE,TVC,TRIVANDRUM C,620,820.0,13.666666666666666,Long
16604,TVC,TRIVANDRUM C,MAQ,MANGALORE CE,619,760.0,12.666666666666666,Long
16605,MAQ,MANGALORE CE,NCJ,NAGERCOIL JN,691,955.0,15.916666666666666,Long
16606,NCJ,NAGERCOIL JN,MAQ,MANGALORE CE,689,900.0,15.0,Long
16613,RJT,RAJKOT,CBE,COIMBATORE,2220,2675.0,44.583333333333336,Long
16614,CBE,COIMBATORE,RJT,RAJKOT,2222,2610.0,43.5,Long
16615,MQ,MANNARGUDI,CBE,COIMBATORE,334,510.0,8.5,Medium
16616,CBE,COIMBATORE,MQ,MANNARGUDI,334,430.0,7.166666666666667,Medium
16617,RMM,RAMESWARAM,CBE,COIMBATORE,498,700.0,11.666666666666666,Medium
16618,CBE,COIMBATORE,RMM,RAMESWARAM,498,645.0,10.75,Medium
16629,TVC,TRIVANDRUM C,MAQ,MANGALORE CE,631,930.0,15.5,Long
16630,MAQ,MANGALORE CE,TVC,TRIVANDRUM C,632,895.0,14.916666666666666,Long
16649,MAQ,MANGALORE CE,NCJ,NAGERCOIL JN,703,930.0,15.5,Long
16650,NCJ,NAGERCOIL JN,MAQ,MANGALORE CE,702,955.0,15.916666666666666,Long
16687,MAQ,MANGALORE CE,SVDK,SHRI MATA VA,3663,4215.0,70.25,Long
16688,SVDK,SHRI MATA VA,MAQ,MANGALORE CE,3661,4370.0,72.83333333333333,Long
16723,MS,CHENNAI EGMO,QLN,QUILON,858,1030.0,17.166666666666668,Long
16724,QLN,QUILON,MS,CHENNAI EGMO,858,1025.0,17.083333333333332,Long
16733,RMM,RAMESWARAM,OKHA,OKHA,3177,3815.0,63.583333333333336,Long
16734,OKHA,OKHA,RMM,RAMESWARAM,3175,3615.0,60.25,Long
16779,TPTY,TIRUPATI,RMM,RAMESWARAM,816,1115.0,18.583333333333332,Long
16780,RMM,RAMESWARAM,TPTY,TIRUPATI,817,1095.0,18.25,Long
16787,TEN,TIRUNELVELI,ED,ERODE JN.,454,585.0,9.75,Medium
16788,ED,ERODE JN.,TEN,TIRUNELVELI,454,565.0,9.416666666666666,Medium
16790,ED,ERODE JN.,TEN,TIRUNELVELI,454,675.0,11.25,Medium
16791,PUU,PUNALUR,PGT,PALAKKAD JN,347,600.0,10.0,Medium
16792,PGT,PALAKKAD JN,PUU,PUNALUR,348,565.0,9.416666666666666,Medium
16793,RMM,RAMESWARAM,FD,FAIZABAD JN.,2916,3450.0,57.5,Long
16794,FD,FAIZABAD JN.,RMM,RAMESWARAM,2912,3315.0,55.25,Long
16853,MS,CHENNAI EGMO,TPJ,TIRUCHIRAPPA,400,465.0,7.75,Medium
16854,TPJ,TIRUCHIRAPPA,MS,CHENNAI EGMO,400,470.0,7.833333333333333,Medium
16855,PDY,PONDICHERRY,MAQ,MANGALORE CE,796,1015.0,16.916666666666668,Long
16856,MAQ,MANGALORE CE,PDY,PONDICHERRY,795,1015.0,16.916666666666668,Long
16857,PDY,PONDICHERRY,MAQ,MANGALORE CE,861,1040.0,17.333333333333332,Long
16858,MAQ,MANGALORE CE,PDY,PONDICHERRY,861,1015.0,16.916666666666668,Long
16859,MS,CHENNAI EGMO,MAQ,MANGALORE CE,983,1350.0,22.5,Long
16860,MAQ,MANGALORE CE,MS,CHENNAI EGMO,982,1280.0,21.333333333333332,Long
16861,PDY,PONDICHERRY,CAPE,KANNIYAKUMAR,699,930.0,15.5,Long
16862,CAPE,KANNIYAKUMAR,PDY,PONDICHERRY,698,935.0,15.583333333333334,Long
16863,BGKT,BHAGAT-KI-KO,MQ,MANNARGUDI,2853,2985.0,49.75,Long
16864,MQ,MANNARGUDI,BGKT,BHAGAT-KI-KO,2855,3205.0,53.416666666666664,Long
17001,SNSI,SAI NAGAR SH,SC,SECUNDERABAD,771,950.0,15.833333333333334,Long
17002,SC,SECUNDERABAD,SNSI,SAI NAGAR SH,771,998.0,16.633333333333333,Long
17009,BIDR,BIDAR,HYB,HYDERABAD DE,163,215.0,3.5833333333333335,Medium
17010,SC,SECUNDERABAD,BIDR,BIDAR,162,210.0,3.5,Medium
17011,HYB,HYDERABAD DE,SKZR,SIRPURKAGHAZ,316,370.0,6.166666666666667,Medium
17012,SKZR,SIRPURKAGHAZ,SC,SECUNDERABAD,305,345.0,5.75,Medium
17013,PUNE,PUNE JN.,HYB,HYDERABAD DE,639,855.0,14.25,Long
17014,HYB,HYDERABAD DE,PUNE,PUNE JN.,640,870.0,14.5,Long
17015,BBS,BHUBANESWAR,SC,SECUNDERABAD,1135,1380.0,23.0,Long
17016,SC,SECUNDERABAD,BBS,BHUBANESWAR,1135,1370.0,22.833333333333332,Long
17017,RJT,RAJKOT,SC,SECUNDERABAD,1467,1745.0,29.083333333333332,Long
17018,SC,SECUNDERABAD,RJT,RAJKOT,1468,1680.0,28.0,Long
17019,JP,JAIPUR JN.,HYB,HYDERABAD DE,2002,2470.0,41.166666666666664,Long
17020,HYB,HYDERABAD DE,JP,JAIPUR JN.,2004,2350.0,39.166666666666664,Long
17021,HYB,HYDERABAD DE,GTL,GUNTAKAL JN.,376,465.0,7.75,Medium
17022,GTL,GUNTAKAL JN.,HYB,HYDERABAD DE,373,640.0,10.666666666666666,Medium
17023,SC,SECUNDERABAD,KRNT,KURNOOL TOWN,243,300.0,5.0,Medium
17024,KRNT,KURNOOL TOWN,SC,SECUNDERABAD,243,295.0,4.916666666666667,Medium
17025,MUGR,MANUGURU,SC,SECUNDERABAD,341,435.0,7.25,Medium
17026,SC,SECUNDERABAD,MUGR,MANUGURU,341,435.0,7.25,Medium
17027,SC,SECUNDERABAD,KRNT,KURNOOL TOWN,243,280.0,4.666666666666667,Medium
17028,KRNT,KURNOOL TOWN,SC,SECUNDERABAD,243,330.0,5.5,Medium
17031,CSMT,CST-MUMBAI,HYB,HYDERABAD DE,791,1030.0,17.166666666666668,Long
17032,HYB,HYDERABAD DE,CSMT,CST-MUMBAI,793,985.0,16.416666666666668,Long
17037,SC,SECUNDERABAD,BKN,BIKANER JN.,2120,2455.0,40.916666666666664,Long
17038,BKN,BIKANER JN.,SC,SECUNDERABAD,2121,2470.0,41.166666666666664,Long
17057,CSMT,CST-MUMBAI,SC,SECUNDERABAD,875,1040.0,17.333333333333332,Long
17058,SC,SECUNDERABAD,CSMT,CST-MUMBAI,875,1125.0,18.75,Long
17063,MMR,MANMAD JN.,SC,SECUNDERABAD,615,720.0,12.0,Long
17064,SC,SECUNDERABAD,MMR,MANMAD JN.,615,755.0,12.583333333333334,Long
17201,GNT,GUNTUR JN.,SC,SECUNDERABAD,391,465.0,7.75,Medium
17202,SC,SECUNDERABAD,GNT,GUNTUR JN.,390,495.0,8.25,Medium
17203,BVC,BHAVNAGAR TE,COA,KAKINADA POR,2051,2450.0,40.833333333333336,Long
17204,COA,KAKINADA POR,BVC,BHAVNAGAR TE,2053,2400.0,40.0,Long
17205,SNSI,SAI NAGAR SH,COA,KAKINADA POR,1346,1585.0,26.416666666666668,Long
17206,COA,KAKINADA POR,SNSI,SAI NAGAR SH,1347,1638.0,27.3,Long
17207,SNSI,SAI NAGAR SH,BZA,VIJAYWADA JN,1129,1325.0,22.083333333333332,Long
17208,BZA,VIJAYWADA JN,SNSI,SAI NAGAR SH,1130,1363.0,22.716666666666665,Long
17209,SBC,KRANTIVIRA S,CCT,KAKINADA TOW,962,1185.0,19.75,Long
17210,CCT,KAKINADA TOW,SBC,KRANTIVIRA S,962,1135.0,18.916666666666668,Long
17211,MTM,MACHILIPATNA,YPR,YESVANTPUR J,768,1110.0,18.5,Long
17212,YPR,YESVANTPUR J,MTM,MACHILIPATNA,768,1005.0,16.75,Long
17213,NS,NARASAPUR,NSL,NAGARSOL,1092,1325.0,22.083333333333332,Long
17214,NSL,NAGARSOL,NS,NARASAPUR,1092,1425.0,23.75,Long
17215,BZA,VIJAYWADA JN,DMM,DHARMAVARAM,619,830.0,13.833333333333334,Long
17216,DMM,DHARMAVARAM,BZA,VIJAYWADA JN,619,890.0,14.833333333333334,Long
17221,COA,KAKINADA POR,LTT,LOKMANYA TIL,1306,1580.0,26.333333333333332,Long
17222,LTT,LOKMANYA TIL,COA,KAKINADA POR,1306,1505.0,25.083333333333332,Long
17225,BZA,VIJAYWADA JN,UBL,HUBLI JN.,693,935.0,15.583333333333334,Long
17226,UBL,HUBLI JN.,BZA,VIJAYWADA JN,691,945.0,15.75,Long
17229,TVC,TRIVANDRUM C,HYB,HYDERABAD DE,1562,1780.0,29.666666666666668,Long
17230,HYB,HYDERABAD DE,TVC,TRIVANDRUM C,1563,1865.0,31.083333333333332,Long
17231,NS,NARASAPUR,NSL,NAGARSOL,1048,1415.0,23.583333333333332,Long
17232,NSL,NAGARSOL,NS,NARASAPUR,1048,1425.0,23.75,Long
17233,SC,SECUNDERABAD,BPQ,BALHARSHAH,375,575.0,9.583333333333334,Medium
17234,BPQ,BALHARSHAH,SC,SECUNDERABAD,374,515.0,8.583333333333334,Medium
17235,SBC,KRANTIVIRA S,NCJ,NAGERCOIL JN,669,875.0,14.583333333333334,Long
17236,NCJ,NAGERCOIL JN,SBC,KRANTIVIRA S,668,835.0,13.916666666666666,Long
17239,GNT,GUNTUR JN.,VSKP,VISAKHAPATNA,382,620.0,10.333333333333334,Medium
17240,VSKP,VISAKHAPATNA,GNT,GUNTUR JN.,383,490.0,8.166666666666666,Medium
17241,NS,NARASAPUR,NDD,NIDADAVOLU J,76,120.0,2.0,Short
17242,NDD,NIDADAVOLU J,NS,NARASAPUR,77,125.0,2.0833333333333335,Short
17255,NS,NARASAPUR,HYB,HYDERABAD DE,462,630.0,10.5,Medium
17256,HYB,HYDERABAD DE,NS,NARASAPUR,464,655.0,10.916666666666666,Medium
17301,MYS,MYSORE JN.,DWR,DHARWAD,493,570.0,9.5,Medium
17302,DWR,DHARWAD,MYS,MYSORE JN.,490,630.0,10.5,Medium
17305,UBL,HUBLI JN.,LD,LONDA JN.,90,125.0,2.0833333333333335,Short
17307,MYS,MYSORE JN.,BGK,BAGALKOT,993,1360.0,22.666666666666668,Long
17308,BGK,BAGALKOT,MYS,MYSORE JN.,994,1420.0,23.666666666666668,Long
17309,YPR,YESVANTPUR J,VSG,VASCO-DA-GAM,665,930.0,15.5,Long
17310,VSG,VASCO-DA-GAM,YPR,YESVANTPUR J,662,905.0,15.083333333333334,Long
17311,MAS,CHENNAI CENT,VSG,VASCO-DA-GAM,1029,1320.0,22.0,Long
17312,VSG,VASCO-DA-GAM,MAS,CHENNAI CENT,1027,1275.0,21.25,Long
17315,VSG,VASCO-DA-GAM,VLNK,VELANKANNI,1269,1645.0,27.416666666666668,Long
17316,VLNK,VELANKANNI,VSG,VASCO-DA-GAM,1273,1815.0,30.25,Long
17317,UBL,HUBLI JN.,LTT,LOKMANYA TIL,732,930.0,15.5,Long
17318,LTT,LOKMANYA TIL,UBL,HUBLI JN.,731,990.0,16.5,Long
17319,UBL,HUBLI JN.,SC,SECUNDERABAD,660,895.0,14.916666666666666,Long
17320,SC,SECUNDERABAD,UBL,HUBLI JN.,661,950.0,15.833333333333334,Long
17321,UBL,HUBLI JN.,LTT,LOKMANYA TIL,796,1105.0,18.416666666666668,Long
17322,LTT,LOKMANYA TIL,UBL,HUBLI JN.,797,1220.0,20.333333333333332,Long
17323,UBL,HUBLI JN.,BSB,VARANASI JN.,2037,2530.0,42.166666666666664,Long
17324,BSB,VARANASI JN.,UBL,HUBLI JN.,2037,2395.0,39.916666666666664,Long
17325,UBL,HUBLI JN.,MYS,MYSORE JN.,607,760.0,12.666666666666666,Long
17326,MYS,MYSORE JN.,UBL,HUBLI JN.,609,775.0,12.916666666666666,Long
17401,TPTY,TIRUPATI,MTM,MACHILIPATNA,466,610.0,10.166666666666666,Medium
17402,MTM,MACHILIPATNA,TPTY,TIRUPATI,466,575.0,9.583333333333334,Medium
17403,GDV,GUDIVADA JN.,NS,NARASAPUR,94,140.0,2.3333333333333335,Short
17404,NS,NARASAPUR,GDV,GUDIVADA JN.,94,165.0,2.75,Short
17405,TPTY,TIRUPATI,ADB,ADILABAD,1154,1490.0,24.833333333333332,Long
17406,ADB,ADILABAD,TPTY,TIRUPATI,1153,1480.0,24.666666666666668,Long
17407,TPTY,TIRUPATI,MQ,MANNARGUDI,462,640.0,10.666666666666666,Medium
17408,MQ,MANNARGUDI,TPTY,TIRUPATI,463,650.0,10.833333333333334,Medium
17409,ADB,ADILABAD,NED,NANDED,184,240.0,4.0,Medium
17410,NED,NANDED,ADB,ADILABAD,184,240.0,4.0,Medium
17411,CSMT,CST-MUMBAI,KOP,CHHATRAPATI,517,665.0,11.083333333333334,Long
17412,KOP,CHHATRAPATI,CSMT,CST-MUMBAI,517,655.0,10.916666666666666,Long
17413,TPTY,TIRUPATI,PDY,PONDICHERRY,302,405.0,6.75,Medium
17414,PDY,PONDICHERRY,TPTY,TIRUPATI,302,405.0,6.75,Medium
17415,TPTY,TIRUPATI,KOP,CHHATRAPATI,904,1175.0,19.583333333333332,Long
17416,KOP,CHHATRAPATI,TPTY,TIRUPATI,903,1225.0,20.416666666666668,Long
17417,TPTY,TIRUPATI,SNSI,SAI NAGAR SH,1419,1755.0,29.25,Long
17418,SNSI,SAI NAGAR SH,TPTY,TIRUPATI,1419,1685.0,28.083333333333332,Long
17419,TPTY,TIRUPATI,VSG,VASCO-DA-GAM,778,1120.0,18.666666666666668,Long
17420,VSG,VASCO-DA-GAM,TPTY,TIRUPATI,777,1130.0,18.833333333333332,Long
17479,PURI,PURI,TPTY,TIRUPATI,1231,1670.0,27.833333333333332,Long
17480,TPTY,TIRUPATI,PURI,PURI,1231,1685.0,28.083333333333332,Long
17481,BSP,BILASPUR JN.,TPTY,TIRUPATI,1402,1815.0,30.25,Long
17482,TPTY,TIRUPATI,BSP,BILASPUR JN.,1400,1865.0,31.083333333333332,Long
17487,TPTY,TIRUPATI,VSKP,VISAKHAPATNA,735,900.0,15.0,Long
17488,VSKP,VISAKHAPATNA,TPTY,TIRUPATI,736,920.0,15.333333333333334,Long
17603,KCG,KACHEGUDA,YPR,YESVANTPUR J,653,805.0,13.416666666666666,Long
17604,YPR,YESVANTPUR J,KCG,KACHEGUDA,652,810.0,13.5,Long
17605,MAQ,MANGALORE CE,KCG,KACHEGUDA,1522,1655.0,27.583333333333332,Long
17606,KCG,KACHEGUDA,MAQ,MANGALORE CE,1518,1770.0,29.5,Long
17609,PNBE,PATNA JN.,PAU,PURNA  JN.,1736,1920.0,32.0,Long
17610,PAU,PURNA  JN.,PNBE,PATNA JN.,1738,1940.0,32.333333333333336,Long
17613,PNVL,PANVEL,NED,NANDED,667,1045.0,17.416666666666668,Long
17614,NED,NANDED,PNVL,PANVEL,667,930.0,15.5,Long
17615,KCG,KACHEGUDA,MDU,MADURAI JN,1283,1470.0,24.5,Long
17616,MDU,MADURAI JN,KCG,KACHEGUDA,1286,1510.0,25.166666666666668,Long
17617,CSMT,CST-MUMBAI,NED,NANDED,604,705.0,11.75,Long
17618,NED,NANDED,CSMT,CST-MUMBAI,604,705.0,11.75,Long
17619,AWB,AURANGABAD,NED,NANDED,236,345.0,5.75,Medium
17620,NED,NANDED,AWB,AURANGABAD,236,330.0,5.5,Medium
17621,AWB,AURANGABAD,RU,RENIGUNTA JN,1148,1395.0,23.25,Long
17622,RU,RENIGUNTA JN,AWB,AURANGABAD,1148,1500.0,25.0,Long
17623,NED,NANDED,BKN,BIKANER JN.,1675,2070.0,34.5,Long
17624,BKN,BIKANER JN.,NED,NANDED,1677,2105.0,35.083333333333336,Long
17625,KCG,KACHEGUDA,RAL,REPALLE,347,480.0,8.0,Medium
17626,RAL,REPALLE,SC,SECUNDERABAD,341,565.0,9.416666666666666,Medium
17639,KCG,KACHEGUDA,AK,AKOLA JN.,513,680.0,11.333333333333334,Long
17640,AK,AKOLA JN.,KCG,KACHEGUDA,513,645.0,10.75,Long
17641,KCG,KACHEGUDA,NRKR,NARKHER,730,960.0,16.0,Long
17642,NRKR,NARKHER,KCG,KACHEGUDA,730,945.0,15.75,Long
17643,CGL,CHENGALPATTU,COA,KAKINADA POR,759,1090.0,18.166666666666668,Long
17644,COA,KAKINADA POR,CGL,CHENGALPATTU,760,1070.0,17.833333333333332,Long
17651,CGL,CHENGALPATTU,KCG,KACHEGUDA,825,980.0,16.333333333333332,Long
17652,KCG,KACHEGUDA,CGL,CHENGALPATTU,824,990.0,16.5,Long
17687,MMR,MANMAD JN.,DAB,DHARMABAD,416,545.0,9.083333333333334,Medium
17688,DAB,DHARMABAD,MMR,MANMAD JN.,419,560.0,9.333333333333334,Medium
18005,HWH,HOWRAH JN.,JDB,JAGADALPUR,1163,1515.0,25.25,Long
18006,JDB,JAGADALPUR,HWH,HOWRAH JN.,1164,1560.0,26.0,Long
18007,SHM,SHALIMAR,VZR,BHANJPUR,260,320.0,5.333333333333333,Medium
18008,VZR,BHANJPUR,SHM,SHALIMAR,259,380.0,6.333333333333333,Medium
18009,SRC,SANTRAGACHI,AII,AJMER JN.,2000,2430.0,40.5,Long
18010,AII,AJMER JN.,SRC,SANTRAGACHI,2002,2550.0,42.5,Long
18029,LTT,LOKMANYA TIL,SHM,SHALIMAR,1957,2300.0,38.333333333333336,Long
18030,SHM,SHALIMAR,LTT,LOKMANYA TIL,1955,2270.0,37.833333333333336,Long
18047,HWH,HOWRAH JN.,VSG,VASCO-DA-GAM,2128,2375.0,39.583333333333336,Long
18048,VSG,VASCO-DA-GAM,HWH,HOWRAH JN.,2125,2370.0,39.5,Long
18101,TATA,TATANAGAR JN,JAT,JAMMU TAWI,2017,2840.0,47.333333333333336,Long
18102,JAT,JAMMU TAWI,TATA,TATANAGAR JN,2017,2640.0,44.0,Long
18103,TATA,TATANAGAR JN,ASR,AMRITSAR JN.,1746,1995.0,33.25,Long
18104,ASR,AMRITSAR JN.,TATA,TATANAGAR JN,1747,1990.0,33.166666666666664,Long
18107,ROU,ROURKELA,KRPU,KORAPUT JN.,644,825.0,13.75,Long
18108,KRPU,KORAPUT JN.,ROU,ROURKELA,644,810.0,13.5,Long
18111,TATA,TATANAGAR JN,YPR,YESVANTPUR J,2434,2850.0,47.5,Long
18112,YPR,YESVANTPUR J,TATA,TATANAGAR JN,2421,2985.0,49.75,Long
18117,ROU,ROURKELA,GNPR,GUNUPUR,796,1015.0,16.916666666666668,Long
18118,GNPR,GUNUPUR,ROU,ROURKELA,796,1050.0,17.5,Long
18181,TATA,TATANAGAR JN,CPR,CHHAPRA JN.,629,1130.0,18.833333333333332,Long
18182,CPR,CHHAPRA JN.,TATA,TATANAGAR JN,629,1080.0,18.0,Long
18183,TATA,TATANAGAR JN,DNR,DANAPUR,507,690.0,11.5,Long
18184,DNR,DANAPUR,TATA,TATANAGAR JN,507,695.0,11.583333333333334,Long
18189,TATA,TATANAGAR JN,ROU,ROURKELA,159,170.0,2.8333333333333335,Medium
18190,ROU,ROURKELA,TATA,TATANAGAR JN,159,180.0,3.0,Medium
18191,CPR,CHHAPRA JN.,FBD,FARRUKHABAD,685,1100.0,18.333333333333332,Long
18192,FBD,FARRUKHABAD,CPR,CHHAPRA JN.,687,1145.0,19.083333333333332,Long
18201,DURG,DURG,NTV,NAUTANWA,1207,1615.0,26.916666666666668,Long
18202,NTV,NAUTANWA,DURG,DURG,1212,1625.0,27.083333333333332,Long
18203,DURG,DURG,CNB,KANPUR CENTR,879,1060.0,17.666666666666668,Long
18204,CNB,KANPUR CENTR,DURG,DURG,883,1130.0,18.833333333333332,Long
18205,DURG,DURG,NTV,NAUTANWA,1153,1615.0,26.916666666666668,Long
18206,NTV,NAUTANWA,DURG,DURG,1161,1760.0,29.333333333333332,Long
18207,DURG,DURG,AII,AJMER JN.,1396,1550.0,25.833333333333332,Long
18208,AII,AJMER JN.,DURG,DURG,1404,1605.0,26.75,Long
18211,DURG,DURG,JDB,JAGADALPUR,660,870.0,14.5,Long
18212,JDB,JAGADALPUR,DURG,DURG,665,1010.0,16.833333333333332,Long
18213,DURG,DURG,JP,JAIPUR JN.,1250,1400.0,23.333333333333332,Long
18214,JP,JAIPUR JN.,DURG,DURG,1258,1475.0,24.583333333333332,Long
18215,DURG,DURG,JAT,JAMMU TAWI,1906,2195.0,36.583333333333336,Long
18216,JAT,JAMMU TAWI,DURG,DURG,1916,2290.0,38.166666666666664,Long
18233,INDB,INDORE BG,BSP,BILASPUR JN.,1008,1440.0,24.0,Long
18234,BSP,BILASPUR JN.,INDB,INDORE BG,1009,1450.0,24.166666666666668,Long
18235,BPL,BHOPAL,BSP,BILASPUR JN.,720,1190.0,19.833333333333332,Long
18236,BSP,BILASPUR JN.,BPL,BHOPAL,721,1300.0,21.666666666666668,Long
18237,BSP,BILASPUR JN.,ASR,AMRITSAR JN.,1998,2515.0,41.916666666666664,Long
18238,ASR,AMRITSAR JN.,BSP,BILASPUR JN.,1990,2645.0,44.083333333333336,Long
18239,GAD,GEVRA-ROAD,NGP,NAGPUR JN.(C,520,695.0,11.583333333333334,Long
18240,NGP,NAGPUR JN.(C,BSP,BILASPUR JN.,406,445.0,7.416666666666667,Medium
18241,DURG,DURG,ABKP,AMBIKAPUR,463,670.0,11.166666666666666,Medium
18242,ABKP,AMBIKAPUR,DURG,DURG,471,700.0,11.666666666666666,Medium
18243,BSP,BILASPUR JN.,BGKT,BHAGAT-KI-KO,1818,2080.0,34.666666666666664,Long
18244,BGKT,BHAGAT-KI-KO,BSP,BILASPUR JN.,1808,2110.0,35.166666666666664,Long
18245,BSP,BILASPUR JN.,BKN,BIKANER JN.,1884,2125.0,35.416666666666664,Long
18246,BKN,BIKANER JN.,BSP,BILASPUR JN.,1874,2210.0,36.833333333333336,Long
18247,BSP,BILASPUR JN.,REWA,REWA,468,675.0,11.25,Medium
18248,REWA,REWA,BSP,BILASPUR JN.,465,700.0,11.666666666666666,Medium
18301,SBP,SAMBALPUR JN,RGDA,RAYAGADA JN.,321,395.0,6.583333333333333,Medium
18302,RGDA,RAYAGADA JN.,SBP,SAMBALPUR JN,321,365.0,6.083333333333333,Medium
18303,SBP,SAMBALPUR JN,PURI,PURI,340,395.0,6.583333333333333,Medium
18304,PURI,PURI,SBP,SAMBALPUR JN,340,405.0,6.75,Medium
18309,SBP,SAMBALPUR JN,MURI,MURI,378,540.0,9.0,Medium
18310,MURI,MURI,SBP,SAMBALPUR JN,381,575.0,9.583333333333334,Medium
18311,SBP,SAMBALPUR JN,BSB,VARANASI JN.,890,1185.0,19.75,Long
18312,BSB,VARANASI JN.,SBP,SAMBALPUR JN,893,1155.0,19.25,Long
18401,PURI,PURI,OKHA,OKHA,2779,3145.0,52.416666666666664,Long
18402,OKHA,OKHA,PURI,PURI,2775,2990.0,49.833333333333336,Long
18403,CKP,CHAKARADHARP,BBN,BARBIL,126,155.0,2.5833333333333335,Medium
18404,BBN,BARBIL,CKP,CHAKARADHARP,126,175.0,2.9166666666666665,Medium
18405,PURI,PURI,ADI,AHMEDABAD,2013,2225.0,37.083333333333336,Long
18406,ADI,AHMEDABAD,PURI,PURI,2005,2250.0,37.5,Long
18407,PURI,PURI,SNSI,SAI NAGAR SH,1697,1965.0,32.75,Long
18408,SNSI,SAI NAGAR SH,PURI,PURI,1691,1895.0,31.583333333333332,Long
18409,HWH,HOWRAH JN.,PURI,PURI,504,575.0,9.583333333333334,Long
18410,PURI,PURI,HWH,HOWRAH JN.,503,580.0,9.666666666666666,Long
18413,PRDP,PARADEEP,PURI,PURI,172,270.0,4.5,Medium
18414,PURI,PURI,PRDP,PARADEEP,172,225.0,3.75,Medium
18415,BBN,BARBIL,PURI,PURI,396,645.0,10.75,Medium
18416,PURI,PURI,BBN,BARBIL,396,625.0,10.416666666666666,Medium
18419,PURI,PURI,JYG,JAYNAGAR,998,1390.0,23.166666666666668,Long
18420,JYG,JAYNAGAR,PURI,PURI,998,1330.0,22.166666666666668,Long
18421,PURI,PURI,AII,AJMER JN.,2483,2785.0,46.416666666666664,Long
18422,AII,AJMER JN.,PURI,PURI,2479,2945.0,49.083333333333336,Long
18425,PURI,PURI,DURG,DURG,810,1030.0,17.166666666666668,Long
18426,DURG,DURG,PURI,PURI,803,1020.0,17.0,Long
18437,RGDA,RAYAGADA JN.,JNRD,JUNAGARH ROA,146,200.0,3.3333333333333335,Medium
18438,JNRD,JUNAGARH ROA,RGDA,RAYAGADA JN.,146,210.0,3.5,Medium
18447,BBS,BHUBANESWAR,JDB,JAGADALPUR,784,1060.0,17.666666666666668,Long
18448,JDB,JAGADALPUR,BBS,BHUBANESWAR,784,1080.0,18.0,Long
18449,PURI,PURI,PNBE,PATNA JN.,926,1175.0,19.583333333333332,Long
18450,PNBE,PATNA JN.,PURI,PURI,926,1095.0,18.25,Long
18451,HTE,HATIA,PURI,PURI,686,920.0,15.333333333333334,Long
18452,PURI,PURI,HTE,HATIA,686,905.0,15.083333333333334,Long
18463,BBS,BHUBANESWAR,SBC,KRANTIVIRA S,1546,1835.0,30.583333333333332,Long
18464,SBC,KRANTIVIRA S,BBS,BHUBANESWAR,1545,1850.0,30.833333333333332,Long
18477,PURI,PURI,HW,HARIDWAR JN,2347,2880.0,48.0,Long
18478,HW,HARIDWAR JN,PURI,PURI,2354,2900.0,48.333333333333336,Long
18495,RMM,RAMESWARAM,BBS,BHUBANESWAR,1884,2050.0,34.166666666666664,Long
18496,BBS,BHUBANESWAR,RMM,RAMESWARAM,1884,2100.0,35.0,Long
18501,VSKP,VISAKHAPATNA,GIMB,GANDHIDHAM J,2116,2365.0,39.416666666666664,Long
18502,GIMB,GANDHIDHAM J,VSKP,VISAKHAPATNA,2113,2390.0,39.833333333333336,Long
18503,VSKP,VISAKHAPATNA,SNSI,SAI NAGAR SH,1406,1635.0,27.25,Long
18504,SNSI,SAI NAGAR SH,VSKP,VISAKHAPATNA,1405,1615.0,26.916666666666668,Long
18507,VSKP,VISAKHAPATNA,ASR,AMRITSAR JN.,2552,2860.0,47.666666666666664,Long
18508,ASR,AMRITSAR JN.,VSKP,VISAKHAPATNA,2556,2885.0,48.083333333333336,Long
18511,KRPU,KORAPUT JN.,VSKP,VISAKHAPATNA,357,420.0,7.0,Medium
18512,VSKP,VISAKHAPATNA,KRPU,KORAPUT JN.,357,425.0,7.083333333333333,Medium
18517,KRBA,KORBA,VSKP,VISAKHAPATNA,726,900.0,15.0,Long
18518,VSKP,VISAKHAPATNA,KRBA,KORBA,727,905.0,15.083333333333334,Long
18519,VSKP,VISAKHAPATNA,LTT,LOKMANYA TIL,1512,1755.0,29.25,Long
18520,LTT,LOKMANYA TIL,VSKP,VISAKHAPATNA,1497,1700.0,28.333333333333332,Long
18567,VSKP,VISAKHAPATNA,QLN,QUILON,1572,1810.0,30.166666666666668,Long
18568,QLN,QUILON,VSKP,VISAKHAPATNA,1576,1695.0,28.25,Long
18573,VSKP,VISAKHAPATNA,BGKT,BHAGAT-KI-KO,2056,2435.0,40.583333333333336,Long
18574,BGKT,BHAGAT-KI-KO,VSKP,VISAKHAPATNA,2060,2515.0,41.916666666666664,Long
18605,RNC,RANCHI,JYG,JAYNAGAR,637,990.0,16.5,Long
18606,JYG,JAYNAGAR,RNC,RANCHI,640,1020.0,17.0,Long
18609,RNC,RANCHI,LTT,LOKMANYA TIL,2014,2340.0,39.0,Long
18610,LTT,LOKMANYA TIL,RNC,RANCHI,2018,2375.0,39.583333333333336,Long
18611,RNC,RANCHI,BSB,VARANASI JN.,574,765.0,12.75,Long
18612,BSB,VARANASI JN.,RNC,RANCHI,576,760.0,12.666666666666666,Long
18613,RNC,RANCHI,CPU,CHOPAN,480,600.0,10.0,Medium
18614,CPU,CHOPAN,RNC,RANCHI,482,685.0,11.416666666666666,Medium
18615,HWH,HOWRAH JN.,HTE,HATIA,430,555.0,9.25,Medium
18616,HTE,HATIA,HWH,HOWRAH JN.,426,565.0,9.416666666666666,Medium
18619,RNC,RANCHI,DUMK,DUMKA,400,590.0,9.833333333333334,Medium
18620,DUMK,DUMKA,RNC,RANCHI,402,590.0,9.833333333333334,Medium
18621,PNBE,PATNA JN.,HTE,HATIA,571,880.0,14.666666666666666,Long
18622,HTE,HATIA,PNBE,PATNA JN.,569,940.0,15.666666666666666,Long
18623,PNBE,PATNA JN.,HTE,HATIA,417,675.0,11.25,Medium
18624,HTE,HATIA,PNBE,PATNA JN.,414,685.0,11.416666666666666,Medium
18625,PNBE,PATNA JN.,HTE,HATIA,417,560.0,9.333333333333334,Medium
18626,HTE,HATIA,PNBE,PATNA JN.,414,570.0,9.5,Medium
18631,RNC,RANCHI,AII,AJMER JN.,1663,1990.0,33.166666666666664,Long
18632,AII,AJMER JN.,RNC,RANCHI,1665,1965.0,32.75,Long
18637,HTE,HATIA,BNC,BANGALORE CA,1884,2055.0,34.25,Long
18638,BNC,BANGALORE CA,HTE,HATIA,1884,2200.0,36.666666666666664,Long
18645,HWH,HOWRAH JN.,HYB,HYDERABAD DE,1602,1810.0,30.166666666666668,Long
18646,HYB,HYDERABAD DE,HWH,HOWRAH JN.,1602,1820.0,30.333333333333332,Long
18695,IPR,ISLAMPUR,PNBE,PATNA JN.,64,180.0,3.0,Short
18696,PNBE,PATNA JN.,IPR,ISLAMPUR,64,145.0,2.4166666666666665,Short
18697,PRNC,PURNEA COURT,PNBE,PATNA JN.,314,490.0,8.166666666666666,Medium
18698,PNBE,PATNA JN.,PRNC,PURNEA COURT,314,510.0,8.5,Medium
19015,BCT,MUMBAI CENTR,PBR,PORBANDAR,958,1275.0,21.25,Long
19016,PBR,PORBANDAR,BCT,MUMBAI CENTR,958,1330.0,22.166666666666668,Long
19019,BDTS,BANDRA TERMI,DDN,DEHRA DUN,1676,2490.0,41.5,Long
19020,DDN,DEHRA DUN,BDTS,BANDRA TERMI,1678,2540.0,42.333333333333336,Long
19021,BDTS,BANDRA TERMI,LJN,LUCKNOW JN.,1681,1810.0,30.166666666666668,Long
19022,LJN,LUCKNOW JN.,BDTS,BANDRA TERMI,1681,1910.0,31.833333333333332,Long
19023,BCT,MUMBAI CENTR,FZR,FIROZPUR CAN,1759,2330.0,38.833333333333336,Long
19024,FZR,FIROZPUR CAN,BCT,MUMBAI CENTR,1762,2315.0,38.583333333333336,Long
19025,ST,SURAT,AMI,AMRAVATI,567,690.0,11.5,Long
19026,AMI,AMRAVATI,ST,SURAT,567,720.0,12.0,Long
19027,BDTS,BANDRA TERMI,JAT,JAMMU TAWI,1878,2230.0,37.166666666666664,Long
19028,JAT,JAMMU TAWI,BDTS,BANDRA TERMI,1879,2215.0,36.916666666666664,Long
19031,ADI,AHMEDABAD,HW,HARIDWAR JN,1200,1575.0,26.25,Long
19032,HW,HARIDWAR JN,ADI,AHMEDABAD,1203,1550.0,25.833333333333332,Long
19033,BL,VALSAD,ADI,AHMEDABAD,297,380.0,6.333333333333333,Medium
19034,ADI,AHMEDABAD,BL,VALSAD,297,375.0,6.25,Medium
19035,BRC,VADODARA JN.,ADI,AHMEDABAD,99,135.0,2.25,Short
19036,ADI,AHMEDABAD,BRC,VADODARA JN.,99,160.0,2.6666666666666665,Short
19037,BDTS,BANDRA TERMI,GKP,GORAKHPUR JN,1832,2345.0,39.083333333333336,Long
19038,GKP,GORAKHPUR JN,BDTS,BANDRA TERMI,1831,2355.0,39.25,Long
19039,BDTS,BANDRA TERMI,MFP,MUZAFFARPUR,2142,2830.0,47.166666666666664,Long
19040,MFP,MUZAFFARPUR,BDTS,BANDRA TERMI,2140,2795.0,46.583333333333336,Long
19041,BDTS,BANDRA TERMI,GCT,GHAZIPUR CIT,1909,2105.0,35.083333333333336,Long
19042,GCT,GHAZIPUR CIT,BDTS,BANDRA TERMI,1910,2180.0,36.333333333333336,Long
19045,ST,SURAT,CPR,CHHAPRA JN.,1732,1965.0,32.75,Long
19046,CPR,CHHAPRA JN.,ST,SURAT,1730,2020.0,33.666666666666664,Long
19051,BL,VALSAD,MFP,MUZAFFARPUR,1786,2100.0,35.0,Long
19052,MFP,MUZAFFARPUR,BL,VALSAD,1785,2005.0,33.416666666666664,Long
19053,ST,SURAT,MFP,MUZAFFARPUR,2121,2780.0,46.333333333333336,Long
19054,MFP,MUZAFFARPUR,ST,SURAT,2120,2730.0,45.5,Long
19055,BL,VALSAD,JU,JODHPUR JN.,750,975.0,16.25,Long
19056,JU,JODHPUR JN.,BL,VALSAD,751,935.0,15.583333333333334,Long
19057,UDN,UDHNA JN.,BSB,VARANASI JN.,1403,1625.0,27.083333333333332,Long
19058,BSB,VARANASI JN.,UDN,UDHNA JN.,1402,1755.0,29.25,Long
19061,BDTS,BANDRA TERMI,RMR,RAMNAGAR,1635,1785.0,29.75,Long
19062,RMR,RAMNAGAR,BDTS,BANDRA TERMI,1636,1805.0,30.083333333333332,Long
19063,UDN,UDHNA JN.,DNR,DANAPUR,1596,1815.0,30.25,Long
19064,DNR,DANAPUR,UDN,UDHNA JN.,1595,1845.0,30.75,Long
19107,ADI,AHMEDABAD,UHP,UDHAMPUR,1537,1865.0,31.083333333333332,Long
19108,UHP,UDHAMPUR,ADI,AHMEDABAD,1539,2050.0,34.166666666666664,Long
19115,DDR,DADAR,BHUJ,NEW BHUJ,843,960.0,16.0,Long
19116,BHUJ,NEW BHUJ,DDR,DADAR,843,920.0,15.333333333333334,Long
19119,ADI,AHMEDABAD,SMNH,SOMNATH,435,560.0,9.333333333333334,Medium
19120,SMNH,SOMNATH,ADI,AHMEDABAD,435,570.0,9.5,Medium
19151,PNU,PALANPUR JN,GIMB,GANDHIDHAM J,300,360.0,6.0,Medium
19152,GIMB,GANDHIDHAM J,PNU,PALANPUR JN,300,355.0,5.916666666666667,Medium
19165,ADI,AHMEDABAD,DBG,DARBHANGA JN,1945,2775.0,46.25,Long
19166,DBG,DARBHANGA JN,ADI,AHMEDABAD,1945,2830.0,47.166666666666664,Long
19167,ADI,AHMEDABAD,BSB,VARANASI JN.,1600,2195.0,36.583333333333336,Long
19168,BSB,VARANASI JN.,ADI,AHMEDABAD,1601,2235.0,37.25,Long
19201,SC,SECUNDERABAD,PBR,PORBANDAR,1690,1975.0,32.916666666666664,Long
19202,PBR,PORBANDAR,SC,SECUNDERABAD,1689,2030.0,33.833333333333336,Long
19215,BCT,MUMBAI CENTR,PBR,PORBANDAR,958,1275.0,21.25,Long
19217,BDTS,BANDRA TERMI,JAM,JAMNAGAR,807,940.0,15.666666666666666,Long
19218,JAM,JAMNAGAR,BDTS,BANDRA TERMI,807,945.0,15.75,Long
19223,ADI,AHMEDABAD,JAT,JAMMU TAWI,1474,1935.0,32.25,Long
19224,JAT,JAMMU TAWI,ADI,AHMEDABAD,1476,1870.0,31.166666666666668,Long
19225,BTI,BATHINDA JN,JAT,JAMMU TAWI,489,715.0,11.916666666666666,Medium
19226,JAT,JAMMU TAWI,BTI,BATHINDA JN,489,735.0,12.25,Medium
19251,SMNH,SOMNATH,OKHA,OKHA,438,590.0,9.833333333333334,Medium
19252,OKHA,OKHA,SMNH,SOMNATH,438,565.0,9.416666666666666,Medium
19259,KCVL,KOCHUVELI,BVC,BHAVNAGAR TE,2274,2730.0,45.5,Long
19260,BVC,BHAVNAGAR TE,KCVL,KOCHUVELI,2270,2615.0,43.583333333333336,Long
19261,KCVL,KOCHUVELI,PBR,PORBANDAR,2427,2730.0,45.5,Long
19262,PBR,PORBANDAR,KCVL,KOCHUVELI,2423,2675.0,44.583333333333336,Long
19263,PBR,PORBANDAR,DEE,DELHI-SARAI,1394,1705.0,28.416666666666668,Long
19264,DEE,DELHI-SARAI,PBR,PORBANDAR,1396,1715.0,28.583333333333332,Long
19269,PBR,PORBANDAR,MFP,MUZAFFARPUR,2465,3055.0,50.916666666666664,Long
19270,MFP,MUZAFFARPUR,PBR,PORBANDAR,2465,3005.0,50.083333333333336,Long
19301,INDB,INDORE BG,YPR,YESVANTPUR J,1895,2290.0,38.166666666666664,Long
19302,YPR,YESVANTPUR J,INDB,INDORE BG,1895,2515.0,41.916666666666664,Long
19303,INDB,INDORE BG,BPL,BHOPAL,262,335.0,5.583333333333333,Medium
19304,BPL,BHOPAL,INDB,INDORE BG,262,340.0,5.666666666666667,Medium
19307,INDB,INDORE BG,CDG,CHANDIGARH,1100,1510.0,25.166666666666668,Long
19308,CDG,CHANDIGARH,INDB,INDORE BG,1102,1345.0,22.416666666666668,Long
19309,GNC,GANDHINAGAR,INDB,INDORE BG,563,725.0,12.083333333333334,Long
19310,INDB,INDORE BG,GNC,GANDHINAGAR,564,675.0,11.25,Long
19311,PUNE,PUNE JN.,INDB,INDORE BG,969,1075.0,17.916666666666668,Long
19312,INDB,INDORE BG,PUNE,PUNE JN.,970,1175.0,19.583333333333332,Long
19313,INDB,INDORE BG,RJPB,RAJENDRANAGA,1347,1640.0,27.333333333333332,Long
19314,RJPB,RAJENDRANAGA,INDB,INDORE BG,1347,1675.0,27.916666666666668,Long
19321,INDB,INDORE BG,RJPB,RAJENDRANAGA,1394,1640.0,27.333333333333332,Long
19322,RJPB,RAJENDRANAGA,INDB,INDORE BG,1395,1675.0,27.916666666666668,Long
19323,INDB,INDORE BG,BPL,BHOPAL,217,245.0,4.083333333333333,Medium
19324,BPL,BHOPAL,INDB,INDORE BG,217,260.0,4.333333333333333,Medium
19325,INDB,INDORE BG,ASR,AMRITSAR JN.,1323,1745.0,29.083333333333332,Long
19326,ASR,AMRITSAR JN.,INDB,INDORE BG,1326,1635.0,27.25,Long
19327,RTM,RATLAM JN,UDZ,UDAIPUR CITY,302,434.0,7.233333333333333,Medium
19328,UDZ,UDAIPUR CITY,RTM,RATLAM JN,302,405.0,6.75,Medium
19329,INDB,INDORE BG,UDZ,UDAIPUR CITY,481,705.0,11.75,Medium
19330,UDZ,UDAIPUR CITY,INDB,INDORE BG,481,745.0,12.416666666666666,Medium
19331,KCVL,KOCHUVELI,INDB,INDORE BG,2300,2535.0,42.25,Long
19332,INDB,INDORE BG,KCVL,KOCHUVELI,2296,2725.0,45.416666666666664,Long
19401,ADI,AHMEDABAD,LKO,LUCKNOW JN.,1298,1610.0,26.833333333333332,Long
19402,LKO,LUCKNOW JN.,ADI,AHMEDABAD,1300,1675.0,27.916666666666668,Long
19403,ADI,AHMEDABAD,SLN,SULTANPUR JN,1550,1800.0,30.0,Long
19404,SLN,SULTANPUR JN,ADI,AHMEDABAD,1552,1805.0,30.083333333333332,Long
19407,ADI,AHMEDABAD,BSB,VARANASI JN.,1693,1960.0,32.666666666666664,Long
19408,BSB,VARANASI JN.,ADI,AHMEDABAD,1696,1940.0,32.333333333333336,Long
19409,ADI,AHMEDABAD,GKP,GORAKHPUR JN,1569,1910.0,31.833333333333332,Long
19410,GKP,GORAKHPUR JN,ADI,AHMEDABAD,1569,1965.0,32.75,Long
19411,ADI,AHMEDABAD,AII,AJMER JN.,489,580.0,9.666666666666666,Medium
19412,AII,AJMER JN.,ADI,AHMEDABAD,491,550.0,9.166666666666666,Medium
19413,ADI,AHMEDABAD,KOAA,KOLKATA,2617,3430.0,57.166666666666664,Long
19414,KOAA,KOLKATA,ADI,AHMEDABAD,2618,3245.0,54.083333333333336,Long
19415,ADI,AHMEDABAD,SVDK,SHRI MATA VA,1716,2145.0,35.75,Long
19416,SVDK,SHRI MATA VA,ADI,AHMEDABAD,1718,2255.0,37.583333333333336,Long
19419,MAS,CHENNAI CENT,ADI,AHMEDABAD,1721,2025.0,33.75,Long
19420,ADI,AHMEDABAD,MAS,CHENNAI CENT,1719,1890.0,31.5,Long
19421,ADI,AHMEDABAD,PNBE,PATNA JN.,1666,2040.0,34.0,Long
19422,PNBE,PATNA JN.,ADI,AHMEDABAD,1669,2170.0,36.166666666666664,Long
19565,OKHA,OKHA,DDN,DEHRA DUN,1662,2110.0,35.166666666666664,Long
19566,DDN,DEHRA DUN,OKHA,OKHA,1664,2060.0,34.333333333333336,Long
19567,TN,TUTICORIN,OKHA,OKHA,2730,3095.0,51.583333333333336,Long
19568,OKHA,OKHA,TN,TUTICORIN,2730,3315.0,55.25,Long
19571,RJT,RAJKOT,PBR,PORBANDAR,201,280.0,4.666666666666667,Medium
19572,PBR,PORBANDAR,RJT,RAJKOT,201,255.0,4.25,Medium
19573,OKHA,OKHA,JP,JAIPUR JN.,1049,1195.0,19.916666666666668,Long
19574,JP,JAIPUR JN.,OKHA,OKHA,1051,1270.0,21.166666666666668,Long
19575,OKHA,OKHA,NDT,NATHDWARA,1126,1340.0,22.333333333333332,Long
19576,NDT,NATHDWARA,OKHA,OKHA,1126,1390.0,23.166666666666668,Long
19577,TEN,TIRUNELVELI,JAM,JAMNAGAR,2438,2730.0,45.5,Long
19578,JAM,JAMNAGAR,TEN,TIRUNELVELI,2434,2960.0,49.333333333333336,Long
19579,RJT,RAJKOT,DEE,DELHI-SARAI,1102,1305.0,21.75,Long
19580,DEE,DELHI-SARAI,RJT,RAJKOT,1105,1290.0,21.5,Long
19601,UDZ,UDAIPUR CITY,NJP,NEW JALPAIGU,2235,2535.0,42.25,Long
19602,NJP,NEW JALPAIGU,UDZ,UDAIPUR CITY,2232,2620.0,43.666666666666664,Long
19607,KOAA,KOLKATA,MDJN,MADAR JN,2000,2535.0,42.25,Long
19608,MDJN,MADAR JN,KOAA,KOLKATA,2004,2765.0,46.083333333333336,Long
19609,UDZ,UDAIPUR CITY,HW,HARIDWAR JN,968,1280.0,21.333333333333332,Long
19611,AII,AJMER JN.,ASR,AMRITSAR JN.,1006,1250.0,20.833333333333332,Long
19612,ASR,AMRITSAR JN.,AII,AJMER JN.,1006,1170.0,19.5,Long
19613,AII,AJMER JN.,ASR,AMRITSAR JN.,847,1010.0,16.833333333333332,Long
19614,ASR,AMRITSAR JN.,AII,AJMER JN.,847,970.0,16.166666666666668,Long
19659,SHM,SHALIMAR,UDZ,UDAIPUR CITY,1880,2193.0,36.55,Long
19660,UDZ,UDAIPUR CITY,SHM,SHALIMAR,1883,2275.0,37.916666666666664,Long
19665,KURJ,KHAJAURAHO,UDZ,UDAIPUR CITY,1080,1270.0,21.166666666666668,Long
19666,UDZ,UDAIPUR CITY,KURJ,KHAJAURAHO,1080,1290.0,21.5,Long
19707,BDTS,BANDRA TERMI,JP,JAIPUR JN.,1103,1320.0,22.0,Long
19708,JP,JAIPUR JN.,BDTS,BANDRA TERMI,1106,1315.0,21.916666666666668,Long
19709,JP,JAIPUR JN.,KYQ,KAMAKHYA JN,2213,2905.0,48.416666666666664,Long
19710,KYQ,KAMAKHYA JN,JP,JAIPUR JN.,2210,2845.0,47.416666666666664,Long
19711,JP,JAIPUR JN.,BPL,BHOPAL,792,1035.0,17.25,Long
19712,BPL,BHOPAL,JP,JAIPUR JN.,792,995.0,16.583333333333332,Long
19713,JP,JAIPUR JN.,SC,SECUNDERABAD,1726,2065.0,34.416666666666664,Long
19714,SC,SECUNDERABAD,JP,JAIPUR JN.,1726,1975.0,32.916666666666664,Long
19715,JP,JAIPUR JN.,LJN,LUCKNOW JN.,675,805.0,13.416666666666666,Long
19716,LJN,LUCKNOW JN.,JP,JAIPUR JN.,674,815.0,13.583333333333334,Long
19717,JP,JAIPUR JN.,CDG,CHANDIGARH,569,735.0,12.25,Long
19718,CDG,CHANDIGARH,JP,JAIPUR JN.,569,725.0,12.083333333333334,Long
19803,KOTA,KOTA,SVDK,SHRI MATA VA,1125,1490.0,24.833333333333332,Long
19804,SVDK,SHRI MATA VA,KOTA,KOTA,1127,1555.0,25.916666666666668,Long
19805,KOTA,KOTA,UHP,UDHAMPUR,1084,1305.0,21.75,Long
19806,UHP,UDHAMPUR,KOTA,KOTA,1086,1235.0,20.583333333333332,Long
19807,KOTA,KOTA,JP,JAIPUR JN.,238,280.0,4.666666666666667,Medium
19808,JP,JAIPUR JN.,KOTA,KOTA,239,290.0,4.833333333333333,Medium
20501,AGTL,AGARTALA,ANVT,ANAND VIHAR,2412,2450.0,40.833333333333336,Long
20502,ANVT,ANAND VIHAR,AGTL,AGARTALA,2413,2500.0,41.666666666666664,Long
20601,MAS,CHENNAI CENT,MDU,MADURAI JN,558,530.0,8.833333333333334,Long
20602,MDU,MADURAI JN,MAS,CHENNAI CENT,554,535.0,8.916666666666666,Long
20651,SBC,KRANTIVIRA S,SMET,SHIMOGA TOWN,273,295.0,4.916666666666667,Medium
20652,SMET,SHIMOGA TOWN,SBC,KRANTIVIRA S,273,295.0,4.916666666666667,Medium
20809,SBP,SAMBALPUR JN,NED,NANDED,1486,1625.0,27.083333333333332,Long
20810,NED,NANDED,SBP,SAMBALPUR JN,1484,1615.0,26.916666666666668,Long
20811,VSKP,VISAKHAPATNA,NED,NANDED,981,1055.0,17.583333333333332,Long
20812,NED,NANDED,VSKP,VISAKHAPATNA,978,1060.0,17.666666666666668,Long
20813,PURI,PURI,JU,JODHPUR JN.,2433,2640.0,44.0,Long
20814,JU,JODHPUR JN.,PURI,PURI,2426,2640.0,44.0,Long
20815,TATA,TATANAGAR JN,VSKP,VISAKHAPATNA,862,930.0,15.5,Long
20816,VSKP,VISAKHAPATNA,TATA,TATANAGAR JN,862,940.0,15.666666666666666,Long
20817,BBS,BHUBANESWAR,NDLS,NEW DELHI,1893,1650.0,27.5,Long
20818,NDLS,NEW DELHI,BBS,BHUBANESWAR,1894,1650.0,27.5,Long
20889,HWH,HOWRAH JN.,BZA,VIJAYWADA JN,1234,1145.0,19.083333333333332,Long
20890,BZA,VIJAYWADA JN,HWH,HOWRAH JN.,1233,1165.0,19.416666666666668,Long
20901,COR,CHITTAURGARH,AII,AJMER JN.,185,215.0,3.5833333333333335,Medium
20902,AII,AJMER JN.,COR,CHITTAURGARH,185,190.0,3.1666666666666665,Medium
20903,BRC,VADODARA JN.,BSB,VARANASI JN.,1536,1600.0,26.666666666666668,Long
20904,BSB,VARANASI JN.,BRC,VADODARA JN.,1535,1650.0,27.5,Long
21067,PBH,PARTAPGARH J,RBL,RAE BARELI J,95,119.0,1.9833333333333334,Short
21068,RBL,RAE BARELI J,PBH,PARTAPGARH J,95,100.0,1.6666666666666667,Short
21107,KURJ,KHAJAURAHO,MBA,MAHOBA,63,60.0,1.0,Short
21108,MBA,MAHOBA,KURJ,KHAJAURAHO,63,70.0,1.1666666666666667,Short
21125,INDB,INDORE BG,BIX,BHIND,643,825.0,13.75,Long
21126,BIX,BHIND,INDB,INDORE BG,643,885.0,14.75,Long
22101,CSMT,CST-MUMBAI,MMR,MANMAD JN.,260,280.0,4.666666666666667,Medium
22102,MMR,MANMAD JN.,CSMT,CST-MUMBAI,260,282.0,4.7,Medium
22103,LTT,LOKMANYA TIL,FD,FAIZABAD JN.,1600,1640.0,27.333333333333332,Long
22104,FD,FAIZABAD JN.,LTT,LOKMANYA TIL,1599,1745.0,29.083333333333332,Long
22105,CSMT,CST-MUMBAI,PUNE,PUNE JN.,191,205.0,3.4166666666666665,Medium
22106,PUNE,PUNE JN.,CSMT,CST-MUMBAI,191,205.0,3.4166666666666665,Medium
22109,LTT,LOKMANYA TIL,NZM,HAZRAT NIZAM,1501,1195.0,19.916666666666668,Long
22110,NZM,HAZRAT NIZAM,LTT,LOKMANYA TIL,1504,1200.0,20.0,Long
22111,BSL,BHUSAVAL JN.,NGP,NAGPUR JN.(C,603,635.0,10.583333333333334,Long
22112,NGP,NAGPUR JN.(C,BSL,BHUSAVAL JN.,604,625.0,10.416666666666666,Long
22113,LTT,LOKMANYA TIL,KCVL,KOCHUVELI,1513,1650.0,27.5,Long
22114,KCVL,KOCHUVELI,LTT,LOKMANYA TIL,1517,1655.0,27.583333333333332,Long
22115,LTT,LOKMANYA TIL,KRMI,KARMALI,545,590.0,9.833333333333334,Long
22116,KRMI,KARMALI,LTT,LOKMANYA TIL,547,595.0,9.916666666666666,Long
22117,PUNE,PUNE JN.,AMI,AMRAVATI,730,720.0,12.0,Long
22118,AMI,AMRAVATI,PUNE,PUNE JN.,730,785.0,13.083333333333334,Long
22119,CSMT,CST-MUMBAI,KRMI,KARMALI,561,500.0,8.333333333333334,Long
22120,KRMI,KARMALI,CSMT,CST-MUMBAI,563,510.0,8.5,Long
22121,LTT,LOKMANYA TIL,LKO,LUCKNOW JN.,1411,1405.0,23.416666666666668,Long
22122,LKO,LUCKNOW JN.,LTT,LOKMANYA TIL,1411,1510.0,25.166666666666668,Long
22123,PUNE,PUNE JN.,AJNI,AJNI,892,840.0,14.0,Long
22124,AJNI,AJNI,PUNE,PUNE JN.,892,955.0,15.916666666666666,Long
22125,NGP,NAGPUR JN.(C,ASR,AMRITSAR JN.,1518,1635.0,27.25,Long
22126,ASR,AMRITSAR JN.,NGP,NAGPUR JN.(C,1521,1455.0,24.25,Long
22127,LTT,LOKMANYA TIL,KZJ,KAZIPET JN.,1122,1155.0,19.25,Long
22128,KZJ,KAZIPET JN.,LTT,LOKMANYA TIL,1123,1155.0,19.25,Long
22131,PUNE,PUNE JN.,MUV,MANDUADIH,1543,1625.0,27.083333333333332,Long
22132,MUV,MANDUADIH,PUNE,PUNE JN.,1543,1670.0,27.833333333333332,Long
22133,SUR,SOLAPUR,YPR,YESVANTPUR J,644,710.0,11.833333333333334,Long
22134,YPR,YESVANTPUR J,SUR,SOLAPUR,644,710.0,11.833333333333334,Long
22135,NGP,NAGPUR JN.(C,REWA,REWA,780,750.0,12.5,Long
22136,REWA,REWA,NGP,NAGPUR JN.(C,780,845.0,14.083333333333334,Long
22137,NGP,NAGPUR JN.(C,ADI,AHMEDABAD,961,1015.0,16.916666666666668,Long
22138,ADI,AHMEDABAD,NGP,NAGPUR JN.(C,961,1035.0,17.25,Long
22140,SUR,SOLAPUR,CSMT,CST-MUMBAI,457,480.0,8.0,Medium
22143,CSMT,CST-MUMBAI,BIDR,BIDAR,667,735.0,12.25,Long
22144,BIDR,BIDAR,CSMT,CST-MUMBAI,667,725.0,12.083333333333334,Long
22145,PVR,PANDHARPUR,MRJ,MIRAJ JN.,136,149.0,2.4833333333333334,Medium
22146,MRJ,MIRAJ JN.,PVR,PANDHARPUR,136,149.0,2.4833333333333334,Medium
22147,DR,DADAR,SNSI,SAI NAGAR SH,330,360.0,6.0,Medium
22148,SNSI,SAI NAGAR SH,DR,DADAR,330,360.0,6.0,Medium
22149,ERS,ERNAKULAM. J,PUNE,PUNE JN.,1371,1475.0,24.583333333333332,Long
22150,PUNE,PUNE JN.,ERS,ERNAKULAM. J,1366,1445.0,24.083333333333332,Long
22151,PUNE,PUNE JN.,KZJ,KAZIPET JN.,1191,1250.0,20.833333333333332,Long
22152,KZJ,KAZIPET JN.,PUNE,PUNE JN.,1193,1295.0,21.583333333333332,Long
22161,BPL,BHOPAL,DMO,DAMOH,290,290.0,4.833333333333333,Medium
22162,DMO,DAMOH,BPL,BHOPAL,292,305.0,5.083333333333333,Medium
22163,BPL,BHOPAL,KURJ,KHAJAURAHO,367,400.0,6.666666666666667,Medium
22164,KURJ,KHAJAURAHO,BPL,BHOPAL,367,400.0,6.666666666666667,Medium
22165,BPL,BHOPAL,SGRL,SINGRAULI,656,705.0,11.75,Long
22166,SGRL,SINGRAULI,BPL,BHOPAL,655,720.0,12.0,Long
22168,NZM,HAZRAT NIZAM,SGRL,SINGRAULI,1050,1115.0,18.583333333333332,Long
22181,JBP,JABALPUR,NZM,HAZRAT NIZAM,883,855.0,14.25,Long
22182,NZM,HAZRAT NIZAM,JBP,JABALPUR,886,870.0,14.5,Long
22187,HBJ,HABIBGANJ,JBP,JABALPUR,330,330.0,5.5,Medium
22188,JBP,JABALPUR,HBJ,HABIBGANJ,330,365.0,6.083333333333333,Medium
22189,JBP,JABALPUR,REWA,REWA,238,255.0,4.25,Medium
22190,REWA,REWA,JBP,JABALPUR,238,255.0,4.25,Medium
22191,INDB,INDORE BG,JBP,JABALPUR,554,600.0,10.0,Long
22192,JBP,JABALPUR,INDB,INDORE BG,554,600.0,10.0,Long
22201,SDAH,SEALDAH,PURI,PURI,527,475.0,7.916666666666667,Long
22202,PURI,PURI,SDAH,SEALDAH,526,495.0,8.25,Long
22203,VSKP,VISAKHAPATNA,SC,SECUNDERABAD,708,630.0,10.5,Long
22204,SC,SECUNDERABAD,VSKP,VISAKHAPATNA,708,615.0,10.25,Long
22205,MAS,CHENNAI CENT,MDU,MADURAI JN,553,520.0,8.666666666666666,Long
22206,MDU,MADURAI JN,MAS,CHENNAI CENT,555,515.0,8.583333333333334,Long
22207,MAS,CHENNAI CENT,TVC,TRIVANDRUM C,901,860.0,14.333333333333334,Long
22208,TVC,TRIVANDRUM C,MAS,CHENNAI CENT,904,870.0,14.5,Long
22209,BCT,MUMBAI CENTR,NDLS,NEW DELHI,1373,1035.0,17.25,Long
22210,NDLS,NEW DELHI,BCT,MUMBAI CENTR,1376,1010.0,16.833333333333332,Long
22213,SHM,SHALIMAR,PNBE,PATNA JN.,538,515.0,8.583333333333334,Long
22214,PNBE,PATNA JN.,SHM,SHALIMAR,539,535.0,8.916666666666666,Long
22307,MTD,MERTA ROAD J,BKN,BIKANER JN.,172,225.0,3.75,Medium
22308,BKN,BIKANER JN.,MTD,MERTA ROAD J,173,170.0,2.8333333333333335,Medium
22309,HWH,HOWRAH JN.,NJP,NEW JALPAIGU,560,595.0,9.916666666666666,Long
22310,NJP,NEW JALPAIGU,HWH,HOWRAH JN.,560,615.0,10.25,Long
22321,HWH,HOWRAH JN.,SURI,SIURI,239,260.0,4.333333333333333,Medium
22322,SURI,SIURI,HWH,HOWRAH JN.,240,260.0,4.333333333333333,Medium
22323,KOAA,KOLKATA,GCT,GHAZIPUR CIT,757,820.0,13.666666666666666,Long
22324,GCT,GHAZIPUR CIT,KOAA,KOLKATA,758,825.0,13.75,Long
22351,PPTA,PATLIPUTRA,YPR,YESVANTPUR J,2706,2920.0,48.666666666666664,Long
22352,YPR,YESVANTPUR J,PPTA,PATLIPUTRA,2712,2885.0,48.083333333333336,Long
22356,CDG,CHANDIGARH,PPTA,PATLIPUTRA,1142,1270.0,21.166666666666668,Long
22387,HWH,HOWRAH JN.,DHN,DHANBAD JN.,269,295.0,4.916666666666667,Medium
22388,DHN,DHANBAD JN.,HWH,HOWRAH JN.,270,295.0,4.916666666666667,Medium
22401,DEE,DELHI-SARAI,UHP,UDHAMPUR,630,640.0,10.666666666666666,Long
22402,UHP,UDHAMPUR,DEE,DELHI-SARAI,630,620.0,10.333333333333334,Long
22403,PDY,PONDICHERRY,NDLS,NEW DELHI,2364,2455.0,40.916666666666664,Long
22404,NDLS,NEW DELHI,PDY,PONDICHERRY,2363,2530.0,42.166666666666664,Long
22405,BGP,BHAGALPUR,ANVT,ANAND VIHAR,1193,1130.0,18.833333333333332,Long
22406,ANVT,ANAND VIHAR,BGP,BHAGALPUR,1193,1070.0,17.833333333333332,Long
22407,BSB,VARANASI JN.,ANVT,ANAND VIHAR,780,885.0,14.75,Long
22408,ANVT,ANAND VIHAR,BSB,VARANASI JN.,780,830.0,13.833333333333334,Long
22409,GAYA,GAYA JN.,ANVT,ANAND VIHAR,968,980.0,16.333333333333332,Long
22410,ANVT,ANAND VIHAR,GAYA,GAYA JN.,968,880.0,14.666666666666666,Long
22411,NHLN,NAHARLAGUN,NDLS,NEW DELHI,2127,2285.0,38.083333333333336,Long
22412,NDLS,NEW DELHI,NHLN,NAHARLAGUN,2130,2285.0,38.083333333333336,Long
22413,MAO,MADGOAN JN.,NZM,HAZRAT NIZAM,1908,1600.0,26.666666666666668,Long
22414,NZM,HAZRAT NIZAM,MAO,MADGOAN JN.,1907,1555.0,25.916666666666668,Long
22415,VSKP,VISAKHAPATNA,NDLS,NEW DELHI,2083,2070.0,34.5,Long
22416,NDLS,NEW DELHI,VSKP,VISAKHAPATNA,2083,2125.0,35.416666666666664,Long
22417,BSB,VARANASI JN.,NDLS,NEW DELHI,768,810.0,13.5,Long
22418,NDLS,NEW DELHI,BSB,VARANASI JN.,768,830.0,13.833333333333334,Long
22419,GCT,GHAZIPUR CIT,ANVT,ANAND VIHAR,809,890.0,14.833333333333334,Long
22420,ANVT,ANAND VIHAR,GCT,GHAZIPUR CIT,809,885.0,14.75,Long
22421,DEE,DELHI-SARAI,BGKT,BHAGAT-KI-KO,623,675.0,11.25,Long
22422,BGKT,BHAGAT-KI-KO,DEE,DELHI-SARAI,624,675.0,11.25,Long
22423,GKP,GORAKHPUR JN,ASR,AMRITSAR JN.,1086,1185.0,19.75,Long
22424,ASR,AMRITSAR JN.,GKP,GORAKHPUR JN,1087,1170.0,19.5,Long
22427,BUI,BALLIA,ANVT,ANAND VIHAR,876,880.0,14.666666666666666,Long
22428,ANVT,ANAND VIHAR,BUI,BALLIA,876,930.0,15.5,Long
22429,DLI,DELHI JN.,PTK,PATHANKOT JN,553,605.0,10.083333333333334,Long
22430,PTK,PATHANKOT JN,DLI,DELHI JN.,553,600.0,10.0,Long
22431,ALD,ALLAHABAD JN,UHP,UDHAMPUR,1255,1365.0,22.75,Long
22432,UHP,UDHAMPUR,ALD,ALLAHABAD JN,1255,1360.0,22.666666666666668,Long
22433,GCT,GHAZIPUR CIT,ANVT,ANAND VIHAR,822,910.0,15.166666666666666,Long
22434,ANVT,ANAND VIHAR,GCT,GHAZIPUR CIT,824,860.0,14.333333333333334,Long
22439,NDLS,NEW DELHI,SVDK,SHMATA VD KATRA,655,480.0,8.0,Long
22441,ALD,ALLAHABAD JN,CNB,KANPUR CENTR,194,190.0,3.1666666666666665,Medium
22442,CNB,KANPUR CENTR,ALD,ALLAHABAD JN,194,190.0,3.1666666666666665,Medium
22443,CNB,KANPUR CENTR,BDTS,BANDRA TERMI,1607,1725.0,28.75,Long
22444,BDTS,BANDRA TERMI,CNB,KANPUR CENTR,1608,1645.0,27.416666666666668,Long
22445,CNB,KANPUR CENTR,ASR,AMRITSAR JN.,897,975.0,16.25,Long
22446,ASR,AMRITSAR JN.,CNB,KANPUR CENTR,897,975.0,16.25,Long
22447,KURJ,KHAJAURAHO,MBA,MAHOBA,63,75.0,1.25,Short
22448,MBA,MAHOBA,KURJ,KHAJAURAHO,63,70.0,1.1666666666666667,Short
22451,BDTS,BANDRA TERMI,CDG,CHANDIGARH,1580,1685.0,28.083333333333332,Long
22452,CDG,CHANDIGARH,BDTS,BANDRA TERMI,1583,1655.0,27.583333333333332,Long
22453,LJN,LUCKNOW JN.,MTC,MEERUT CITY,458,475.0,7.916666666666667,Medium
22454,MTC,MEERUT CITY,LJN,LUCKNOW JN.,458,495.0,8.25,Medium
22455,SNSI,SAI NAGAR SH,KLK,KALKA,1615,1590.0,26.5,Long
22456,KLK,KALKA,SNSI,SAI NAGAR SH,1618,1635.0,27.25,Long
22457,NED,NANDED,UHL,UNA HIMACHAL,1849,2030.0,33.833333333333336,Long
22458,UHL,UNA HIMACHAL,NED,NANDED,1852,1920.0,32.0,Long
22461,NDLS,NEW DELHI,SVDK,SHRI MATA VA,654,700.0,11.666666666666666,Long
22462,SVDK,SHRI MATA VA,NDLS,NEW DELHI,654,690.0,11.5,Long
22463,MTD,MERTA ROAD J,BKN,BIKANER JN.,172,220.0,3.6666666666666665,Medium
22464,BKN,BIKANER JN.,MTD,MERTA ROAD J,173,170.0,2.8333333333333335,Medium
22471,BKN,BIKANER JN.,DEE,DELHI-SARAI,455,475.0,7.916666666666667,Medium
22472,DEE,DELHI-SARAI,BKN,BIKANER JN.,455,475.0,7.916666666666667,Medium
22473,BKN,BIKANER JN.,BDTS,BANDRA TERMI,1211,1315.0,21.916666666666668,Long
22474,BDTS,BANDRA TERMI,BKN,BIKANER JN.,1209,1320.0,22.0,Long
22475,BKN,BIKANER JN.,CBE,COIMBATORE,2478,2620.0,43.666666666666664,Long
22476,CBE,COIMBATORE,BKN,BIKANER JN.,2482,2705.0,45.083333333333336,Long
22477,JU,JODHPUR JN.,JP,JAIPUR JN.,312,290.0,4.833333333333333,Medium
22478,JP,JAIPUR JN.,JU,JODHPUR JN.,311,290.0,4.833333333333333,Medium
22481,JU,JODHPUR JN.,DEE,DELHI-SARAI,620,635.0,10.583333333333334,Long
22482,DEE,DELHI-SARAI,JU,JODHPUR JN.,619,645.0,10.75,Long
22483,JU,JODHPUR JN.,GIMB,GANDHIDHAM J,558,585.0,9.75,Long
22484,GIMB,GANDHIDHAM J,JU,JODHPUR JN.,558,555.0,9.25,Long
22487,RDP,RADHIKAPUR,KIR,KATIHAR JN.,91,140.0,2.3333333333333335,Short
22488,KIR,KATIHAR JN.,RDP,RADHIKAPUR,91,155.0,2.5833333333333335,Short
22497,SGNR,SHRI GANGANA,TPJ,TIRUCHIRAPPA,3101,3440.0,57.333333333333336,Long
22501,SBC,KRANTIVIRA S,NTSK,NEW TINSUKIA,3617,3935.0,65.58333333333333,Long
22502,NTSK,NEW TINSUKIA,SBC,KRANTIVIRA S,3617,3935.0,65.58333333333333,Long
22511,LTT,LOKMANYA TIL,KYQ,KAMAKHYA JN,3011,3295.0,54.916666666666664,Long
22512,KYQ,KAMAKHYA JN,LTT,LOKMANYA TIL,3006,3195.0,53.25,Long
22531,CPR,CHHAPRA JN.,MTJ,MATHURA JN.,879,960.0,16.0,Long
22532,MTJ,MATHURA JN.,CPR,CHHAPRA JN.,884,965.0,16.083333333333332,Long
22601,MAS,CHENNAI CENT,SNSI,SAI NAGAR SH,1391,1520.0,25.333333333333332,Long
22602,SNSI,SAI NAGAR SH,MAS,CHENNAI CENT,1391,1515.0,25.25,Long
22603,KGP,KHARAGPUR,VM,VILLUPURAM J,1779,1875.0,31.25,Long
22604,VM,VILLUPURAM J,KGP,KHARAGPUR,1782,1905.0,31.75,Long
22605,PRR,PURULIA JN.,VM,VILLUPURAM J,1984,2085.0,34.75,Long
22606,VM,VILLUPURAM J,PRR,PURULIA JN.,1986,2125.0,35.416666666666664,Long
22607,ERS,ERNAKULAM. J,SBC,KRANTIVIRA S,617,675.0,11.25,Long
22608,SBC,KRANTIVIRA S,ERS,ERNAKULAM. J,616,670.0,11.166666666666666,Long
22609,MAQ,MANGALORE CE,CBE,COIMBATORE,404,440.0,7.333333333333333,Medium
22610,CBE,COIMBATORE,MAQ,MANGALORE CE,405,430.0,7.166666666666667,Medium
22611,MAS,CHENNAI CENT,NJP,NEW JALPAIGU,2295,2490.0,41.5,Long
22612,NJP,NEW JALPAIGU,MAS,CHENNAI CENT,2295,2505.0,41.75,Long
22613,MAS,CHENNAI CENT,HLZ,HALDIA,1661,1670.0,27.833333333333332,Long
22614,HLZ,HALDIA,MAS,CHENNAI CENT,1662,1685.0,28.083333333333332,Long
22615,TPTY,TIRUPATI,CBE,COIMBATORE,466,470.0,7.833333333333333,Medium
22616,CBE,COIMBATORE,TPTY,TIRUPATI,469,460.0,7.666666666666667,Medium
22617,SBC,KRANTIVIRA S,TPTY,TIRUPATI,336,360.0,6.0,Medium
22618,TPTY,TIRUPATI,SBC,KRANTIVIRA S,336,350.0,5.833333333333333,Medium
22619,BSP,BILASPUR JN.,TEN,TIRUNELVELI,2494,2705.0,45.083333333333336,Long
22620,TEN,TIRUNELVELI,BSP,BILASPUR JN.,2494,2660.0,44.333333333333336,Long
22621,RMM,RAMESWARAM,CAPE,KANNIYAKUMAR,399,440.0,7.333333333333333,Medium
22622,CAPE,KANNIYAKUMAR,RMM,RAMESWARAM,398,440.0,7.333333333333333,Medium
22623,MS,CHENNAI EGMO,MDU,MADURAI JN,556,600.0,10.0,Long
22624,MDU,MADURAI JN,MS,CHENNAI EGMO,557,605.0,10.083333333333334,Long
22625,MAS,CHENNAI CENT,SBC,KRANTIVIRA S,360,345.0,5.75,Medium
22626,SBC,KRANTIVIRA S,MAS,CHENNAI CENT,361,360.0,6.0,Medium
22627,TPJ,TIRUCHIRAPPA,TVC,TRIVANDRUM C,457,500.0,8.333333333333334,Medium
22628,TVC,TRIVANDRUM C,TPJ,TIRUCHIRAPPA,457,500.0,8.333333333333334,Medium
22629,DR,DADAR,TEN,TIRUNELVELI,1758,1880.0,31.333333333333332,Long
22630,TEN,TIRUNELVELI,DR,DADAR,1763,1910.0,31.833333333333332,Long
22631,MAS,CHENNAI CENT,BKN,BIKANER JN.,2560,2675.0,44.583333333333336,Long
22632,BKN,BIKANER JN.,MAS,CHENNAI CENT,2558,2600.0,43.333333333333336,Long
22633,TVC,TRIVANDRUM C,NZM,HAZRAT NIZAM,2841,2880.0,48.0,Long
22634,NZM,HAZRAT NIZAM,TVC,TRIVANDRUM C,2840,3065.0,51.083333333333336,Long
22635,MAO,MADGOAN JN.,MAQ,MANGALORE CE,319,345.0,5.75,Medium
22636,MAQ,MANGALORE CE,MAO,MADGOAN JN.,320,345.0,5.75,Medium
22637,MAS,CHENNAI CENT,MAQ,MANGALORE CE,896,985.0,16.416666666666668,Long
22638,MAQ,MANGALORE CE,MAS,CHENNAI CENT,898,980.0,16.333333333333332,Long
22639,MAS,CHENNAI CENT,ALLP,ALLEPPEY,753,825.0,13.75,Long
22640,ALLP,ALLEPPEY,MAS,CHENNAI CENT,755,825.0,13.75,Long
22641,TVC,TRIVANDRUM C,SHM,SHALIMAR,2565,2695.0,44.916666666666664,Long
22642,SHM,SHALIMAR,TVC,TRIVANDRUM C,2564,2740.0,45.666666666666664,Long
22643,ERS,ERNAKULAM. J,PNBE,PATNA JN.,2785,3045.0,50.75,Long
22644,PNBE,PATNA JN.,ERS,ERNAKULAM. J,2782,3015.0,50.25,Long
22645,INDB,INDORE BG,TVC,TRIVANDRUM C,2643,2905.0,48.416666666666664,Long
22646,TVC,TRIVANDRUM C,INDB,INDORE BG,2648,2820.0,47.0,Long
22647,KRBA,KORBA,TVC,TRIVANDRUM C,2510,2735.0,45.583333333333336,Long
22648,TVC,TRIVANDRUM C,KRBA,KORBA,2508,2715.0,45.25,Long
22649,MAS,CHENNAI CENT,ED,ERODE JN.,390,430.0,7.166666666666667,Medium
22650,ED,ERODE JN.,MAS,CHENNAI CENT,393,425.0,7.083333333333333,Medium
22651,MAS,CHENNAI CENT,PGT,PALAKKAD JN,669,800.0,13.333333333333334,Long
22652,PGT,PALAKKAD JN,MAS,CHENNAI CENT,671,795.0,13.25,Long
22653,TVC,TRIVANDRUM C,NZM,HAZRAT NIZAM,2854,2950.0,49.166666666666664,Long
22654,NZM,HAZRAT NIZAM,TVC,TRIVANDRUM C,2852,3135.0,52.25,Long
22655,TVC,TRIVANDRUM C,NZM,HAZRAT NIZAM,2841,2920.0,48.666666666666664,Long
22656,NZM,HAZRAT NIZAM,TVC,TRIVANDRUM C,2840,3135.0,52.25,Long
22659,KCVL,KOCHUVELI,DDN,DEHRA DUN,3154,3445.0,57.416666666666664,Long
22660,DDN,DEHRA DUN,KCVL,KOCHUVELI,3152,3445.0,57.416666666666664,Long
22661,MS,CHENNAI EGMO,RMM,RAMESWARAM,592,645.0,10.75,Long
22662,RMM,RAMESWARAM,MS,CHENNAI EGMO,592,650.0,10.833333333333334,Long
22663,MS,CHENNAI EGMO,JU,JODHPUR JN.,2353,2565.0,42.75,Long
22664,JU,JODHPUR JN.,MS,CHENNAI EGMO,2352,2570.0,42.833333333333336,Long
22667,NCJ,NAGERCOIL JN,CBE,COIMBATORE,531,570.0,9.5,Long
22668,CBE,COIMBATORE,NCJ,NAGERCOIL JN,532,560.0,9.333333333333334,Long
22669,TN,TUTICORIN,MEJ,VANCHI MANIY,31,40.0,0.6666666666666666,Short
22670,MEJ,VANCHI MANIY,TN,TUTICORIN,31,40.0,0.6666666666666666,Short
22677,YPR,YESVANTPUR J,KCVL,KOCHUVELI,844,930.0,15.5,Long
22678,KCVL,KOCHUVELI,YPR,YESVANTPUR J,845,925.0,15.416666666666666,Long
22679,YPR,YESVANTPUR J,HAS,HASSAN JN.,226,190.0,3.1666666666666665,Medium
22680,HAS,HASSAN JN.,YPR,YESVANTPUR J,211,190.0,3.1666666666666665,Medium
22681,MYS,MYSORE JN.,MAS,CHENNAI CENT,499,545.0,9.083333333333334,Medium
22682,MAS,CHENNAI CENT,MYS,MYSORE JN.,498,530.0,8.833333333333334,Medium
22683,YPR,YESVANTPUR J,LKO,LUCKNOW JN.,2352,2580.0,43.0,Long
22684,LKO,LUCKNOW JN.,YPR,YESVANTPUR J,2338,2580.0,43.0,Long
22685,YPR,YESVANTPUR J,CDG,CHANDIGARH,2846,3155.0,52.583333333333336,Long
22686,CDG,CHANDIGARH,YPR,YESVANTPUR J,2845,3055.0,50.916666666666664,Long
22687,SRE,SAHARANPUR J,CDG,CHANDIGARH,126,145.0,2.4166666666666665,Medium
22688,CDG,CHANDIGARH,SRE,SAHARANPUR J,126,135.0,2.25,Medium
22691,SBC,KRANTIVIRA S,NZM,HAZRAT NIZAM,2337,2035.0,33.916666666666664,Long
22692,NZM,HAZRAT NIZAM,SBC,KRANTIVIRA S,2355,2035.0,33.916666666666664,Long
22697,UBL,HUBLI JN.,MAS,CHENNAI CENT,828,920.0,15.333333333333334,Long
22698,MAS,CHENNAI CENT,UBL,HUBLI JN.,829,920.0,15.333333333333334,Long
22705,TPTY,TIRUPATI,JAT,JAMMU TAWI,2964,3115.0,51.916666666666664,Long
22706,JAT,JAMMU TAWI,TPTY,TIRUPATI,2965,3235.0,53.916666666666664,Long
22707,VSKP,VISAKHAPATNA,TPTY,TIRUPATI,760,790.0,13.166666666666666,Long
22708,TPTY,TIRUPATI,VSKP,VISAKHAPATNA,759,790.0,13.166666666666666,Long
22801,VSKP,VISAKHAPATNA,MAS,CHENNAI CENT,804,875.0,14.583333333333334,Long
22803,HWH,HOWRAH JN.,SBP,SAMBALPUR JN,664,645.0,10.75,Long
22804,SBP,SAMBALPUR JN,HWH,HOWRAH JN.,663,660.0,11.0,Long
22805,BBS,BHUBANESWAR,ANVT,ANAND VIHAR,1871,1925.0,32.083333333333336,Long
22806,ANVT,ANAND VIHAR,BBS,BHUBANESWAR,1869,1980.0,33.0,Long
22807,SRC,SANTRAGACHI,MAS,CHENNAI CENT,1657,1665.0,27.75,Long
22808,MAS,CHENNAI CENT,SRC,SANTRAGACHI,1656,1575.0,26.25,Long
22809,PRDP,PARADEEP,VSKP,VISAKHAPATNA,552,560.0,9.333333333333334,Long
22810,VSKP,VISAKHAPATNA,PRDP,PARADEEP,552,555.0,9.25,Long
22811,BBS,BHUBANESWAR,NDLS,NEW DELHI,1717,1380.0,23.0,Long
22812,NDLS,NEW DELHI,BBS,BHUBANESWAR,1718,1365.0,22.75,Long
22813,SRC,SANTRAGACHI,PRDP,PARADEEP,490,435.0,7.25,Medium
22814,PRDP,PARADEEP,SRC,SANTRAGACHI,489,530.0,8.833333333333334,Medium
22815,BSP,BILASPUR JN.,ERS,ERNAKULAM. J,2144,2240.0,37.333333333333336,Long
22816,ERS,ERNAKULAM. J,BSP,BILASPUR JN.,2145,2205.0,36.75,Long
22817,HWH,HOWRAH JN.,MYS,MYSORE JN.,2106,2135.0,35.583333333333336,Long
22818,MYS,MYSORE JN.,HWH,HOWRAH JN.,2107,2300.0,38.333333333333336,Long
22819,BBS,BHUBANESWAR,VSKP,VISAKHAPATNA,442,440.0,7.333333333333333,Medium
22821,JGM,JHARGRAM,PRR,PURULIA JN.,188,200.0,3.3333333333333335,Medium
22822,PRR,PURULIA JN.,JGM,JHARGRAM,189,195.0,3.25,Medium
22823,BBS,BHUBANESWAR,NDLS,NEW DELHI,1802,1510.0,25.166666666666668,Long
22824,NDLS,NEW DELHI,BBS,BHUBANESWAR,1802,1460.0,24.333333333333332,Long
22825,SHM,SHALIMAR,MAS,CHENNAI CENT,1662,1645.0,27.416666666666668,Long
22826,MAS,CHENNAI CENT,SHM,SHALIMAR,1661,1745.0,29.083333333333332,Long
22827,PURI,PURI,ST,SURAT,1766,1895.0,31.583333333333332,Long
22828,ST,SURAT,PURI,PURI,1759,1900.0,31.666666666666668,Long
22829,BHUJ,NEW BHUJ,SHM,SHALIMAR,2431,2615.0,43.583333333333336,Long
22830,SHM,SHALIMAR,BHUJ,NEW BHUJ,2431,2653.0,44.21666666666667,Long
22831,HWH,HOWRAH JN.,SSPN,SRI SATYA SA,1765,1850.0,30.833333333333332,Long
22832,SSPN,SRI SATYA SA,HWH,HOWRAH JN.,1764,1870.0,31.166666666666668,Long
22833,BBS,BHUBANESWAR,KJM,KRISHNA RAJA,1511,1500.0,25.0,Long
22834,KJM,KRISHNA RAJA,BBS,BHUBANESWAR,1514,1545.0,25.75,Long
22835,SHM,SHALIMAR,PURI,PURI,502,525.0,8.75,Long
22836,PURI,PURI,SHM,SHALIMAR,500,535.0,8.916666666666666,Medium
22837,HTE,HATIA,ERS,ERNAKULAM. J,2234,2440.0,40.666666666666664,Long
22838,ERS,ERNAKULAM. J,HTE,HATIA,2238,2440.0,40.666666666666664,Long
22839,ROU,ROURKELA,BBS,BHUBANESWAR,417,440.0,7.333333333333333,Medium
22840,BBS,BHUBANESWAR,ROU,ROURKELA,417,450.0,7.5,Medium
22843,BSP,BILASPUR JN.,PNBE,PATNA JN.,966,1055.0,17.583333333333332,Long
22844,PNBE,PATNA JN.,BSP,BILASPUR JN.,964,1050.0,17.5,Long
22845,PUNE,PUNE JN.,HTE,HATIA,1771,1820.0,30.333333333333332,Long
22846,HTE,HATIA,PUNE,PUNE JN.,1779,1845.0,30.75,Long
22847,VSKP,VISAKHAPATNA,LTT,LOKMANYA TIL,1662,1715.0,28.583333333333332,Long
22848,LTT,LOKMANYA TIL,VSKP,VISAKHAPATNA,1655,1745.0,29.083333333333332,Long
22849,SHM,SHALIMAR,SC,SECUNDERABAD,1590,1575.0,26.25,Long
22850,SC,SECUNDERABAD,SHM,SHALIMAR,1589,1645.0,27.416666666666668,Long
22851,SRC,SANTRAGACHI,MAQ,MANGALORE CE,2485,2500.0,41.666666666666664,Long
22852,MAQ,MANGALORE CE,SRC,SANTRAGACHI,2485,2580.0,43.0,Long
22853,SHM,SHALIMAR,VSKP,VISAKHAPATNA,882,845.0,14.083333333333334,Long
22854,VSKP,VISAKHAPATNA,SHM,SHALIMAR,880,915.0,15.25,Long
22855,SRC,SANTRAGACHI,TPTY,TIRUPATI,1613,1550.0,25.833333333333332,Long
22856,TPTY,TIRUPATI,SRC,SANTRAGACHI,1612,1590.0,26.5,Long
22857,SRC,SANTRAGACHI,ANVT,ANAND VIHAR,1567,1615.0,26.916666666666668,Long
22858,ANVT,ANAND VIHAR,SRC,SANTRAGACHI,1566,1630.0,27.166666666666668,Long
22859,PURI,PURI,MAS,CHENNAI CENT,1247,1285.0,21.416666666666668,Long
22860,MAS,CHENNAI CENT,PURI,PURI,1247,1350.0,22.5,Long
22861,SHM,SHALIMAR,ADRA,ADRA,288,290.0,4.833333333333333,Medium
22862,ADRA,ADRA,SHM,SHALIMAR,288,310.0,5.166666666666667,Medium
22863,HWH,HOWRAH JN.,YPR,YESVANTPUR J,1957,1745.0,29.083333333333332,Long
22864,YPR,YESVANTPUR J,HWH,HOWRAH JN.,1959,1755.0,29.25,Long
22865,LTT,LOKMANYA TIL,PURI,PURI,1853,1950.0,32.5,Long
22866,PURI,PURI,LTT,LOKMANYA TIL,1860,1925.0,32.083333333333336,Long
22867,DURG,DURG,NZM,HAZRAT NIZAM,1255,1280.0,21.333333333333332,Long
22868,NZM,HAZRAT NIZAM,DURG,DURG,1266,1325.0,22.083333333333332,Long
22869,VSKP,VISAKHAPATNA,MAS,CHENNAI CENT,780,830.0,13.833333333333334,Long
22870,MAS,CHENNAI CENT,VSKP,VISAKHAPATNA,780,795.0,13.25,Long
22871,BBS,BHUBANESWAR,TPTY,TIRUPATI,1178,1245.0,20.75,Long
22872,TPTY,TIRUPATI,BBS,BHUBANESWAR,1178,1280.0,21.333333333333332,Long
22873,DGHA,DIGHA FS,VSKP,VISAKHAPATNA,930,905.0,15.083333333333334,Long
22874,VSKP,VISAKHAPATNA,DGHA,DIGHA FS,930,935.0,15.583333333333334,Long
22875,KGP,KHARAGPUR,PRR,PURULIA JN.,207,235.0,3.9166666666666665,Medium
22876,PRR,PURULIA JN.,KGP,KHARAGPUR,207,235.0,3.9166666666666665,Medium
22877,HWH,HOWRAH JN.,ERS,ERNAKULAM. J,2289,2220.0,37.0,Long
22878,ERS,ERNAKULAM. J,HWH,HOWRAH JN.,2293,2305.0,38.416666666666664,Long
22879,BBS,BHUBANESWAR,TPTY,TIRUPATI,1178,1245.0,20.75,Long
22880,TPTY,TIRUPATI,BBS,BHUBANESWAR,1178,1280.0,21.333333333333332,Long
22881,PUNE,PUNE JN.,BBS,BHUBANESWAR,1705,1805.0,30.083333333333332,Long
22882,BBS,BHUBANESWAR,PUNE,PUNE JN.,1706,1840.0,30.666666666666668,Long
22883,PURI,PURI,YPR,YESVANTPUR J,1493,1740.0,29.0,Long
22884,YPR,YESVANTPUR J,PURI,PURI,1504,1860.0,31.0,Long
22885,LTT,LOKMANYA TIL,TATA,TATANAGAR JN,1701,1500.0,25.0,Long
22886,TATA,TATANAGAR JN,LTT,LOKMANYA TIL,1704,1550.0,25.833333333333332,Long
22887,HWH,HOWRAH JN.,YPR,YESVANTPUR J,1970,1975.0,32.916666666666664,Long
22888,YPR,YESVANTPUR J,HWH,HOWRAH JN.,1973,1955.0,32.583333333333336,Long
22889,DGHA,DIGHA FS,PURI,PURI,550,595.0,9.916666666666666,Long
22890,PURI,PURI,DGHA,DIGHA FS,550,580.0,9.666666666666666,Long
22891,HWH,HOWRAH JN.,RNC,RANCHI,469,500.0,8.333333333333334,Medium
22892,RNC,RANCHI,HWH,HOWRAH JN.,466,500.0,8.333333333333334,Medium
22893,SNSI,SAI NAGAR SH,HWH,HOWRAH JN.,1795,1775.0,29.583333333333332,Long
22894,HWH,HOWRAH JN.,SNSI,SAI NAGAR SH,1801,1765.0,29.416666666666668,Long
22897,HWH,HOWRAH JN.,DGHA,DIGHA FS,185,202.0,3.3666666666666667,Medium
22898,DGHA,DIGHA FS,HWH,HOWRAH JN.,186,202.0,3.3666666666666667,Medium
22901,BDTS,BANDRA TERMI,UDZ,UDAIPUR CITY,944,1015.0,16.916666666666668,Long
22902,UDZ,UDAIPUR CITY,BDTS,BANDRA TERMI,945,1000.0,16.666666666666668,Long
22903,BDTS,BANDRA TERMI,BHUJ,NEW BHUJ,838,765.0,12.75,Long
22904,BHUJ,NEW BHUJ,BDTS,BANDRA TERMI,838,795.0,13.25,Long
22905,OKHA,OKHA,HAPA,HAPA,176,180.0,3.0,Medium
22906,HAPA,HAPA,OKHA,OKHA,176,220.0,3.6666666666666665,Medium
22907,MAO,MADGOAN JN.,HAPA,HAPA,1352,1420.0,23.666666666666668,Long
22908,HAPA,HAPA,MAO,MADGOAN JN.,1348,1515.0,25.25,Long
22909,BL,VALSAD,PURI,PURI,2073,2250.0,37.5,Long
22910,PURI,PURI,BL,VALSAD,2075,2240.0,37.333333333333336,Long
22911,INDB,INDORE BG,HWH,HOWRAH JN.,1744,1875.0,31.25,Long
22912,HWH,HOWRAH JN.,INDB,INDORE BG,1745,1910.0,31.833333333333332,Long
22914,PNBE,PATNA JN.,BDTS,BANDRA TERMI,1846,1945.0,32.416666666666664,Long
22915,BDTS,BANDRA TERMI,HSR,HISAR JN,1404,1470.0,24.5,Long
22916,HSR,HISAR JN,BDTS,BANDRA TERMI,1405,1500.0,25.0,Long
22917,BDTS,BANDRA TERMI,HW,HARIDWAR JN,1610,1685.0,28.083333333333332,Long
22918,HW,HARIDWAR JN,BDTS,BANDRA TERMI,1613,1635.0,27.25,Long
22919,MAS,CHENNAI CENT,ADI,AHMEDABAD,1721,1865.0,31.083333333333332,Long
22920,ADI,AHMEDABAD,MAS,CHENNAI CENT,1719,1865.0,31.083333333333332,Long
22925,UMB,AMBALA CANTT,KLK,KALKA,69,90.0,1.5,Short
22926,KLK,KALKA,UMB,AMBALA CANTT,69,105.0,1.75,Short
22927,BDTS,BANDRA TERMI,ADI,AHMEDABAD,480,520.0,8.666666666666666,Medium
22928,ADI,AHMEDABAD,BDTS,BANDRA TERMI,480,520.0,8.666666666666666,Medium
22929,BLD,BHILAD,BRC,VADODARA JN.,234,250.0,4.166666666666667,Medium
22930,BRC,VADODARA JN.,BLD,BHILAD,234,245.0,4.083333333333333,Medium
22931,BDTS,BANDRA TERMI,JSM,JAISALMER,1226,1335.0,22.25,Long
22932,JSM,JAISALMER,BDTS,BANDRA TERMI,1227,1335.0,22.25,Long
22933,BDTS,BANDRA TERMI,JP,JAIPUR JN.,1146,1135.0,18.916666666666668,Long
22934,JP,JAIPUR JN.,BDTS,BANDRA TERMI,1147,1130.0,18.833333333333332,Long
22935,BDTS,BANDRA TERMI,PIT,PALITANA,787,845.0,14.083333333333334,Long
22936,PIT,PALITANA,BDTS,BANDRA TERMI,787,855.0,14.25,Long
22937,RJT,RAJKOT,REWA,REWA,1600,1635.0,27.25,Long
22938,REWA,REWA,RJT,RAJKOT,1600,1700.0,28.333333333333332,Long
22939,HAPA,HAPA,BSP,BILASPUR JN.,1689,1825.0,30.416666666666668,Long
22940,BSP,BILASPUR JN.,HAPA,HAPA,1697,1840.0,30.666666666666668,Long
22941,INDB,INDORE BG,JAT,JAMMU TAWI,1393,1530.0,25.5,Long
22942,JAT,JAMMU TAWI,INDB,INDORE BG,1396,1455.0,24.25,Long
22943,PUNE,PUNE JN.,INDB,INDORE BG,963,1015.0,16.916666666666668,Long
22944,INDB,INDORE BG,PUNE,PUNE JN.,963,1050.0,17.5,Long
22945,BCT,MUMBAI CENTR,OKHA,OKHA,986,1080.0,18.0,Long
22946,OKHA,OKHA,BCT,MUMBAI CENTR,986,1080.0,18.0,Long
22949,BDTS,BANDRA TERMI,DEE,DELHI-SARAI,1342,1465.0,24.416666666666668,Long
22951,BDTS,BANDRA TERMI,GIMB,GANDHIDHAM J,853,935.0,15.583333333333334,Long
22952,GIMB,GANDHIDHAM J,BDTS,BANDRA TERMI,853,935.0,15.583333333333334,Long
22953,BCT,MUMBAI CENTR,ADI,AHMEDABAD,490,535.0,8.916666666666666,Medium
22954,ADI,AHMEDABAD,BCT,MUMBAI CENTR,490,535.0,8.916666666666666,Medium
22955,BDTS,BANDRA TERMI,BHUJ,NEW BHUJ,838,905.0,15.083333333333334,Long
22956,BHUJ,NEW BHUJ,BDTS,BANDRA TERMI,838,910.0,15.166666666666666,Long
22957,ADI,AHMEDABAD,VRL,VERAVAL,430,470.0,7.833333333333333,Medium
22959,ST,SURAT,JAM,JAMNAGAR,556,610.0,10.166666666666666,Long
22960,JAM,JAMNAGAR,ST,SURAT,556,605.0,10.083333333333334,Long
22961,ST,SURAT,HAPA,HAPA,547,585.0,9.75,Long
22962,HAPA,HAPA,ST,SURAT,547,595.0,9.916666666666666,Long
22963,BDTS,BANDRA TERMI,BVC,BHAVNAGAR TE,780,835.0,13.916666666666666,Long
22964,BVC,BHAVNAGAR TE,BDTS,BANDRA TERMI,780,845.0,14.083333333333334,Long
22965,BDTS,BANDRA TERMI,BGKT,BHAGAT-KI-KO,929,1015.0,16.916666666666668,Long
22966,BGKT,BHAGAT-KI-KO,BDTS,BANDRA TERMI,931,1025.0,17.083333333333332,Long
22967,ADI,AHMEDABAD,ALD,ALLAHABAD JN,1488,1600.0,26.666666666666668,Long
22968,ALD,ALLAHABAD JN,ADI,AHMEDABAD,1487,1625.0,27.083333333333332,Long
22969,OKHA,OKHA,BSB,VARANASI JN.,2023,2225.0,37.083333333333336,Long
22970,BSB,VARANASI JN.,OKHA,OKHA,2024,2095.0,34.916666666666664,Long
22971,BDTS,BANDRA TERMI,PNBE,PATNA JN.,1847,2010.0,33.5,Long
22972,PNBE,PATNA JN.,BDTS,BANDRA TERMI,1846,1943.0,32.38333333333333,Long
22973,GIMB,GANDHIDHAM J,PURI,PURI,2436,2640.0,44.0,Long
22974,PURI,PURI,GIMB,GANDHIDHAM J,2443,2650.0,44.166666666666664,Long
22981,KOTA,KOTA,SGNR,SHRI GANGANA,918,1000.0,16.666666666666668,Long
22982,SGNR,SHRI GANGANA,KOTA,KOTA,919,970.0,16.166666666666668,Long
22983,KOTA,KOTA,INDB,INDORE BG,432,465.0,7.75,Medium
22989,BDTS,BANDRA TERMI,MHV,MAHUVA,881,935.0,15.583333333333334,Long
22990,MHV,MAHUVA,BDTS,BANDRA TERMI,881,945.0,15.75,Long
22991,BDTS,BANDRA TERMI,VRL,VERAVAL,910,950.0,15.833333333333334,Long
22992,VRL,VERAVAL,BDTS,BANDRA TERMI,910,990.0,16.5,Long
22993,BDTS,BANDRA TERMI,MHV,MAHUVA,881,945.0,15.75,Long
22994,MHV,MAHUVA,BDTS,BANDRA TERMI,881,960.0,16.0,Long
22995,COR,CHITTAURGARH,AII,AJMER JN.,185,210.0,3.5,Medium
22996,AII,AJMER JN.,COR,CHITTAURGARH,185,190.0,3.1666666666666665,Medium
23141,RQJ,RANINAGAR JA,HDB,HALDIBARI,30,50.0,0.8333333333333334,Short
23142,HDB,HALDIBARI,RQJ,RANINAGAR JA,30,45.0,0.75,Short
23225,SHC,SAHARSA JN.,BJU,BARAUNI JN.,109,190.0,3.1666666666666665,Medium
23226,BJU,BARAUNI JN.,SHC,SAHARSA JN.,109,220.0,3.6666666666666665,Medium
23345,CPU,CHOPAN,SKTN,SHAKTINAGAR,81,145.0,2.4166666666666665,Short
23346,SKTN,SHAKTINAGAR,CPU,CHOPAN,81,115.0,1.9166666666666667,Short
23347,SGRL,SINGRAULI,GHD,GARWA ROAD J,204,360.0,6.0,Medium
23348,GHD,GARWA ROAD J,SGRL,SINGRAULI,204,340.0,5.666666666666667,Medium
24041,NBD,NAJIBABAD JN,KTW,KOTDWARA,24,50.0,0.8333333333333334,Short
24042,KTW,KOTDWARA,NBD,NAJIBABAD JN,24,55.0,0.9166666666666666,Short
24227,BSB,VARANASI JN.,CNB,KANPUR CENTR,349,410.0,6.833333333333333,Medium
24228,CNB,KANPUR CENTR,BSB,VARANASI JN.,349,450.0,7.5,Medium
24369,SKTN,SHAKTINAGAR,BE,BAREILLY JN.,740,1240.0,20.666666666666668,Long
24370,BE,BAREILLY JN.,SKTN,SHAKTINAGAR,740,1200.0,20.0,Long
24887,HW,HARIDWAR JN,UMB,AMBALA CANTT,157,210.0,3.5,Medium
24888,UMB,AMBALA CANTT,HW,HARIDWAR JN,157,260.0,4.333333333333333,Medium
25013,MB,MORADABAD JN,RMR,RAMNAGAR,76,150.0,2.5,Short
25014,RMR,RAMNAGAR,MB,MORADABAD JN,76,125.0,2.0833333333333335,Short
25035,MB,MORADABAD JN,RMR,RAMNAGAR,76,90.0,1.5,Short
25036,RMR,RAMNAGAR,MB,MORADABAD JN,76,115.0,1.9166666666666667,Short
25201,SGL,SAGAULI JN.,NKE,NARKATIAGANJ,58,95.0,1.5833333333333333,Short
25202,NKE,NARKATIAGANJ,SGL,SAGAULI JN.,58,75.0,1.25,Short
25631,BKN,BIKANER JN.,MTD,MERTA ROAD J,173,190.0,3.1666666666666665,Medium
25632,MTD,MERTA ROAD J,BKN,BIKANER JN.,172,230.0,3.8333333333333335,Medium
25657,SDAH,SEALDAH,SCL,SILCHAR,1358,2020.0,33.666666666666664,Long
25658,SCL,SILCHAR,SDAH,SEALDAH,1357,1975.0,32.916666666666664,Long
28181,BJU,BARAUNI JN.,KIR,KATIHAR JN.,179,295.0,4.916666666666667,Medium
28182,KIR,KATIHAR JN.,BJU,BARAUNI JN.,179,270.0,4.5,Medium
29019,MDS,MANDSOR,KOTA,KOTA,276,280.0,4.666666666666667,Medium
29020,KOTA,KOTA,MDS,MANDSOR,276,295.0,4.916666666666667,Medium
30111,BLN,BALLYGUNGE J,BP,BARRACKPORE,45,124.0,2.066666666666667,Short
30112,BP,BARRACKPORE,MJT,MAJERHAT,33,107.0,1.7833333333333334,Short
30116,BP,BARRACKPORE,BBDB,BENOY BADAL,25,51.0,0.85,Short
30121,NACC,NEW ALIPUR (,NH,NAIHATI JN.,51,116.0,1.9333333333333333,Short
30122,NH,NAIHATI JN.,BLN,BALLYGUNGE J,60,133.0,2.216666666666667,Short
30123,MJT,MAJERHAT,NH,NAIHATI JN.,49,99.0,1.65,Short
30128,KLYM,KALYANI SIMA,NACC,NEW ALIPUR (,66,147.0,2.45,Short
30135,MJT,MAJERHAT,RHA,RANAGHAT JN.,84,161.0,2.683333333333333,Short
30142,GEDE,GEDE,MJT,MAJERHAT,128,193.0,3.216666666666667,Medium
30145,BBDB,BENOY BADAL,KNJ,KRISHNA NAGA,102,157.0,2.6166666666666667,Medium
30152,NH,NAIHATI JN.,MJT,MAJERHAT,53,101.0,1.6833333333333333,Short
30154,NH,NAIHATI JN.,MJT,MAJERHAT,53,95.0,1.5833333333333333,Short
30211,BBDB,BENOY BADAL,DDJ,DUM DUM JN.,9,29.0,0.48333333333333334,Short
30311,PPGT,PRINCEP GHAT,BT,BARASAT JN.,28,75.0,1.25,Short
30312,BT,BARASAT JN.,MJT,MAJERHAT,33,92.0,1.5333333333333334,Short
30313,MJT,MAJERHAT,BT,BARASAT JN.,33,88.0,1.4666666666666666,Short
30314,DTK,DATTAPUKUR,MJT,MAJERHAT,41,92.0,1.5333333333333334,Short
30317,MJT,MAJERHAT,DTK,DATTAPUKUR,41,109.0,1.8166666666666667,Short
30321,MJT,MAJERHAT,HNB,HASANABAD,85,187.0,3.1166666666666667,Short
30322,HNB,HASANABAD,BBDB,BENOY BADAL,77,143.0,2.3833333333333333,Short
30324,HNB,HASANABAD,PPGT,PRINCEP GHAT,80,184.0,3.066666666666667,Short
30331,MJT,MAJERHAT,HB,HABRA,55,124.0,2.066666666666667,Short
30332,HB,HABRA,MJT,MAJERHAT,55,134.0,2.2333333333333334,Short
30333,MJT,MAJERHAT,HB,HABRA,55,122.0,2.033333333333333,Short
30342,BNJ,BANGAON JN.,MJT,MAJERHAT,87,157.0,2.6166666666666667,Short
30344,BNJ,BANGAON JN.,MJT,MAJERHAT,87,158.0,2.6333333333333333,Short
30346,BNJ,BANGAON JN.,MJT,MAJERHAT,87,165.0,2.75,Short
30351,MJT,MAJERHAT,BT,BARASAT JN.,37,80.0,1.3333333333333333,Short
30353,MJT,MAJERHAT,DTK,DATTAPUKUR,45,88.0,1.4666666666666666,Short
30357,MJT,MAJERHAT,MMG,MADHYAM GRAM,33,89.0,1.4833333333333334,Short
30358,MMG,MADHYAM GRAM,MJT,MAJERHAT,33,72.0,1.2,Short
30361,MJT,MAJERHAT,HNB,HASANABAD,90,160.0,2.6666666666666665,Short
30411,BBDB,BENOY BADAL,SDAH,SEALDAH,24,80.0,1.3333333333333333,Short
30412,SDAH,SEALDAH,BBDB,BENOY BADAL,24,63.0,1.05,Short
30413,BBDB,BENOY BADAL,SDAH,SEALDAH,24,85.0,1.4166666666666667,Short
30414,SDAH,SEALDAH,BBDB,BENOY BADAL,24,61.0,1.0166666666666666,Short
30416,SDAH,SEALDAH,BBDB,BENOY BADAL,24,61.0,1.0166666666666666,Short
30451,BBDB,BENOY BADAL,SDAH,SEALDAH,24,66.0,1.1,Short
30452,SDAH,SEALDAH,KOAA,KOLKATA,31,90.0,1.5,Short
30511,CHT,CHAMPAHATI,MJT,MAJERHAT,30,66.0,1.1,Short
30552,MJT,MAJERHAT,GOF,GHUTIARI SHA,37,96.0,1.6,Short
30612,KOAA,KOLKATA,BRP,BARUIPUR JN.,46,143.0,2.3833333333333333,Short
30711,LKPR,LAKSHMIKANTA,MJT,MAJERHAT,67,117.0,1.95,Short
30712,MJT,MAJERHAT,LKPR,LAKSHMIKANTA,67,126.0,2.1,Short
31051,BGB,BUDGE BUDGE,NH,NAIHATI JN.,67,125.0,2.0833333333333335,Short
31053,BGB,BUDGE BUDGE,NH,NAIHATI JN.,67,121.0,2.0166666666666666,Short
31055,BGB,BUDGE BUDGE,NH,NAIHATI JN.,67,128.0,2.1333333333333333,Short
31111,SDAH,SEALDAH,KWAE,KATWA JN.,154,214.0,3.566666666666667,Medium
31112,KWAE,KATWA JN.,SDAH,SEALDAH,154,220.0,3.6666666666666665,Medium
31151,SDAH,SEALDAH,BWN,BARDDHAMAN J,116,168.0,2.8,Medium
31152,BWN,BARDDHAMAN J,SDAH,SEALDAH,116,180.0,3.0,Medium
31191,NH,NAIHATI JN.,KLYM,KALYANI SIMA,15,30.0,0.5,Short
31192,KLYM,KALYANI SIMA,NH,NAIHATI JN.,15,24.0,0.4,Short
31211,SDAH,SEALDAH,BP,BARRACKPORE,25,40.0,0.6666666666666666,Short
31212,BP,BARRACKPORE,SDAH,SEALDAH,25,43.0,0.7166666666666667,Short
31213,SDAH,SEALDAH,BP,BARRACKPORE,25,37.0,0.6166666666666667,Short
31214,BP,BARRACKPORE,SDAH,SEALDAH,25,40.0,0.6666666666666666,Short
31215,SDAH,SEALDAH,BP,BARRACKPORE,25,37.0,0.6166666666666667,Short
31216,BP,BARRACKPORE,SDAH,SEALDAH,25,43.0,0.7166666666666667,Short
31217,SDAH,SEALDAH,BP,BARRACKPORE,25,41.0,0.6833333333333333,Short
31218,BP,BARRACKPORE,SDAH,SEALDAH,25,42.0,0.7,Short
31219,SDAH,SEALDAH,BP,BARRACKPORE,25,38.0,0.6333333333333333,Short
31220,BP,BARRACKPORE,SDAH,SEALDAH,25,45.0,0.75,Short
31221,SDAH,SEALDAH,BP,BARRACKPORE,25,40.0,0.6666666666666666,Short
31222,BP,BARRACKPORE,SDAH,SEALDAH,25,43.0,0.7166666666666667,Short
31223,SDAH,SEALDAH,BP,BARRACKPORE,25,38.0,0.6333333333333333,Short
31224,BP,BARRACKPORE,SDAH,SEALDAH,25,41.0,0.6833333333333333,Short
31225,SDAH,SEALDAH,BP,BARRACKPORE,25,40.0,0.6666666666666666,Short
31226,BP,BARRACKPORE,SDAH,SEALDAH,25,40.0,0.6666666666666666,Short
31227,SDAH,SEALDAH,BP,BARRACKPORE,25,40.0,0.6666666666666666,Short
31228,BP,BARRACKPORE,SDAH,SEALDAH,25,42.0,0.7,Short
31229,SDAH,SEALDAH,BP,BARRACKPORE,25,40.0,0.6666666666666666,Short
31230,BP,BARRACKPORE,SDAH,SEALDAH,25,42.0,0.7,Short
31231,SDAH,SEALDAH,BP,BARRACKPORE,25,40.0,0.6666666666666666,Short
31232,BP,BARRACKPORE,SDAH,SEALDAH,25,38.0,0.6333333333333333,Short
31233,SDAH,SEALDAH,BP,BARRACKPORE,25,40.0,0.6666666666666666,Short
31234,BP,BARRACKPORE,SDAH,SEALDAH,25,40.0,0.6666666666666666,Short
31235,SDAH,SEALDAH,BP,BARRACKPORE,25,40.0,0.6666666666666666,Short
31236,BP,BARRACKPORE,SDAH,SEALDAH,25,40.0,0.6666666666666666,Short
31237,SDAH,SEALDAH,BP,BARRACKPORE,25,42.0,0.7,Short
31238,BP,BARRACKPORE,SDAH,SEALDAH,25,40.0,0.6666666666666666,Short
31239,SDAH,SEALDAH,BP,BARRACKPORE,25,42.0,0.7,Short
31240,BP,BARRACKPORE,SDAH,SEALDAH,25,40.0,0.6666666666666666,Short
31241,SDAH,SEALDAH,BP,BARRACKPORE,25,39.0,0.65,Short
31261,KGK,KANKURGACHHI,BP,BARRACKPORE,20,36.0,0.6,Short
31311,SDAH,SEALDAH,KLYM,KALYANI SIMA,55,91.0,1.5166666666666666,Short
31312,KLYM,KALYANI SIMA,SDAH,SEALDAH,55,88.0,1.4666666666666666,Short
31313,SDAH,SEALDAH,KLYM,KALYANI SIMA,55,90.0,1.5,Short
31314,KLYM,KALYANI SIMA,SDAH,SEALDAH,55,88.0,1.4666666666666666,Short
31315,SDAH,SEALDAH,KLYM,KALYANI SIMA,55,88.0,1.4666666666666666,Short
31316,KLYM,KALYANI SIMA,SDAH,SEALDAH,55,90.0,1.5,Short
31317,SDAH,SEALDAH,KLYM,KALYANI SIMA,55,90.0,1.5,Short
31318,KLYM,KALYANI SIMA,SDAH,SEALDAH,55,90.0,1.5,Short
31319,SDAH,SEALDAH,KLYM,KALYANI SIMA,55,90.0,1.5,Short
31320,KLYM,KALYANI SIMA,SDAH,SEALDAH,55,83.0,1.3833333333333333,Short
31321,SDAH,SEALDAH,KLYM,KALYANI SIMA,55,92.0,1.5333333333333334,Short
31322,KLYM,KALYANI SIMA,SDAH,SEALDAH,55,108.0,1.8,Short
31323,SDAH,SEALDAH,KLYM,KALYANI SIMA,55,90.0,1.5,Short
31324,KLYM,KALYANI SIMA,SDAH,SEALDAH,55,89.0,1.4833333333333334,Short
31325,SDAH,SEALDAH,KLYM,KALYANI SIMA,55,93.0,1.55,Short
31326,KLYM,KALYANI SIMA,SDAH,SEALDAH,55,90.0,1.5,Short
31327,SDAH,SEALDAH,KLYM,KALYANI SIMA,55,92.0,1.5333333333333334,Short
31328,KLYM,KALYANI SIMA,SDAH,SEALDAH,55,88.0,1.4666666666666666,Short
31329,SDAH,SEALDAH,KLYM,KALYANI SIMA,55,90.0,1.5,Short
31330,KLYM,KALYANI SIMA,SDAH,SEALDAH,55,90.0,1.5,Short
31331,SDAH,SEALDAH,KLYM,KALYANI SIMA,55,91.0,1.5166666666666666,Short
31332,KLYM,KALYANI SIMA,SDAH,SEALDAH,55,88.0,1.4666666666666666,Short
31333,SDAH,SEALDAH,KLYM,KALYANI SIMA,55,90.0,1.5,Short
31334,KLYM,KALYANI SIMA,SDAH,SEALDAH,55,90.0,1.5,Short
31335,SDAH,SEALDAH,KLYM,KALYANI SIMA,55,94.0,1.5666666666666667,Short
31336,KLYM,KALYANI SIMA,SDAH,SEALDAH,55,91.0,1.5166666666666666,Short
31337,SDAH,SEALDAH,KLYM,KALYANI SIMA,55,84.0,1.4,Short
31338,KLYM,KALYANI SIMA,SDAH,SEALDAH,55,90.0,1.5,Short
31339,SDAH,SEALDAH,KLYM,KALYANI SIMA,55,93.0,1.55,Short
31411,SDAH,SEALDAH,NH,NAIHATI JN.,40,60.0,1.0,Short
31412,NH,NAIHATI JN.,SDAH,SEALDAH,40,65.0,1.0833333333333333,Short
31413,SDAH,SEALDAH,NH,NAIHATI JN.,40,64.0,1.0666666666666667,Short
31414,NH,NAIHATI JN.,SDAH,SEALDAH,40,65.0,1.0833333333333333,Short
31415,SDAH,SEALDAH,NH,NAIHATI JN.,40,63.0,1.05,Short
31416,NH,NAIHATI JN.,SDAH,SEALDAH,40,66.0,1.1,Short
31417,SDAH,SEALDAH,NH,NAIHATI JN.,40,62.0,1.0333333333333334,Short
31418,NH,NAIHATI JN.,SDAH,SEALDAH,40,68.0,1.1333333333333333,Short
31420,NH,NAIHATI JN.,SDAH,SEALDAH,40,63.0,1.05,Short
31421,SDAH,SEALDAH,NH,NAIHATI JN.,40,63.0,1.05,Short
31422,NH,NAIHATI JN.,SDAH,SEALDAH,40,63.0,1.05,Short
31423,SDAH,SEALDAH,NH,NAIHATI JN.,40,63.0,1.05,Short
31424,NH,NAIHATI JN.,SDAH,SEALDAH,40,65.0,1.0833333333333333,Short
31425,SDAH,SEALDAH,NH,NAIHATI JN.,40,65.0,1.0833333333333333,Short
31426,NH,NAIHATI JN.,SDAH,SEALDAH,40,65.0,1.0833333333333333,Short
31427,SDAH,SEALDAH,NH,NAIHATI JN.,40,65.0,1.0833333333333333,Short
31428,NH,NAIHATI JN.,SDAH,SEALDAH,40,64.0,1.0666666666666667,Short
31429,SDAH,SEALDAH,NH,NAIHATI JN.,40,65.0,1.0833333333333333,Short
31430,NH,NAIHATI JN.,SDAH,SEALDAH,40,65.0,1.0833333333333333,Short
31431,SDAH,SEALDAH,NH,NAIHATI JN.,40,65.0,1.0833333333333333,Short
31432,NH,NAIHATI JN.,SDAH,SEALDAH,40,62.0,1.0333333333333334,Short
31433,SDAH,SEALDAH,NH,NAIHATI JN.,40,66.0,1.1,Short
31434,NH,NAIHATI JN.,SDAH,SEALDAH,40,65.0,1.0833333333333333,Short
31435,SDAH,SEALDAH,NH,NAIHATI JN.,40,65.0,1.0833333333333333,Short
31436,NH,NAIHATI JN.,SDAH,SEALDAH,40,63.0,1.05,Short
31437,SDAH,SEALDAH,NH,NAIHATI JN.,40,65.0,1.0833333333333333,Short
31438,NH,NAIHATI JN.,SDAH,SEALDAH,40,64.0,1.0666666666666667,Short
31439,SDAH,SEALDAH,NH,NAIHATI JN.,40,64.0,1.0666666666666667,Short
31440,NH,NAIHATI JN.,SDAH,SEALDAH,40,61.0,1.0166666666666666,Short
31441,SDAH,SEALDAH,NH,NAIHATI JN.,40,63.0,1.05,Short
31442,NH,NAIHATI JN.,SDAH,SEALDAH,40,65.0,1.0833333333333333,Short
31443,SDAH,SEALDAH,NH,NAIHATI JN.,40,63.0,1.05,Short
31444,NH,NAIHATI JN.,SDAH,SEALDAH,40,65.0,1.0833333333333333,Short
31445,SDAH,SEALDAH,NH,NAIHATI JN.,40,65.0,1.0833333333333333,Short
31446,NH,NAIHATI JN.,SDAH,SEALDAH,40,63.0,1.05,Short
31447,SDAH,SEALDAH,NH,NAIHATI JN.,40,65.0,1.0833333333333333,Short
31448,NH,NAIHATI JN.,SDAH,SEALDAH,40,64.0,1.0666666666666667,Short
31449,SDAH,SEALDAH,NH,NAIHATI JN.,40,63.0,1.05,Short
31450,NH,NAIHATI JN.,SDAH,SEALDAH,40,65.0,1.0833333333333333,Short
31451,SDAH,SEALDAH,NH,NAIHATI JN.,40,63.0,1.05,Short
31471,KGK,KANKURGACHHI,NH,NAIHATI JN.,35,57.0,0.95,Short
31511,SDAH,SEALDAH,STB,SHANTIPUR JN,96,140.0,2.3333333333333335,Short
31512,STB,SHANTIPUR JN,SDAH,SEALDAH,96,138.0,2.3,Short
31513,SDAH,SEALDAH,STB,SHANTIPUR JN,96,135.0,2.25,Short
31514,STB,SHANTIPUR JN,SDAH,SEALDAH,96,139.0,2.316666666666667,Short
31515,SDAH,SEALDAH,STB,SHANTIPUR JN,96,137.0,2.283333333333333,Short
31516,STB,SHANTIPUR JN,SDAH,SEALDAH,96,135.0,2.25,Short
31517,SDAH,SEALDAH,STB,SHANTIPUR JN,96,138.0,2.3,Short
31518,STB,SHANTIPUR JN,SDAH,SEALDAH,96,132.0,2.2,Short
31519,SDAH,SEALDAH,STB,SHANTIPUR JN,96,138.0,2.3,Short
31520,STB,SHANTIPUR JN,SDAH,SEALDAH,96,135.0,2.25,Short
31521,SDAH,SEALDAH,STB,SHANTIPUR JN,96,143.0,2.3833333333333333,Short
31522,STB,SHANTIPUR JN,SDAH,SEALDAH,96,137.0,2.283333333333333,Short
31523,SDAH,SEALDAH,STB,SHANTIPUR JN,96,140.0,2.3333333333333335,Short
31524,STB,SHANTIPUR JN,SDAH,SEALDAH,96,132.0,2.2,Short
31525,SDAH,SEALDAH,STB,SHANTIPUR JN,96,138.0,2.3,Short
31526,STB,SHANTIPUR JN,SDAH,SEALDAH,96,140.0,2.3333333333333335,Short
31527,SDAH,SEALDAH,STB,SHANTIPUR JN,96,140.0,2.3333333333333335,Short
31528,STB,SHANTIPUR JN,SDAH,SEALDAH,96,133.0,2.216666666666667,Short
31529,SDAH,SEALDAH,STB,SHANTIPUR JN,96,141.0,2.35,Short
31530,STB,SHANTIPUR JN,SDAH,SEALDAH,96,135.0,2.25,Short
31531,SDAH,SEALDAH,STB,SHANTIPUR JN,96,128.0,2.1333333333333333,Short
31532,STB,SHANTIPUR JN,SDAH,SEALDAH,96,135.0,2.25,Short
31533,SDAH,SEALDAH,STB,SHANTIPUR JN,96,140.0,2.3333333333333335,Short
31534,STB,SHANTIPUR JN,SDAH,SEALDAH,96,137.0,2.283333333333333,Short
31535,SDAH,SEALDAH,STB,SHANTIPUR JN,96,140.0,2.3333333333333335,Short
31536,STB,SHANTIPUR JN,SDAH,SEALDAH,96,133.0,2.216666666666667,Short
31537,SDAH,SEALDAH,STB,SHANTIPUR JN,96,138.0,2.3,Short
31538,STB,SHANTIPUR JN,SDAH,SEALDAH,96,140.0,2.3333333333333335,Short
31539,SDAH,SEALDAH,STB,SHANTIPUR JN,96,135.0,2.25,Short
31540,STB,SHANTIPUR JN,SDAH,SEALDAH,96,140.0,2.3333333333333335,Short
31541,SDAH,SEALDAH,STB,SHANTIPUR JN,96,135.0,2.25,Short
31542,STB,SHANTIPUR JN,SDAH,SEALDAH,96,133.0,2.216666666666667,Short
31571,RHA,RANAGHAT JN.,KNJ,KRISHNA NAGA,35,65.0,1.0833333333333333,Short
31584,KNJ,KRISHNA NAGA,STB,SHANTIPUR JN,15,38.0,0.6333333333333333,Short
31585,STB,SHANTIPUR JN,KNJ,KRISHNA NAGA,15,38.0,0.6333333333333333,Short
31586,KNJ,KRISHNA NAGA,STB,SHANTIPUR JN,15,37.0,0.6166666666666667,Short
31601,SDAH,SEALDAH,RHA,RANAGHAT JN.,76,108.0,1.8,Short
31602,RHA,RANAGHAT JN.,SDAH,SEALDAH,76,101.0,1.6833333333333333,Short
31611,SDAH,SEALDAH,RHA,RANAGHAT JN.,76,110.0,1.8333333333333333,Short
31612,RHA,RANAGHAT JN.,SDAH,SEALDAH,76,105.0,1.75,Short
31613,SDAH,SEALDAH,RHA,RANAGHAT JN.,76,108.0,1.8,Short
31614,RHA,RANAGHAT JN.,SDAH,SEALDAH,76,105.0,1.75,Short
31615,SDAH,SEALDAH,RHA,RANAGHAT JN.,76,110.0,1.8333333333333333,Short
31616,RHA,RANAGHAT JN.,SDAH,SEALDAH,76,110.0,1.8333333333333333,Short
31617,SDAH,SEALDAH,RHA,RANAGHAT JN.,76,108.0,1.8,Short
31618,RHA,RANAGHAT JN.,SDAH,SEALDAH,76,100.0,1.6666666666666667,Short
31619,SDAH,SEALDAH,RHA,RANAGHAT JN.,76,98.0,1.6333333333333333,Short
31620,RHA,RANAGHAT JN.,SDAH,SEALDAH,76,103.0,1.7166666666666666,Short
31621,SDAH,SEALDAH,RHA,RANAGHAT JN.,76,112.0,1.8666666666666667,Short
31622,RHA,RANAGHAT JN.,SDAH,SEALDAH,76,106.0,1.7666666666666666,Short
31623,SDAH,SEALDAH,RHA,RANAGHAT JN.,76,108.0,1.8,Short
31624,RHA,RANAGHAT JN.,SDAH,SEALDAH,76,106.0,1.7666666666666666,Short
31625,SDAH,SEALDAH,RHA,RANAGHAT JN.,76,107.0,1.7833333333333334,Short
31626,RHA,RANAGHAT JN.,SDAH,SEALDAH,76,92.0,1.5333333333333334,Short
31627,SDAH,SEALDAH,RHA,RANAGHAT JN.,76,110.0,1.8333333333333333,Short
31628,RHA,RANAGHAT JN.,SDAH,SEALDAH,76,105.0,1.75,Short
31629,SDAH,SEALDAH,RHA,RANAGHAT JN.,76,108.0,1.8,Short
31630,RHA,RANAGHAT JN.,SDAH,SEALDAH,76,108.0,1.8,Short
31631,SDAH,SEALDAH,RHA,RANAGHAT JN.,76,108.0,1.8,Short
31632,RHA,RANAGHAT JN.,SDAH,SEALDAH,76,110.0,1.8333333333333333,Short
31633,SDAH,SEALDAH,RHA,RANAGHAT JN.,76,108.0,1.8,Short
31634,RHA,RANAGHAT JN.,SDAH,SEALDAH,76,107.0,1.7833333333333334,Short
31636,RHA,RANAGHAT JN.,SDAH,SEALDAH,76,108.0,1.8,Short
31711,NH,NAIHATI JN.,RHA,RANAGHAT JN.,35,42.0,0.7,Short
31712,RHA,RANAGHAT JN.,NH,NAIHATI JN.,35,42.0,0.7,Short
31713,NH,NAIHATI JN.,RHA,RANAGHAT JN.,35,40.0,0.6666666666666666,Short
31714,RHA,RANAGHAT JN.,NH,NAIHATI JN.,35,40.0,0.6666666666666666,Short
31721,RHA,RANAGHAT JN.,KNJ,KRISHNA NAGA,26,29.0,0.48333333333333334,Short
31722,KNJ,KRISHNA NAGA,RHA,RANAGHAT JN.,26,34.0,0.5666666666666667,Short
31723,RHA,RANAGHAT JN.,KNJ,KRISHNA NAGA,26,33.0,0.55,Short
31724,KNJ,KRISHNA NAGA,RHA,RANAGHAT JN.,26,31.0,0.5166666666666667,Short
31725,RHA,RANAGHAT JN.,KNJ,KRISHNA NAGA,26,30.0,0.5,Short
31726,KNJ,KRISHNA NAGA,RHA,RANAGHAT JN.,26,33.0,0.55,Short
31741,RHA,RANAGHAT JN.,GEDE,GEDE,43,50.0,0.8333333333333334,Short
31742,GEDE,GEDE,RHA,RANAGHAT JN.,43,50.0,0.8333333333333334,Short
31743,RHA,RANAGHAT JN.,GEDE,GEDE,43,47.0,0.7833333333333333,Short
31744,GEDE,GEDE,RHA,RANAGHAT JN.,43,50.0,0.8333333333333334,Short
31745,RHA,RANAGHAT JN.,GEDE,GEDE,43,50.0,0.8333333333333334,Short
31746,GEDE,GEDE,RHA,RANAGHAT JN.,43,53.0,0.8833333333333333,Short
31747,RHA,RANAGHAT JN.,GEDE,GEDE,43,50.0,0.8333333333333334,Short
31748,GEDE,GEDE,RHA,RANAGHAT JN.,43,53.0,0.8833333333333333,Short
31749,RHA,RANAGHAT JN.,GEDE,GEDE,43,54.0,0.9,Short
31750,GEDE,GEDE,RHA,RANAGHAT JN.,43,50.0,0.8333333333333334,Short
31751,RHA,RANAGHAT JN.,GEDE,GEDE,43,50.0,0.8333333333333334,Short
31752,GEDE,GEDE,RHA,RANAGHAT JN.,43,50.0,0.8333333333333334,Short
31753,RHA,RANAGHAT JN.,GEDE,GEDE,43,50.0,0.8333333333333334,Short
31754,GEDE,GEDE,RHA,RANAGHAT JN.,43,50.0,0.8333333333333334,Short
31755,RHA,RANAGHAT JN.,GEDE,GEDE,43,50.0,0.8333333333333334,Short
31756,GEDE,GEDE,RHA,RANAGHAT JN.,43,50.0,0.8333333333333334,Short
31757,RHA,RANAGHAT JN.,GEDE,GEDE,43,50.0,0.8333333333333334,Short
31758,GEDE,GEDE,RHA,RANAGHAT JN.,43,49.0,0.8166666666666667,Short
31765,RHA,RANAGHAT JN.,LGL,LALGOLA,154,195.0,3.25,Medium
31766,LGL,LALGOLA,RHA,RANAGHAT JN.,153,200.0,3.3333333333333335,Medium
31767,RHA,RANAGHAT JN.,LGL,LALGOLA,154,195.0,3.25,Medium
31768,LGL,LALGOLA,RHA,RANAGHAT JN.,153,210.0,3.5,Medium
31770,LGL,LALGOLA,RHA,RANAGHAT JN.,153,220.0,3.6666666666666665,Medium
31771,RHA,RANAGHAT JN.,LGL,LALGOLA,154,195.0,3.25,Medium
31772,LGL,LALGOLA,RHA,RANAGHAT JN.,153,213.0,3.55,Medium
31781,RHA,RANAGHAT JN.,STB,SHANTIPUR JN,20,27.0,0.45,Short
31782,STB,SHANTIPUR JN,RHA,RANAGHAT JN.,19,27.0,0.45,Short
31783,RHA,RANAGHAT JN.,STB,SHANTIPUR JN,20,27.0,0.45,Short
31784,STB,SHANTIPUR JN,RHA,RANAGHAT JN.,19,29.0,0.48333333333333334,Short
31786,STB,SHANTIPUR JN,RHA,RANAGHAT JN.,19,28.0,0.4666666666666667,Short
31801,SDAH,SEALDAH,KNJ,KRISHNA NAGA,102,144.0,2.4,Medium
31802,KNJ,KRISHNA NAGA,SDAH,SEALDAH,102,138.0,2.3,Medium
31811,SDAH,SEALDAH,KNJ,KRISHNA NAGA,102,148.0,2.466666666666667,Medium
31812,KNJ,KRISHNA NAGA,SDAH,SEALDAH,102,145.0,2.4166666666666665,Medium
31813,SDAH,SEALDAH,KNJ,KRISHNA NAGA,102,142.0,2.3666666666666667,Medium
31814,KNJ,KRISHNA NAGA,SDAH,SEALDAH,102,132.0,2.2,Medium
31815,SDAH,SEALDAH,KNJ,KRISHNA NAGA,102,144.0,2.4,Medium
31816,KNJ,KRISHNA NAGA,SDAH,SEALDAH,102,140.0,2.3333333333333335,Medium
31817,SDAH,SEALDAH,KNJ,KRISHNA NAGA,102,147.0,2.45,Medium
31818,KNJ,KRISHNA NAGA,SDAH,SEALDAH,102,138.0,2.3,Medium
31819,SDAH,SEALDAH,KNJ,KRISHNA NAGA,102,135.0,2.25,Medium
31820,KNJ,KRISHNA NAGA,SDAH,SEALDAH,102,140.0,2.3333333333333335,Medium
31821,SDAH,SEALDAH,KNJ,KRISHNA NAGA,102,143.0,2.3833333333333333,Medium
31822,KNJ,KRISHNA NAGA,SDAH,SEALDAH,102,140.0,2.3333333333333335,Medium
31823,SDAH,SEALDAH,KNJ,KRISHNA NAGA,102,141.0,2.35,Medium
31824,KNJ,KRISHNA NAGA,SDAH,SEALDAH,102,138.0,2.3,Medium
31825,SDAH,SEALDAH,KNJ,KRISHNA NAGA,102,140.0,2.3333333333333335,Medium
31826,KNJ,KRISHNA NAGA,SDAH,SEALDAH,102,130.0,2.1666666666666665,Medium
31827,SDAH,SEALDAH,KNJ,KRISHNA NAGA,102,145.0,2.4166666666666665,Medium
31828,KNJ,KRISHNA NAGA,SDAH,SEALDAH,102,137.0,2.283333333333333,Medium
31829,SDAH,SEALDAH,KNJ,KRISHNA NAGA,102,140.0,2.3333333333333335,Medium
31830,KNJ,KRISHNA NAGA,SDAH,SEALDAH,102,138.0,2.3,Medium
31831,SDAH,SEALDAH,KNJ,KRISHNA NAGA,102,133.0,2.216666666666667,Medium
31832,KNJ,KRISHNA NAGA,SDAH,SEALDAH,102,146.0,2.433333333333333,Medium
31833,SDAH,SEALDAH,KNJ,KRISHNA NAGA,102,137.0,2.283333333333333,Medium
31834,KNJ,KRISHNA NAGA,SDAH,SEALDAH,102,139.0,2.316666666666667,Medium
31835,SDAH,SEALDAH,KNJ,KRISHNA NAGA,102,142.0,2.3666666666666667,Medium
31836,KNJ,KRISHNA NAGA,SDAH,SEALDAH,102,145.0,2.4166666666666665,Medium
31837,SDAH,SEALDAH,KNJ,KRISHNA NAGA,102,142.0,2.3666666666666667,Medium
31838,KNJ,KRISHNA NAGA,SDAH,SEALDAH,102,143.0,2.3833333333333333,Medium
31839,SDAH,SEALDAH,KNJ,KRISHNA NAGA,102,132.0,2.2,Medium
31840,KNJ,KRISHNA NAGA,SDAH,SEALDAH,102,150.0,2.5,Medium
31841,SDAH,SEALDAH,KNJ,KRISHNA NAGA,102,127.0,2.1166666666666667,Medium
31842,KNJ,KRISHNA NAGA,SDAH,SEALDAH,102,135.0,2.25,Medium
31843,SDAH,SEALDAH,KNJ,KRISHNA NAGA,102,130.0,2.1666666666666665,Medium
31844,KNJ,KRISHNA NAGA,SDAH,SEALDAH,102,118.0,1.9666666666666666,Medium
31861,KNJ,KRISHNA NAGA,LGL,LALGOLA,128,162.0,2.7,Medium
31862,LGL,LALGOLA,KNJ,KRISHNA NAGA,127,180.0,3.0,Medium
31863,KNJ,KRISHNA NAGA,LGL,LALGOLA,128,160.0,2.6666666666666665,Medium
31864,LGL,LALGOLA,KNJ,KRISHNA NAGA,127,165.0,2.75,Medium
31865,KNJ,KRISHNA NAGA,LGL,LALGOLA,128,150.0,2.5,Medium
31866,LGL,LALGOLA,KNJ,KRISHNA NAGA,127,162.0,2.7,Medium
31911,SDAH,SEALDAH,GEDE,GEDE,119,162.0,2.7,Medium
31912,GEDE,GEDE,SDAH,SEALDAH,119,155.0,2.5833333333333335,Medium
31913,SDAH,SEALDAH,GEDE,GEDE,119,168.0,2.8,Medium
31914,GEDE,GEDE,SDAH,SEALDAH,119,152.0,2.533333333333333,Medium
31915,SDAH,SEALDAH,GEDE,GEDE,119,161.0,2.683333333333333,Medium
31916,GEDE,GEDE,SDAH,SEALDAH,119,160.0,2.6666666666666665,Medium
31917,SDAH,SEALDAH,GEDE,GEDE,119,175.0,2.9166666666666665,Medium
31918,GEDE,GEDE,SDAH,SEALDAH,119,158.0,2.6333333333333333,Medium
31919,SDAH,SEALDAH,GEDE,GEDE,119,161.0,2.683333333333333,Medium
31920,GEDE,GEDE,SDAH,SEALDAH,119,154.0,2.566666666666667,Medium
31921,SDAH,SEALDAH,GEDE,GEDE,119,163.0,2.716666666666667,Medium
31922,GEDE,GEDE,SDAH,SEALDAH,119,175.0,2.9166666666666665,Medium
31923,SDAH,SEALDAH,GEDE,GEDE,119,164.0,2.7333333333333334,Medium
31924,GEDE,GEDE,SDAH,SEALDAH,119,157.0,2.6166666666666667,Medium
31925,SDAH,SEALDAH,GEDE,GEDE,119,157.0,2.6166666666666667,Medium
31926,GEDE,GEDE,SDAH,SEALDAH,119,161.0,2.683333333333333,Medium
31927,SDAH,SEALDAH,GEDE,GEDE,119,163.0,2.716666666666667,Medium
31928,GEDE,GEDE,SDAH,SEALDAH,119,157.0,2.6166666666666667,Medium
31929,SDAH,SEALDAH,GEDE,GEDE,119,161.0,2.683333333333333,Medium
32211,SDAH,SEALDAH,DKAE,DANKUNI JN.,28,43.0,0.7166666666666667,Short
32212,DKAE,DANKUNI JN.,SDAH,SEALDAH,28,45.0,0.75,Short
32213,SDAH,SEALDAH,DKAE,DANKUNI JN.,28,47.0,0.7833333333333333,Short
32214,DKAE,DANKUNI JN.,SDAH,SEALDAH,28,43.0,0.7166666666666667,Short
32215,SDAH,SEALDAH,DKAE,DANKUNI JN.,28,43.0,0.7166666666666667,Short
32216,DKAE,DANKUNI JN.,SDAH,SEALDAH,28,43.0,0.7166666666666667,Short
32217,SDAH,SEALDAH,DKAE,DANKUNI JN.,28,47.0,0.7833333333333333,Short
32218,DKAE,DANKUNI JN.,SDAH,SEALDAH,28,44.0,0.7333333333333333,Short
32219,SDAH,SEALDAH,DKAE,DANKUNI JN.,28,43.0,0.7166666666666667,Short
32220,DKAE,DANKUNI JN.,SDAH,SEALDAH,28,47.0,0.7833333333333333,Short
32221,SDAH,SEALDAH,DKAE,DANKUNI JN.,28,43.0,0.7166666666666667,Short
32222,DKAE,DANKUNI JN.,SDAH,SEALDAH,28,44.0,0.7333333333333333,Short
32223,SDAH,SEALDAH,DKAE,DANKUNI JN.,28,44.0,0.7333333333333333,Short
32224,DKAE,DANKUNI JN.,SDAH,SEALDAH,28,45.0,0.75,Short
32225,SDAH,SEALDAH,DKAE,DANKUNI JN.,28,43.0,0.7166666666666667,Short
32226,DKAE,DANKUNI JN.,SDAH,SEALDAH,28,45.0,0.75,Short
32227,SDAH,SEALDAH,DKAE,DANKUNI JN.,28,42.0,0.7,Short
32228,DKAE,DANKUNI JN.,SDAH,SEALDAH,28,47.0,0.7833333333333333,Short
32229,SDAH,SEALDAH,DKAE,DANKUNI JN.,28,47.0,0.7833333333333333,Short
32230,DKAE,DANKUNI JN.,SDAH,SEALDAH,28,45.0,0.75,Short
32231,SDAH,SEALDAH,DKAE,DANKUNI JN.,28,45.0,0.75,Short
32232,DKAE,DANKUNI JN.,SDAH,SEALDAH,28,44.0,0.7333333333333333,Short
32233,SDAH,SEALDAH,DKAE,DANKUNI JN.,28,45.0,0.75,Short
32234,DKAE,DANKUNI JN.,SDAH,SEALDAH,28,55.0,0.9166666666666666,Short
32235,SDAH,SEALDAH,DKAE,DANKUNI JN.,28,42.0,0.7,Short
32236,DKAE,DANKUNI JN.,SDAH,SEALDAH,28,43.0,0.7166666666666667,Short
32237,SDAH,SEALDAH,DKAE,DANKUNI JN.,28,44.0,0.7333333333333333,Short
32238,DKAE,DANKUNI JN.,SDAH,SEALDAH,28,42.0,0.7,Short
32239,SDAH,SEALDAH,DKAE,DANKUNI JN.,28,40.0,0.6666666666666666,Short
32240,DKAE,DANKUNI JN.,SDAH,SEALDAH,28,45.0,0.75,Short
32241,SDAH,SEALDAH,DKAE,DANKUNI JN.,28,45.0,0.75,Short
32242,DKAE,DANKUNI JN.,SDAH,SEALDAH,28,45.0,0.75,Short
32243,SDAH,SEALDAH,DKAE,DANKUNI JN.,28,43.0,0.7166666666666667,Short
32244,DKAE,DANKUNI JN.,SDAH,SEALDAH,28,45.0,0.75,Short
32245,SDAH,SEALDAH,DKAE,DANKUNI JN.,28,45.0,0.75,Short
32246,DKAE,DANKUNI JN.,SDAH,SEALDAH,28,43.0,0.7166666666666667,Short
32247,SDAH,SEALDAH,DKAE,DANKUNI JN.,28,43.0,0.7166666666666667,Short
32248,DKAE,DANKUNI JN.,SDAH,SEALDAH,28,48.0,0.8,Short
32249,SDAH,SEALDAH,DKAE,DANKUNI JN.,28,45.0,0.75,Short
32250,DKAE,DANKUNI JN.,SDAH,SEALDAH,28,48.0,0.8,Short
32252,DKAE,DANKUNI JN.,SDAH,SEALDAH,28,43.0,0.7166666666666667,Short
32411,SDAH,SEALDAH,BRPA,BARUI PARA,39,60.0,1.0,Short
32412,BRPA,BARUI PARA,SDAH,SEALDAH,39,67.0,1.1166666666666667,Short
32413,SDAH,SEALDAH,BRPA,BARUI PARA,39,70.0,1.1666666666666667,Short
32414,BRPA,BARUI PARA,SDAH,SEALDAH,39,60.0,1.0,Short
33061,CG,CANNING,BT,BARASAT JN.,66,132.0,2.2,Short
33212,DDJ,DUM DUM JN.,SDAH,SEALDAH,9,17.0,0.2833333333333333,Short
33231,DDJ,DUM DUM JN.,BP,BARRACKPORE,15,25.0,0.4166666666666667,Short
33232,BP,BARRACKPORE,DDJ,DUM DUM JN.,15,25.0,0.4166666666666667,Short
33262,BT,BARASAT JN.,DDJ,DUM DUM JN.,15,28.0,0.4666666666666667,Short
33271,DDJ,DUM DUM JN.,GBG,GOBARDANGA,50,80.0,1.3333333333333333,Short
33282,HNB,HASANABAD,DDJ,DUM DUM JN.,67,110.0,1.8333333333333333,Short
33291,DDJ,DUM DUM JN.,DKAE,DANKUNI JN.,18,28.0,0.4666666666666667,Short
33311,BT,BARASAT JN.,HNB,HASANABAD,52,90.0,1.5,Short
33312,HNB,HASANABAD,BT,BARASAT JN.,52,82.0,1.3666666666666667,Short
33313,BT,BARASAT JN.,HNB,HASANABAD,52,85.0,1.4166666666666667,Short
33314,HNB,HASANABAD,BT,BARASAT JN.,52,78.0,1.3,Short
33315,BT,BARASAT JN.,HNB,HASANABAD,52,80.0,1.3333333333333333,Short
33316,HNB,HASANABAD,BT,BARASAT JN.,52,84.0,1.4,Short
33317,BT,BARASAT JN.,HNB,HASANABAD,52,85.0,1.4166666666666667,Short
33318,HNB,HASANABAD,BT,BARASAT JN.,52,76.0,1.2666666666666666,Short
33319,BT,BARASAT JN.,HNB,HASANABAD,52,82.0,1.3666666666666667,Short
33320,HNB,HASANABAD,BT,BARASAT JN.,52,80.0,1.3333333333333333,Short
33321,BT,BARASAT JN.,HNB,HASANABAD,52,83.0,1.3833333333333333,Short
33323,BT,BARASAT JN.,HNB,HASANABAD,52,79.0,1.3166666666666667,Short
33325,BT,BARASAT JN.,HNB,HASANABAD,52,85.0,1.4166666666666667,Short
33351,BT,BARASAT JN.,HB,HABRA,22,33.0,0.55,Short
33357,BT,BARASAT JN.,DTK,DATTAPUKUR,7,13.0,0.21666666666666667,Short
33361,BT,BARASAT JN.,BNJ,BANGAON JN.,54,70.0,1.1666666666666667,Short
33362,BNJ,BANGAON JN.,BT,BARASAT JN.,54,65.0,1.0833333333333333,Short
33363,BT,BARASAT JN.,BNJ,BANGAON JN.,54,65.0,1.0833333333333333,Short
33364,BNJ,BANGAON JN.,BT,BARASAT JN.,54,74.0,1.2333333333333334,Short
33365,BT,BARASAT JN.,BNJ,BANGAON JN.,54,65.0,1.0833333333333333,Short
33366,BNJ,BANGAON JN.,BT,BARASAT JN.,54,70.0,1.1666666666666667,Short
33367,BT,BARASAT JN.,BNJ,BANGAON JN.,54,68.0,1.1333333333333333,Short
33382,GBG,GOBARDANGA,BT,BARASAT JN.,35,48.0,0.8,Short
33401,SDAH,SEALDAH,BT,BARASAT JN.,24,45.0,0.75,Short
33402,BT,BARASAT JN.,SDAH,SEALDAH,25,45.0,0.75,Short
33411,SDAH,SEALDAH,DDC,DUMDUM CANTO,12,21.0,0.35,Short
33412,DDC,DUMDUM CANTO,SDAH,SEALDAH,12,22.0,0.36666666666666664,Short
33421,SDAH,SEALDAH,MMG,MADHYAM GRAM,20,40.0,0.6666666666666666,Short
33422,MMG,MADHYAM GRAM,SDAH,SEALDAH,20,43.0,0.7166666666666667,Short
33431,SDAH,SEALDAH,BT,BARASAT JN.,24,47.0,0.7833333333333333,Short
33432,BT,BARASAT JN.,SDAH,SEALDAH,25,49.0,0.8166666666666667,Short
33433,SDAH,SEALDAH,BT,BARASAT JN.,24,46.0,0.7666666666666667,Short
33434,BT,BARASAT JN.,SDAH,SEALDAH,25,47.0,0.7833333333333333,Short
33435,SDAH,SEALDAH,BT,BARASAT JN.,24,50.0,0.8333333333333334,Short
33436,BT,BARASAT JN.,SDAH,SEALDAH,25,47.0,0.7833333333333333,Short
33437,SDAH,SEALDAH,BT,BARASAT JN.,24,48.0,0.8,Short
33438,BT,BARASAT JN.,SDAH,SEALDAH,25,45.0,0.75,Short
33439,SDAH,SEALDAH,BT,BARASAT JN.,24,46.0,0.7666666666666667,Short
33440,BT,BARASAT JN.,SDAH,SEALDAH,25,45.0,0.75,Short
33441,SDAH,SEALDAH,BT,BARASAT JN.,24,44.0,0.7333333333333333,Short
33443,SDAH,SEALDAH,BT,BARASAT JN.,24,46.0,0.7666666666666667,Short
33445,SDAH,SEALDAH,BT,BARASAT JN.,24,44.0,0.7333333333333333,Short
33447,SDAH,SEALDAH,BT,BARASAT JN.,24,45.0,0.75,Short
33511,SDAH,SEALDAH,HNB,HASANABAD,77,130.0,2.1666666666666665,Short
33512,HNB,HASANABAD,SDAH,SEALDAH,77,147.0,2.45,Short
33513,SDAH,SEALDAH,HNB,HASANABAD,77,126.0,2.1,Short
33514,HNB,HASANABAD,SDAH,SEALDAH,77,127.0,2.1166666666666667,Short
33515,SDAH,SEALDAH,HNB,HASANABAD,77,135.0,2.25,Short
33516,HNB,HASANABAD,SDAH,SEALDAH,77,129.0,2.15,Short
33517,SDAH,SEALDAH,HNB,HASANABAD,77,130.0,2.1666666666666665,Short
33518,HNB,HASANABAD,SDAH,SEALDAH,77,130.0,2.1666666666666665,Short
33519,SDAH,SEALDAH,HNB,HASANABAD,77,132.0,2.2,Short
33520,HNB,HASANABAD,SDAH,SEALDAH,77,133.0,2.216666666666667,Short
33521,SDAH,SEALDAH,HNB,HASANABAD,77,123.0,2.05,Short
33522,HNB,HASANABAD,SDAH,SEALDAH,77,128.0,2.1333333333333333,Short
33523,SDAH,SEALDAH,HNB,HASANABAD,77,125.0,2.0833333333333335,Short
33524,HNB,HASANABAD,SDAH,SEALDAH,77,125.0,2.0833333333333335,Short
33525,SDAH,SEALDAH,HNB,HASANABAD,77,141.0,2.35,Short
33526,HNB,HASANABAD,SDAH,SEALDAH,77,123.0,2.05,Short
33527,SDAH,SEALDAH,HNB,HASANABAD,77,136.0,2.2666666666666666,Short
33528,HNB,HASANABAD,SDAH,SEALDAH,77,125.0,2.0833333333333335,Short
33529,SDAH,SEALDAH,HNB,HASANABAD,77,125.0,2.0833333333333335,Short
33530,HNB,HASANABAD,SDAH,SEALDAH,77,138.0,2.3,Short
33531,SDAH,SEALDAH,HNB,HASANABAD,77,125.0,2.0833333333333335,Short
33532,HNB,HASANABAD,SDAH,SEALDAH,77,135.0,2.25,Short
33533,SDAH,SEALDAH,HNB,HASANABAD,77,131.0,2.183333333333333,Short
33534,HNB,HASANABAD,SDAH,SEALDAH,77,125.0,2.0833333333333335,Short
33536,HNB,HASANABAD,SDAH,SEALDAH,77,137.0,2.283333333333333,Short
33538,HNB,HASANABAD,SDAH,SEALDAH,77,129.0,2.15,Short
33611,SDAH,SEALDAH,DTK,DATTAPUKUR,32,62.0,1.0333333333333334,Short
33612,DTK,DATTAPUKUR,SDAH,SEALDAH,32,58.0,0.9666666666666667,Short
33613,SDAH,SEALDAH,DTK,DATTAPUKUR,32,60.0,1.0,Short
33614,DTK,DATTAPUKUR,SDAH,SEALDAH,32,60.0,1.0,Short
33615,SDAH,SEALDAH,DTK,DATTAPUKUR,32,60.0,1.0,Short
33616,DTK,DATTAPUKUR,SDAH,SEALDAH,32,60.0,1.0,Short
33617,SDAH,SEALDAH,DTK,DATTAPUKUR,32,60.0,1.0,Short
33618,DTK,DATTAPUKUR,SDAH,SEALDAH,32,60.0,1.0,Short
33619,SDAH,SEALDAH,DTK,DATTAPUKUR,32,61.0,1.0166666666666666,Short
33620,DTK,DATTAPUKUR,SDAH,SEALDAH,32,62.0,1.0333333333333334,Short
33621,SDAH,SEALDAH,DTK,DATTAPUKUR,32,59.0,0.9833333333333333,Short
33622,DTK,DATTAPUKUR,SDAH,SEALDAH,32,55.0,0.9166666666666666,Short
33623,SDAH,SEALDAH,DTK,DATTAPUKUR,32,62.0,1.0333333333333334,Short
33624,DTK,DATTAPUKUR,SDAH,SEALDAH,32,57.0,0.95,Short
33626,DTK,DATTAPUKUR,SDAH,SEALDAH,32,60.0,1.0,Short
33628,DTK,DATTAPUKUR,SDAH,SEALDAH,32,60.0,1.0,Short
33630,DTK,DATTAPUKUR,SDAH,SEALDAH,32,58.0,0.9666666666666667,Short
33651,SDAH,SEALDAH,HB,HABRA,47,78.0,1.3,Short
33652,HB,HABRA,SDAH,SEALDAH,47,80.0,1.3333333333333333,Short
33653,SDAH,SEALDAH,HB,HABRA,47,80.0,1.3333333333333333,Short
33654,HB,HABRA,SDAH,SEALDAH,47,80.0,1.3333333333333333,Short
33655,SDAH,SEALDAH,HB,HABRA,47,77.0,1.2833333333333334,Short
33656,HB,HABRA,SDAH,SEALDAH,47,76.0,1.2666666666666666,Short
33657,SDAH,SEALDAH,HB,HABRA,47,78.0,1.3,Short
33658,HB,HABRA,SDAH,SEALDAH,47,80.0,1.3333333333333333,Short
33659,SDAH,SEALDAH,HB,HABRA,47,78.0,1.3,Short
33660,HB,HABRA,SDAH,SEALDAH,47,77.0,1.2833333333333334,Short
33664,HB,HABRA,SDAH,SEALDAH,47,75.0,1.25,Short
33666,HB,HABRA,SDAH,SEALDAH,47,82.0,1.3666666666666667,Short
33681,SDAH,SEALDAH,GBG,GOBARDANGA,59,97.0,1.6166666666666667,Short
33682,GBG,GOBARDANGA,SDAH,SEALDAH,60,93.0,1.55,Short
33685,SDAH,SEALDAH,GBG,GOBARDANGA,59,94.0,1.5666666666666667,Short
33686,GBG,GOBARDANGA,SDAH,SEALDAH,60,94.0,1.5666666666666667,Short
33687,SDAH,SEALDAH,GBG,GOBARDANGA,59,95.0,1.5833333333333333,Short
33688,GBG,GOBARDANGA,SDAH,SEALDAH,60,100.0,1.6666666666666667,Short
33711,RHA,RANAGHAT JN.,BNJ,BANGAON JN.,32,43.0,0.7166666666666667,Short
33712,BNJ,BANGAON JN.,RHA,RANAGHAT JN.,32,46.0,0.7666666666666667,Short
33713,RHA,RANAGHAT JN.,BNJ,BANGAON JN.,32,46.0,0.7666666666666667,Short
33714,BNJ,BANGAON JN.,RHA,RANAGHAT JN.,32,45.0,0.75,Short
33715,RHA,RANAGHAT JN.,BNJ,BANGAON JN.,32,48.0,0.8,Short
33716,BNJ,BANGAON JN.,RHA,RANAGHAT JN.,32,45.0,0.75,Short
33717,RHA,RANAGHAT JN.,BNJ,BANGAON JN.,32,41.0,0.6833333333333333,Short
33718,BNJ,BANGAON JN.,RHA,RANAGHAT JN.,32,46.0,0.7666666666666667,Short
33719,RHA,RANAGHAT JN.,BNJ,BANGAON JN.,32,41.0,0.6833333333333333,Short
33720,BNJ,BANGAON JN.,RHA,RANAGHAT JN.,32,45.0,0.75,Short
33721,RHA,RANAGHAT JN.,BNJ,BANGAON JN.,32,44.0,0.7333333333333333,Short
33722,BNJ,BANGAON JN.,RHA,RANAGHAT JN.,32,40.0,0.6666666666666666,Short
33723,RHA,RANAGHAT JN.,BNJ,BANGAON JN.,32,45.0,0.75,Short
33724,BNJ,BANGAON JN.,RHA,RANAGHAT JN.,32,45.0,0.75,Short
33725,RHA,RANAGHAT JN.,BNJ,BANGAON JN.,32,45.0,0.75,Short
33726,BNJ,BANGAON JN.,RHA,RANAGHAT JN.,32,42.0,0.7,Short
33727,RHA,RANAGHAT JN.,BNJ,BANGAON JN.,32,45.0,0.75,Short
33728,BNJ,BANGAON JN.,RHA,RANAGHAT JN.,32,43.0,0.7166666666666667,Short
33729,RHA,RANAGHAT JN.,BNJ,BANGAON JN.,32,46.0,0.7666666666666667,Short
33730,BNJ,BANGAON JN.,RHA,RANAGHAT JN.,32,42.0,0.7,Short
33731,RHA,RANAGHAT JN.,BNJ,BANGAON JN.,32,45.0,0.75,Short
33732,BNJ,BANGAON JN.,RHA,RANAGHAT JN.,32,42.0,0.7,Short
33733,RHA,RANAGHAT JN.,BNJ,BANGAON JN.,32,42.0,0.7,Short
33734,BNJ,BANGAON JN.,RHA,RANAGHAT JN.,32,41.0,0.6833333333333333,Short
33735,RHA,RANAGHAT JN.,BNJ,BANGAON JN.,32,46.0,0.7666666666666667,Short
33736,BNJ,BANGAON JN.,RHA,RANAGHAT JN.,32,43.0,0.7166666666666667,Short
33737,RHA,RANAGHAT JN.,BNJ,BANGAON JN.,32,45.0,0.75,Short
33738,BNJ,BANGAON JN.,RHA,RANAGHAT JN.,32,43.0,0.7166666666666667,Short
33739,RHA,RANAGHAT JN.,BNJ,BANGAON JN.,32,46.0,0.7666666666666667,Short
33751,STB,SHANTIPUR JN,BNJ,BANGAON JN.,52,69.0,1.15,Short
33752,BNJ,BANGAON JN.,STB,SHANTIPUR JN,52,72.0,1.2,Short
33801,SDAH,SEALDAH,BNJ,BANGAON JN.,79,116.0,1.9333333333333333,Short
33802,BNJ,BANGAON JN.,SDAH,SEALDAH,79,120.0,2.0,Short
33811,SDAH,SEALDAH,BNJ,BANGAON JN.,79,107.0,1.7833333333333334,Short
33812,BNJ,BANGAON JN.,SDAH,SEALDAH,79,127.0,2.1166666666666667,Short
33813,SDAH,SEALDAH,BNJ,BANGAON JN.,79,113.0,1.8833333333333333,Short
33814,BNJ,BANGAON JN.,SDAH,SEALDAH,79,112.0,1.8666666666666667,Short
33815,SDAH,SEALDAH,BNJ,BANGAON JN.,79,115.0,1.9166666666666667,Short
33816,BNJ,BANGAON JN.,SDAH,SEALDAH,79,110.0,1.8333333333333333,Short
33817,SDAH,SEALDAH,BNJ,BANGAON JN.,79,109.0,1.8166666666666667,Short
33818,BNJ,BANGAON JN.,SDAH,SEALDAH,79,116.0,1.9333333333333333,Short
33819,SDAH,SEALDAH,BNJ,BANGAON JN.,79,120.0,2.0,Short
33820,BNJ,BANGAON JN.,SDAH,SEALDAH,79,110.0,1.8333333333333333,Short
33821,SDAH,SEALDAH,BNJ,BANGAON JN.,79,115.0,1.9166666666666667,Short
33822,BNJ,BANGAON JN.,SDAH,SEALDAH,79,118.0,1.9666666666666666,Short
33823,SDAH,SEALDAH,BNJ,BANGAON JN.,79,115.0,1.9166666666666667,Short
33824,BNJ,BANGAON JN.,SDAH,SEALDAH,79,117.0,1.95,Short
33825,SDAH,SEALDAH,BNJ,BANGAON JN.,79,115.0,1.9166666666666667,Short
33826,BNJ,BANGAON JN.,SDAH,SEALDAH,79,118.0,1.9666666666666666,Short
33827,SDAH,SEALDAH,BNJ,BANGAON JN.,79,117.0,1.95,Short
33828,BNJ,BANGAON JN.,SDAH,SEALDAH,79,120.0,2.0,Short
33829,SDAH,SEALDAH,BNJ,BANGAON JN.,79,113.0,1.8833333333333333,Short
33830,BNJ,BANGAON JN.,SDAH,SEALDAH,79,122.0,2.033333333333333,Short
33831,SDAH,SEALDAH,BNJ,BANGAON JN.,79,113.0,1.8833333333333333,Short
33832,BNJ,BANGAON JN.,SDAH,SEALDAH,79,148.0,2.466666666666667,Short
33833,SDAH,SEALDAH,BNJ,BANGAON JN.,79,115.0,1.9166666666666667,Short
33834,BNJ,BANGAON JN.,SDAH,SEALDAH,79,118.0,1.9666666666666666,Short
33835,SDAH,SEALDAH,BNJ,BANGAON JN.,79,115.0,1.9166666666666667,Short
33836,BNJ,BANGAON JN.,SDAH,SEALDAH,79,113.0,1.8833333333333333,Short
33837,SDAH,SEALDAH,BNJ,BANGAON JN.,79,115.0,1.9166666666666667,Short
33838,BNJ,BANGAON JN.,SDAH,SEALDAH,79,113.0,1.8833333333333333,Short
33839,SDAH,SEALDAH,BNJ,BANGAON JN.,79,113.0,1.8833333333333333,Short
33840,BNJ,BANGAON JN.,SDAH,SEALDAH,79,118.0,1.9666666666666666,Short
33841,SDAH,SEALDAH,BNJ,BANGAON JN.,79,115.0,1.9166666666666667,Short
33842,BNJ,BANGAON JN.,SDAH,SEALDAH,79,115.0,1.9166666666666667,Short
33843,SDAH,SEALDAH,BNJ,BANGAON JN.,79,120.0,2.0,Short
33844,BNJ,BANGAON JN.,SDAH,SEALDAH,79,120.0,2.0,Short
33845,SDAH,SEALDAH,BNJ,BANGAON JN.,79,114.0,1.9,Short
33846,BNJ,BANGAON JN.,SDAH,SEALDAH,79,117.0,1.95,Short
33847,SDAH,SEALDAH,BNJ,BANGAON JN.,79,115.0,1.9166666666666667,Short
33848,BNJ,BANGAON JN.,SDAH,SEALDAH,79,116.0,1.9333333333333333,Short
33849,SDAH,SEALDAH,BNJ,BANGAON JN.,79,120.0,2.0,Short
33850,BNJ,BANGAON JN.,SDAH,SEALDAH,79,117.0,1.95,Short
33851,SDAH,SEALDAH,BNJ,BANGAON JN.,79,115.0,1.9166666666666667,Short
33852,BNJ,BANGAON JN.,SDAH,SEALDAH,79,120.0,2.0,Short
33853,SDAH,SEALDAH,BNJ,BANGAON JN.,79,113.0,1.8833333333333333,Short
33854,BNJ,BANGAON JN.,SDAH,SEALDAH,79,115.0,1.9166666666666667,Short
33855,SDAH,SEALDAH,BNJ,BANGAON JN.,79,115.0,1.9166666666666667,Short
33856,BNJ,BANGAON JN.,SDAH,SEALDAH,79,115.0,1.9166666666666667,Short
33857,SDAH,SEALDAH,BNJ,BANGAON JN.,79,113.0,1.8833333333333333,Short
33858,BNJ,BANGAON JN.,SDAH,SEALDAH,79,110.0,1.8333333333333333,Short
33859,SDAH,SEALDAH,BNJ,BANGAON JN.,79,112.0,1.8666666666666667,Short
33860,BNJ,BANGAON JN.,SDAH,SEALDAH,79,117.0,1.95,Short
33861,SDAH,SEALDAH,BNJ,BANGAON JN.,79,115.0,1.9166666666666667,Short
33863,SDAH,SEALDAH,BNJ,BANGAON JN.,79,120.0,2.0,Short
33895,SDAH,SEALDAH,TKNR,THAKURNAGAR,65,90.0,1.5,Short
33896,TKNR,THAKURNAGAR,SDAH,SEALDAH,65,95.0,1.5833333333333333,Short
34052,NH,NAIHATI JN.,BGB,BUDGE BUDGE,67,120.0,2.0,Short
34054,NH,NAIHATI JN.,BGB,BUDGE BUDGE,67,124.0,2.066666666666667,Short
34056,KLYM,KALYANI SIMA,BGB,BUDGE BUDGE,82,153.0,2.55,Short
34062,BNJ,BANGAON JN.,CG,CANNING,120,207.0,3.45,Medium
34111,BGB,BUDGE BUDGE,SDAH,SEALDAH,30,50.0,0.8333333333333334,Short
34112,SDAH,SEALDAH,BGB,BUDGE BUDGE,30,50.0,0.8333333333333334,Short
34113,BGB,BUDGE BUDGE,SDAH,SEALDAH,30,57.0,0.95,Short
34114,SDAH,SEALDAH,BGB,BUDGE BUDGE,30,54.0,0.9,Short
34115,BGB,BUDGE BUDGE,SDAH,SEALDAH,30,55.0,0.9166666666666666,Short
34116,SDAH,SEALDAH,BGB,BUDGE BUDGE,30,53.0,0.8833333333333333,Short
34117,BGB,BUDGE BUDGE,SDAH,SEALDAH,30,57.0,0.95,Short
34118,SDAH,SEALDAH,BGB,BUDGE BUDGE,30,53.0,0.8833333333333333,Short
34119,BGB,BUDGE BUDGE,SDAH,SEALDAH,30,55.0,0.9166666666666666,Short
34120,SDAH,SEALDAH,BGB,BUDGE BUDGE,30,55.0,0.9166666666666666,Short
34121,BGB,BUDGE BUDGE,SDAH,SEALDAH,30,53.0,0.8833333333333333,Short
34122,SDAH,SEALDAH,BGB,BUDGE BUDGE,30,48.0,0.8,Short
34123,BGB,BUDGE BUDGE,SDAH,SEALDAH,30,55.0,0.9166666666666666,Short
34124,SDAH,SEALDAH,BGB,BUDGE BUDGE,30,51.0,0.85,Short
34125,BGB,BUDGE BUDGE,SDAH,SEALDAH,30,52.0,0.8666666666666667,Short
34126,SDAH,SEALDAH,BGB,BUDGE BUDGE,30,53.0,0.8833333333333333,Short
34127,BGB,BUDGE BUDGE,SDAH,SEALDAH,30,55.0,0.9166666666666666,Short
34128,SDAH,SEALDAH,BGB,BUDGE BUDGE,30,55.0,0.9166666666666666,Short
34129,BGB,BUDGE BUDGE,SDAH,SEALDAH,30,57.0,0.95,Short
34130,SDAH,SEALDAH,BGB,BUDGE BUDGE,30,54.0,0.9,Short
34131,BGB,BUDGE BUDGE,SDAH,SEALDAH,30,64.0,1.0666666666666667,Short
34132,SDAH,SEALDAH,BGB,BUDGE BUDGE,30,55.0,0.9166666666666666,Short
34133,BGB,BUDGE BUDGE,SDAH,SEALDAH,30,54.0,0.9,Short
34134,SDAH,SEALDAH,BGB,BUDGE BUDGE,30,53.0,0.8833333333333333,Short
34135,BGB,BUDGE BUDGE,SDAH,SEALDAH,30,55.0,0.9166666666666666,Short
34136,SDAH,SEALDAH,BGB,BUDGE BUDGE,30,53.0,0.8833333333333333,Short
34137,BGB,BUDGE BUDGE,SDAH,SEALDAH,30,50.0,0.8333333333333334,Short
34138,SDAH,SEALDAH,BGB,BUDGE BUDGE,30,52.0,0.8666666666666667,Short
34139,BGB,BUDGE BUDGE,SDAH,SEALDAH,30,52.0,0.8666666666666667,Short
34140,SDAH,SEALDAH,BGB,BUDGE BUDGE,30,55.0,0.9166666666666666,Short
34141,BGB,BUDGE BUDGE,SDAH,SEALDAH,30,54.0,0.9,Short
34142,SDAH,SEALDAH,BGB,BUDGE BUDGE,30,52.0,0.8666666666666667,Short
34143,BGB,BUDGE BUDGE,SDAH,SEALDAH,30,53.0,0.8833333333333333,Short
34144,SDAH,SEALDAH,BGB,BUDGE BUDGE,30,51.0,0.85,Short
34145,BGB,BUDGE BUDGE,SDAH,SEALDAH,30,49.0,0.8166666666666667,Short
34146,SDAH,SEALDAH,BGB,BUDGE BUDGE,30,54.0,0.9,Short
34147,BGB,BUDGE BUDGE,SDAH,SEALDAH,30,50.0,0.8333333333333334,Short
34148,SDAH,SEALDAH,BGB,BUDGE BUDGE,30,52.0,0.8666666666666667,Short
34149,BGB,BUDGE BUDGE,SDAH,SEALDAH,30,51.0,0.85,Short
34150,SDAH,SEALDAH,BGB,BUDGE BUDGE,30,56.0,0.9333333333333333,Short
34151,BGB,BUDGE BUDGE,SDAH,SEALDAH,30,55.0,0.9166666666666666,Short
34152,SDAH,SEALDAH,BGB,BUDGE BUDGE,30,55.0,0.9166666666666666,Short
34153,BGB,BUDGE BUDGE,SDAH,SEALDAH,30,54.0,0.9,Short
34154,SDAH,SEALDAH,BGB,BUDGE BUDGE,30,55.0,0.9166666666666666,Short
34155,BGB,BUDGE BUDGE,SDAH,SEALDAH,30,52.0,0.8666666666666667,Short
34156,SDAH,SEALDAH,BGB,BUDGE BUDGE,30,55.0,0.9166666666666666,Short
34157,BGB,BUDGE BUDGE,SDAH,SEALDAH,30,54.0,0.9,Short
34158,SDAH,SEALDAH,BGB,BUDGE BUDGE,30,52.0,0.8666666666666667,Short
34159,BGB,BUDGE BUDGE,SDAH,SEALDAH,30,55.0,0.9166666666666666,Short
34160,SDAH,SEALDAH,BGB,BUDGE BUDGE,30,55.0,0.9166666666666666,Short
34161,BGB,BUDGE BUDGE,SDAH,SEALDAH,30,48.0,0.8,Short
34162,SDAH,SEALDAH,BGB,BUDGE BUDGE,30,53.0,0.8833333333333333,Short
34163,BGB,BUDGE BUDGE,SDAH,SEALDAH,30,52.0,0.8666666666666667,Short
34164,SDAH,SEALDAH,BGB,BUDGE BUDGE,30,53.0,0.8833333333333333,Short
34165,BGB,BUDGE BUDGE,SDAH,SEALDAH,30,48.0,0.8,Short
34166,SDAH,SEALDAH,BGB,BUDGE BUDGE,30,48.0,0.8,Short
34311,BRP,BARUIPUR JN.,SPR,SONARPUR JN.,8,15.0,0.25,Short
34312,SPR,SONARPUR JN.,BRP,BARUIPUR JN.,8,15.0,0.25,Short
34313,BRP,BARUIPUR JN.,SPR,SONARPUR JN.,8,15.0,0.25,Short
34331,LKPR,LAKSHMIKANTA,BRP,BARUIPUR JN.,36,52.0,0.8666666666666667,Short
34332,BRP,BARUIPUR JN.,LKPR,LAKSHMIKANTA,36,55.0,0.9166666666666666,Short
34334,BRP,BARUIPUR JN.,LKPR,LAKSHMIKANTA,36,55.0,0.9166666666666666,Short
34351,CG,CANNING,SPR,SONARPUR JN.,29,46.0,0.7666666666666667,Short
34352,SPR,SONARPUR JN.,CG,CANNING,28,42.0,0.7,Short
34353,CG,CANNING,SPR,SONARPUR JN.,29,43.0,0.7166666666666667,Short
34354,SPR,SONARPUR JN.,CG,CANNING,29,42.0,0.7,Short
34355,CG,CANNING,SPR,SONARPUR JN.,29,37.0,0.6166666666666667,Short
34356,SPR,SONARPUR JN.,CG,CANNING,29,41.0,0.6833333333333333,Short
34358,SPR,SONARPUR JN.,CG,CANNING,29,40.0,0.6666666666666666,Short
34360,SPR,SONARPUR JN.,CG,CANNING,28,42.0,0.7,Short
34411,SPR,SONARPUR JN.,SDAH,SEALDAH,16,32.0,0.5333333333333333,Short
34412,SDAH,SEALDAH,SPR,SONARPUR JN.,16,28.0,0.4666666666666667,Short
34413,SPR,SONARPUR JN.,SDAH,SEALDAH,16,34.0,0.5666666666666667,Short
34414,SDAH,SEALDAH,SPR,SONARPUR JN.,16,32.0,0.5333333333333333,Short
34415,SPR,SONARPUR JN.,SDAH,SEALDAH,16,33.0,0.55,Short
34416,SDAH,SEALDAH,SPR,SONARPUR JN.,16,32.0,0.5333333333333333,Short
34417,SPR,SONARPUR JN.,SDAH,SEALDAH,16,32.0,0.5333333333333333,Short
34418,SDAH,SEALDAH,SPR,SONARPUR JN.,16,31.0,0.5166666666666667,Short
34419,SPR,SONARPUR JN.,SDAH,SEALDAH,16,33.0,0.55,Short
34420,SDAH,SEALDAH,SPR,SONARPUR JN.,16,32.0,0.5333333333333333,Short
34421,SPR,SONARPUR JN.,SDAH,SEALDAH,16,32.0,0.5333333333333333,Short
34422,SDAH,SEALDAH,SPR,SONARPUR JN.,16,32.0,0.5333333333333333,Short
34423,SPR,SONARPUR JN.,SDAH,SEALDAH,16,32.0,0.5333333333333333,Short
34424,SDAH,SEALDAH,SPR,SONARPUR JN.,16,32.0,0.5333333333333333,Short
34425,SPR,SONARPUR JN.,SDAH,SEALDAH,16,33.0,0.55,Short
34426,SDAH,SEALDAH,SPR,SONARPUR JN.,16,29.0,0.48333333333333334,Short
34427,SPR,SONARPUR JN.,SDAH,SEALDAH,16,35.0,0.5833333333333334,Short
34428,SDAH,SEALDAH,SPR,SONARPUR JN.,16,31.0,0.5166666666666667,Short
34429,SPR,SONARPUR JN.,SDAH,SEALDAH,16,33.0,0.55,Short
34430,SDAH,SEALDAH,SPR,SONARPUR JN.,16,33.0,0.55,Short
34431,SPR,SONARPUR JN.,SDAH,SEALDAH,16,33.0,0.55,Short
34432,SDAH,SEALDAH,SPR,SONARPUR JN.,16,29.0,0.48333333333333334,Short
34434,SDAH,SEALDAH,SPR,SONARPUR JN.,16,30.0,0.5,Short
34436,SDAH,SEALDAH,SPR,SONARPUR JN.,16,30.0,0.5,Short
34501,CG,CANNING,SDAH,SEALDAH,45,75.0,1.25,Short
34502,SDAH,SEALDAH,CG,CANNING,45,75.0,1.25,Short
34511,CG,CANNING,SDAH,SEALDAH,45,80.0,1.3333333333333333,Short
34512,SDAH,SEALDAH,CG,CANNING,45,72.0,1.2,Short
34513,CG,CANNING,SDAH,SEALDAH,45,75.0,1.25,Short
34514,SDAH,SEALDAH,CG,CANNING,45,74.0,1.2333333333333334,Short
34515,CG,CANNING,SDAH,SEALDAH,45,78.0,1.3,Short
34516,SDAH,SEALDAH,CG,CANNING,45,74.0,1.2333333333333334,Short
34517,CG,CANNING,SDAH,SEALDAH,45,77.0,1.2833333333333334,Short
34518,SDAH,SEALDAH,CG,CANNING,45,76.0,1.2666666666666666,Short
34519,CG,CANNING,SDAH,SEALDAH,45,80.0,1.3333333333333333,Short
34520,SDAH,SEALDAH,CG,CANNING,45,75.0,1.25,Short
34521,CG,CANNING,SDAH,SEALDAH,45,74.0,1.2333333333333334,Short
34522,SDAH,SEALDAH,CG,CANNING,45,76.0,1.2666666666666666,Short
34523,CG,CANNING,SDAH,SEALDAH,45,75.0,1.25,Short
34524,SDAH,SEALDAH,CG,CANNING,45,75.0,1.25,Short
34525,CG,CANNING,SDAH,SEALDAH,45,74.0,1.2333333333333334,Short
34526,SDAH,SEALDAH,CG,CANNING,45,75.0,1.25,Short
34527,CG,CANNING,SDAH,SEALDAH,45,75.0,1.25,Short
34528,SDAH,SEALDAH,CG,CANNING,45,75.0,1.25,Short
34529,CG,CANNING,SDAH,SEALDAH,45,75.0,1.25,Short
34530,SDAH,SEALDAH,CG,CANNING,45,73.0,1.2166666666666666,Short
34531,CG,CANNING,SDAH,SEALDAH,45,78.0,1.3,Short
34532,SDAH,SEALDAH,CG,CANNING,45,76.0,1.2666666666666666,Short
34533,CG,CANNING,SDAH,SEALDAH,45,90.0,1.5,Short
34534,SDAH,SEALDAH,CG,CANNING,45,77.0,1.2833333333333334,Short
34535,CG,CANNING,SDAH,SEALDAH,45,77.0,1.2833333333333334,Short
34536,SDAH,SEALDAH,CG,CANNING,45,75.0,1.25,Short
34537,CG,CANNING,SDAH,SEALDAH,45,72.0,1.2,Short
34538,SDAH,SEALDAH,CG,CANNING,45,75.0,1.25,Short
34539,CG,CANNING,SDAH,SEALDAH,45,77.0,1.2833333333333334,Short
34540,SDAH,SEALDAH,CG,CANNING,45,75.0,1.25,Short
34541,CG,CANNING,SDAH,SEALDAH,45,76.0,1.2666666666666666,Short
34542,SDAH,SEALDAH,CG,CANNING,45,74.0,1.2333333333333334,Short
34543,CG,CANNING,SDAH,SEALDAH,45,77.0,1.2833333333333334,Short
34544,SDAH,SEALDAH,CG,CANNING,45,74.0,1.2333333333333334,Short
34545,CG,CANNING,SDAH,SEALDAH,45,77.0,1.2833333333333334,Short
34546,SDAH,SEALDAH,CG,CANNING,45,75.0,1.25,Short
34547,CG,CANNING,SDAH,SEALDAH,45,77.0,1.2833333333333334,Short
34548,SDAH,SEALDAH,CG,CANNING,45,74.0,1.2333333333333334,Short
34549,CG,CANNING,SDAH,SEALDAH,45,74.0,1.2333333333333334,Short
34550,SDAH,SEALDAH,CG,CANNING,45,81.0,1.35,Short
34551,CG,CANNING,SDAH,SEALDAH,45,75.0,1.25,Short
34552,SDAH,SEALDAH,CG,CANNING,45,74.0,1.2333333333333334,Short
34553,CG,CANNING,SDAH,SEALDAH,45,75.0,1.25,Short
34554,SDAH,SEALDAH,CG,CANNING,45,72.0,1.2,Short
34555,CG,CANNING,SDAH,SEALDAH,45,75.0,1.25,Short
34557,CG,CANNING,SDAH,SEALDAH,45,76.0,1.2666666666666666,Short
34601,BRP,BARUIPUR JN.,SDAH,SEALDAH,24,45.0,0.75,Short
34602,SDAH,SEALDAH,BRP,BARUIPUR JN.,24,42.0,0.7,Short
34611,BRP,BARUIPUR JN.,SDAH,SEALDAH,24,47.0,0.7833333333333333,Short
34612,SDAH,SEALDAH,BRP,BARUIPUR JN.,24,42.0,0.7,Short
34613,BRP,BARUIPUR JN.,SDAH,SEALDAH,24,47.0,0.7833333333333333,Short
34614,SDAH,SEALDAH,BRP,BARUIPUR JN.,24,42.0,0.7,Short
34615,BRP,BARUIPUR JN.,SDAH,SEALDAH,24,47.0,0.7833333333333333,Short
34616,SDAH,SEALDAH,BRP,BARUIPUR JN.,24,45.0,0.75,Short
34617,BRP,BARUIPUR JN.,SDAH,SEALDAH,24,47.0,0.7833333333333333,Short
34618,SDAH,SEALDAH,BRP,BARUIPUR JN.,24,42.0,0.7,Short
34619,BRP,BARUIPUR JN.,SDAH,SEALDAH,24,46.0,0.7666666666666667,Short
34620,SDAH,SEALDAH,BRP,BARUIPUR JN.,24,44.0,0.7333333333333333,Short
34621,BRP,BARUIPUR JN.,SDAH,SEALDAH,24,45.0,0.75,Short
34622,SDAH,SEALDAH,BRP,BARUIPUR JN.,24,45.0,0.75,Short
34623,BRP,BARUIPUR JN.,SDAH,SEALDAH,24,46.0,0.7666666666666667,Short
34624,SDAH,SEALDAH,BRP,BARUIPUR JN.,24,45.0,0.75,Short
34625,BRP,BARUIPUR JN.,SDAH,SEALDAH,24,48.0,0.8,Short
34626,SDAH,SEALDAH,BRP,BARUIPUR JN.,24,42.0,0.7,Short
34627,BRP,BARUIPUR JN.,SDAH,SEALDAH,24,47.0,0.7833333333333333,Short
34628,SDAH,SEALDAH,BRP,BARUIPUR JN.,24,44.0,0.7333333333333333,Short
34629,BRP,BARUIPUR JN.,SDAH,SEALDAH,24,47.0,0.7833333333333333,Short
34630,SDAH,SEALDAH,BRP,BARUIPUR JN.,24,45.0,0.75,Short
34631,BRP,BARUIPUR JN.,SDAH,SEALDAH,24,47.0,0.7833333333333333,Short
34632,SDAH,SEALDAH,BRP,BARUIPUR JN.,24,44.0,0.7333333333333333,Short
34633,BRP,BARUIPUR JN.,SDAH,SEALDAH,24,47.0,0.7833333333333333,Short
34634,SDAH,SEALDAH,BRP,BARUIPUR JN.,24,45.0,0.75,Short
34635,BRP,BARUIPUR JN.,SDAH,SEALDAH,24,47.0,0.7833333333333333,Short
34636,SDAH,SEALDAH,BRP,BARUIPUR JN.,24,45.0,0.75,Short
34637,BRP,BARUIPUR JN.,SDAH,SEALDAH,24,47.0,0.7833333333333333,Short
34638,SDAH,SEALDAH,BRP,BARUIPUR JN.,24,44.0,0.7333333333333333,Short
34639,BRP,BARUIPUR JN.,SDAH,SEALDAH,24,47.0,0.7833333333333333,Short
34640,SDAH,SEALDAH,BRP,BARUIPUR JN.,24,44.0,0.7333333333333333,Short
34641,BRP,BARUIPUR JN.,SDAH,SEALDAH,24,46.0,0.7666666666666667,Short
34642,SDAH,SEALDAH,BRP,BARUIPUR JN.,24,45.0,0.75,Short
34643,BRP,BARUIPUR JN.,SDAH,SEALDAH,24,48.0,0.8,Short
34644,SDAH,SEALDAH,BRP,BARUIPUR JN.,24,44.0,0.7333333333333333,Short
34645,BRP,BARUIPUR JN.,SDAH,SEALDAH,24,45.0,0.75,Short
34646,SDAH,SEALDAH,BRP,BARUIPUR JN.,24,45.0,0.75,Short
34647,BRP,BARUIPUR JN.,SDAH,SEALDAH,24,47.0,0.7833333333333333,Short
34648,SDAH,SEALDAH,BRP,BARUIPUR JN.,24,45.0,0.75,Short
34711,LKPR,LAKSHMIKANTA,SDAH,SEALDAH,61,110.0,1.8333333333333333,Short
34712,SDAH,SEALDAH,LKPR,LAKSHMIKANTA,61,96.0,1.6,Short
34713,LKPR,LAKSHMIKANTA,SDAH,SEALDAH,61,105.0,1.75,Short
34714,SDAH,SEALDAH,LKPR,LAKSHMIKANTA,61,100.0,1.6666666666666667,Short
34715,LKPR,LAKSHMIKANTA,SDAH,SEALDAH,61,103.0,1.7166666666666666,Short
34716,SDAH,SEALDAH,LKPR,LAKSHMIKANTA,61,100.0,1.6666666666666667,Short
34717,LKPR,LAKSHMIKANTA,SDAH,SEALDAH,61,96.0,1.6,Short
34718,SDAH,SEALDAH,LKPR,LAKSHMIKANTA,61,98.0,1.6333333333333333,Short
34719,LKPR,LAKSHMIKANTA,SDAH,SEALDAH,61,99.0,1.65,Short
34720,SDAH,SEALDAH,LKPR,LAKSHMIKANTA,61,102.0,1.7,Short
34721,LKPR,LAKSHMIKANTA,SDAH,SEALDAH,61,100.0,1.6666666666666667,Short
34722,SDAH,SEALDAH,LKPR,LAKSHMIKANTA,61,102.0,1.7,Short
34723,LKPR,LAKSHMIKANTA,SDAH,SEALDAH,61,102.0,1.7,Short
34724,SDAH,SEALDAH,LKPR,LAKSHMIKANTA,61,102.0,1.7,Short
34725,LKPR,LAKSHMIKANTA,SDAH,SEALDAH,61,102.0,1.7,Short
34726,SDAH,SEALDAH,LKPR,LAKSHMIKANTA,61,100.0,1.6666666666666667,Short
34727,LKPR,LAKSHMIKANTA,SDAH,SEALDAH,61,102.0,1.7,Short
34728,SDAH,SEALDAH,LKPR,LAKSHMIKANTA,61,100.0,1.6666666666666667,Short
34729,LKPR,LAKSHMIKANTA,SDAH,SEALDAH,61,97.0,1.6166666666666667,Short
34730,SDAH,SEALDAH,LKPR,LAKSHMIKANTA,61,100.0,1.6666666666666667,Short
34731,LKPR,LAKSHMIKANTA,SDAH,SEALDAH,61,105.0,1.75,Short
34732,SDAH,SEALDAH,LKPR,LAKSHMIKANTA,61,100.0,1.6666666666666667,Short
34733,LKPR,LAKSHMIKANTA,SDAH,SEALDAH,61,110.0,1.8333333333333333,Short
34734,SDAH,SEALDAH,LKPR,LAKSHMIKANTA,61,102.0,1.7,Short
34735,LKPR,LAKSHMIKANTA,SDAH,SEALDAH,61,100.0,1.6666666666666667,Short
34736,SDAH,SEALDAH,LKPR,LAKSHMIKANTA,61,104.0,1.7333333333333334,Short
34737,LKPR,LAKSHMIKANTA,SDAH,SEALDAH,61,99.0,1.65,Short
34738,SDAH,SEALDAH,LKPR,LAKSHMIKANTA,61,102.0,1.7,Short
34739,LKPR,LAKSHMIKANTA,SDAH,SEALDAH,61,98.0,1.6333333333333333,Short
34740,SDAH,SEALDAH,LKPR,LAKSHMIKANTA,61,102.0,1.7,Short
34741,LKPR,LAKSHMIKANTA,SDAH,SEALDAH,61,101.0,1.6833333333333333,Short
34742,SDAH,SEALDAH,LKPR,LAKSHMIKANTA,61,103.0,1.7166666666666666,Short
34743,LKPR,LAKSHMIKANTA,SDAH,SEALDAH,61,105.0,1.75,Short
34744,SDAH,SEALDAH,LKPR,LAKSHMIKANTA,61,99.0,1.65,Short
34745,LKPR,LAKSHMIKANTA,SDAH,SEALDAH,61,99.0,1.65,Short
34746,SDAH,SEALDAH,LKPR,LAKSHMIKANTA,61,100.0,1.6666666666666667,Short
34747,LKPR,LAKSHMIKANTA,SDAH,SEALDAH,61,99.0,1.65,Short
34748,SDAH,SEALDAH,LKPR,LAKSHMIKANTA,61,100.0,1.6666666666666667,Short
34749,LKPR,LAKSHMIKANTA,SDAH,SEALDAH,61,99.0,1.65,Short
34750,SDAH,SEALDAH,LKPR,LAKSHMIKANTA,61,100.0,1.6666666666666667,Short
34751,LKPR,LAKSHMIKANTA,SDAH,SEALDAH,61,103.0,1.7166666666666666,Short
34752,SDAH,SEALDAH,LKPR,LAKSHMIKANTA,61,100.0,1.6666666666666667,Short
34753,LKPR,LAKSHMIKANTA,SDAH,SEALDAH,61,100.0,1.6666666666666667,Short
34754,SDAH,SEALDAH,LKPR,LAKSHMIKANTA,61,98.0,1.6333333333333333,Short
34755,LKPR,LAKSHMIKANTA,SDAH,SEALDAH,61,105.0,1.75,Short
34757,LKPR,LAKSHMIKANTA,SDAH,SEALDAH,61,102.0,1.7,Short
34782,SDAH,SEALDAH,KWDP,KWAKDWIP,94,146.0,2.433333333333333,Short
34791,NMKA,NAMKHANA,SDAH,SEALDAH,108,162.0,2.7,Medium
34792,SDAH,SEALDAH,NMKA,NAMKHANA,108,162.0,2.7,Medium
34793,NMKA,NAMKHANA,SDAH,SEALDAH,108,165.0,2.75,Medium
34794,SDAH,SEALDAH,NMKA,NAMKHANA,108,165.0,2.75,Medium
34811,DH,DIAMOND HARB,SDAH,SEALDAH,59,105.0,1.75,Short
34812,SDAH,SEALDAH,DH,DIAMOND HARB,59,86.0,1.4333333333333333,Short
34813,DH,DIAMOND HARB,SDAH,SEALDAH,59,95.0,1.5833333333333333,Short
34814,SDAH,SEALDAH,DH,DIAMOND HARB,59,95.0,1.5833333333333333,Short
34815,DH,DIAMOND HARB,SDAH,SEALDAH,59,94.0,1.5666666666666667,Short
34816,SDAH,SEALDAH,DH,DIAMOND HARB,59,95.0,1.5833333333333333,Short
34817,DH,DIAMOND HARB,SDAH,SEALDAH,59,98.0,1.6333333333333333,Short
34818,SDAH,SEALDAH,DH,DIAMOND HARB,59,100.0,1.6666666666666667,Short
34819,DH,DIAMOND HARB,SDAH,SEALDAH,59,104.0,1.7333333333333334,Short
34820,SDAH,SEALDAH,DH,DIAMOND HARB,59,100.0,1.6666666666666667,Short
34821,DH,DIAMOND HARB,SDAH,SEALDAH,59,98.0,1.6333333333333333,Short
34822,SDAH,SEALDAH,DH,DIAMOND HARB,59,95.0,1.5833333333333333,Short
34823,DH,DIAMOND HARB,SDAH,SEALDAH,59,103.0,1.7166666666666666,Short
34824,SDAH,SEALDAH,DH,DIAMOND HARB,59,100.0,1.6666666666666667,Short
34825,DH,DIAMOND HARB,SDAH,SEALDAH,59,100.0,1.6666666666666667,Short
34826,SDAH,SEALDAH,DH,DIAMOND HARB,59,98.0,1.6333333333333333,Short
34827,DH,DIAMOND HARB,SDAH,SEALDAH,59,97.0,1.6166666666666667,Short
34828,SDAH,SEALDAH,DH,DIAMOND HARB,59,98.0,1.6333333333333333,Short
34829,DH,DIAMOND HARB,SDAH,SEALDAH,59,91.0,1.5166666666666666,Short
34830,SDAH,SEALDAH,DH,DIAMOND HARB,59,99.0,1.65,Short
34831,DH,DIAMOND HARB,SDAH,SEALDAH,59,97.0,1.6166666666666667,Short
34832,SDAH,SEALDAH,DH,DIAMOND HARB,59,98.0,1.6333333333333333,Short
34833,DH,DIAMOND HARB,SDAH,SEALDAH,59,98.0,1.6333333333333333,Short
34834,SDAH,SEALDAH,DH,DIAMOND HARB,59,100.0,1.6666666666666667,Short
34835,DH,DIAMOND HARB,SDAH,SEALDAH,59,103.0,1.7166666666666666,Short
34836,SDAH,SEALDAH,DH,DIAMOND HARB,59,99.0,1.65,Short
34837,DH,DIAMOND HARB,SDAH,SEALDAH,59,98.0,1.6333333333333333,Short
34838,SDAH,SEALDAH,DH,DIAMOND HARB,59,100.0,1.6666666666666667,Short
34839,DH,DIAMOND HARB,SDAH,SEALDAH,59,120.0,2.0,Short
34840,SDAH,SEALDAH,DH,DIAMOND HARB,59,100.0,1.6666666666666667,Short
34841,DH,DIAMOND HARB,SDAH,SEALDAH,59,100.0,1.6666666666666667,Short
34842,SDAH,SEALDAH,DH,DIAMOND HARB,59,97.0,1.6166666666666667,Short
34843,DH,DIAMOND HARB,SDAH,SEALDAH,59,98.0,1.6333333333333333,Short
34844,SDAH,SEALDAH,DH,DIAMOND HARB,59,98.0,1.6333333333333333,Short
34845,DH,DIAMOND HARB,SDAH,SEALDAH,59,100.0,1.6666666666666667,Short
34846,SDAH,SEALDAH,DH,DIAMOND HARB,59,98.0,1.6333333333333333,Short
34847,DH,DIAMOND HARB,SDAH,SEALDAH,59,98.0,1.6333333333333333,Short
34848,SDAH,SEALDAH,DH,DIAMOND HARB,59,95.0,1.5833333333333333,Short
34849,DH,DIAMOND HARB,SDAH,SEALDAH,59,98.0,1.6333333333333333,Short
34850,SDAH,SEALDAH,DH,DIAMOND HARB,59,98.0,1.6333333333333333,Short
34851,DH,DIAMOND HARB,SDAH,SEALDAH,59,97.0,1.6166666666666667,Short
34852,SDAH,SEALDAH,DH,DIAMOND HARB,59,100.0,1.6666666666666667,Short
34853,DH,DIAMOND HARB,SDAH,SEALDAH,59,100.0,1.6666666666666667,Short
34854,SDAH,SEALDAH,DH,DIAMOND HARB,59,97.0,1.6166666666666667,Short
34855,DH,DIAMOND HARB,SDAH,SEALDAH,59,99.0,1.65,Short
34856,SDAH,SEALDAH,DH,DIAMOND HARB,59,95.0,1.5833333333333333,Short
34857,DH,DIAMOND HARB,SDAH,SEALDAH,59,95.0,1.5833333333333333,Short
34858,SDAH,SEALDAH,DH,DIAMOND HARB,59,90.0,1.5,Short
34859,DH,DIAMOND HARB,SDAH,SEALDAH,59,98.0,1.6333333333333333,Short
34860,SDAH,SEALDAH,DH,DIAMOND HARB,59,100.0,1.6666666666666667,Short
34881,DH,DIAMOND HARB,SPR,SONARPUR JN.,43,65.0,1.0833333333333333,Short
34882,SPR,SONARPUR JN.,DH,DIAMOND HARB,43,65.0,1.0833333333333333,Short
34891,DH,DIAMOND HARB,BRP,BARUIPUR JN.,34,52.0,0.8666666666666667,Short
34892,BRP,BARUIPUR JN.,DH,DIAMOND HARB,34,53.0,0.8833333333333333,Short
34898,SDAH,SEALDAH,MGT,MAGRAHAT,39,65.0,1.0833333333333333,Short
34899,MGT,MAGRAHAT,SDAH,SEALDAH,39,70.0,1.1666666666666667,Short
34911,NMKA,NAMKHANA,LKPR,LAKSHMIKANTA,46,65.0,1.0833333333333333,Short
34912,LKPR,LAKSHMIKANTA,NMKA,NAMKHANA,46,57.0,0.95,Short
34913,NMKA,NAMKHANA,LKPR,LAKSHMIKANTA,46,60.0,1.0,Short
34914,LKPR,LAKSHMIKANTA,NMKA,NAMKHANA,46,65.0,1.0833333333333333,Short
34915,NMKA,NAMKHANA,LKPR,LAKSHMIKANTA,46,65.0,1.0833333333333333,Short
34916,LKPR,LAKSHMIKANTA,NMKA,NAMKHANA,46,62.0,1.0333333333333334,Short
34917,NMKA,NAMKHANA,LKPR,LAKSHMIKANTA,46,56.0,0.9333333333333333,Short
34918,LKPR,LAKSHMIKANTA,NMKA,NAMKHANA,46,59.0,0.9833333333333333,Short
34919,NMKA,NAMKHANA,LKPR,LAKSHMIKANTA,46,58.0,0.9666666666666667,Short
34920,LKPR,LAKSHMIKANTA,NMKA,NAMKHANA,46,58.0,0.9666666666666667,Short
34921,NMKA,NAMKHANA,LKPR,LAKSHMIKANTA,46,62.0,1.0333333333333334,Short
34922,LKPR,LAKSHMIKANTA,NMKA,NAMKHANA,46,58.0,0.9666666666666667,Short
34923,NMKA,NAMKHANA,LKPR,LAKSHMIKANTA,46,60.0,1.0,Short
34924,LKPR,LAKSHMIKANTA,NMKA,NAMKHANA,46,60.0,1.0,Short
34925,NMKA,NAMKHANA,LKPR,LAKSHMIKANTA,46,60.0,1.0,Short
34926,LKPR,LAKSHMIKANTA,NMKA,NAMKHANA,46,62.0,1.0333333333333334,Short
34927,NMKA,NAMKHANA,LKPR,LAKSHMIKANTA,46,58.0,0.9666666666666667,Short
34928,LKPR,LAKSHMIKANTA,NMKA,NAMKHANA,46,62.0,1.0333333333333334,Short
34929,NMKA,NAMKHANA,LKPR,LAKSHMIKANTA,46,62.0,1.0333333333333334,Short
34930,LKPR,LAKSHMIKANTA,NMKA,NAMKHANA,46,59.0,0.9833333333333333,Short
34931,NMKA,NAMKHANA,LKPR,LAKSHMIKANTA,46,62.0,1.0333333333333334,Short
34932,LKPR,LAKSHMIKANTA,NMKA,NAMKHANA,46,61.0,1.0166666666666666,Short
34933,NMKA,NAMKHANA,LKPR,LAKSHMIKANTA,46,61.0,1.0166666666666666,Short
34934,LKPR,LAKSHMIKANTA,NMKA,NAMKHANA,46,60.0,1.0,Short
34981,KWDP,KWAKDWIP,LKPR,LAKSHMIKANTA,33,46.0,0.7666666666666667,Short
35011,BWN,BARDDHAMAN J,BGNA,BALGONA,26,35.0,0.5833333333333334,Short
35012,BGNA,BALGONA,BWN,BARDDHAMAN J,26,35.0,0.5833333333333334,Short
35013,BWN,BARDDHAMAN J,BGNA,BALGONA,26,35.0,0.5833333333333334,Short
35014,BWN,BARDDHAMAN J,BGNA,BALGONA,26,35.0,0.5833333333333334,Short
35015,BWN,BARDDHAMAN J,BGNA,BALGONA,26,35.0,0.5833333333333334,Short
35016,BGNA,BALGONA,BWN,BARDDHAMAN J,26,35.0,0.5833333333333334,Short
35017,BWN,BARDDHAMAN J,SPS,SHRIPAT SHRI,46,70.0,1.1666666666666667,Short
35018,SPS,SHRIPAT SHRI,BWN,BARDDHAMAN J,46,70.0,1.1666666666666667,Short
35019,BWN,BARDDHAMAN J,BGNA,BALGONA,26,35.0,0.5833333333333334,Short
35020,BGNA,BALGONA,BWN,BARDDHAMAN J,26,35.0,0.5833333333333334,Short
35021,BWN,BARDDHAMAN J,BGNA,BALGONA,26,35.0,0.5833333333333334,Short
35022,BGNA,BALGONA,BWN,BARDDHAMAN J,26,35.0,0.5833333333333334,Short
36011,HWH,HOWRAH JN.,BRPA,BARUI PARA,26,40.0,0.6666666666666666,Short
36012,BRPA,BARUI PARA,HWH,HOWRAH JN.,26,41.0,0.6833333333333333,Short
36031,HWH,HOWRAH JN.,CDAE,CHANDANPUR,40,59.0,0.9833333333333333,Short
36032,CDAE,CHANDANPUR,HWH,HOWRAH JN.,40,68.0,1.1333333333333333,Short
36033,HWH,HOWRAH JN.,CDAE,CHANDANPUR,40,58.0,0.9666666666666667,Short
36034,CDAE,CHANDANPUR,HWH,HOWRAH JN.,40,65.0,1.0833333333333333,Short
36035,HWH,HOWRAH JN.,CDAE,CHANDANPUR,40,62.0,1.0333333333333334,Short
36036,CDAE,CHANDANPUR,HWH,HOWRAH JN.,40,60.0,1.0,Short
36037,HWH,HOWRAH JN.,CDAE,CHANDANPUR,40,59.0,0.9833333333333333,Short
36038,CDAE,CHANDANPUR,HWH,HOWRAH JN.,40,62.0,1.0333333333333334,Short
36071,HWH,HOWRAH JN.,GRAE,GURAP,58,85.0,1.4166666666666667,Short
36072,GRAE,GURAP,HWH,HOWRAH JN.,58,85.0,1.4166666666666667,Short
36081,HWH,HOWRAH JN.,MSAE,MASAGRAM,72,116.0,1.9333333333333333,Short
36082,MSAE,MASAGRAM,HWH,HOWRAH JN.,72,99.0,1.65,Short
36083,HWH,HOWRAH JN.,MSAE,MASAGRAM,72,105.0,1.75,Short
36084,MSAE,MASAGRAM,HWH,HOWRAH JN.,72,108.0,1.8,Short
36085,HWH,HOWRAH JN.,MSAE,MASAGRAM,72,105.0,1.75,Short
36086,MSAE,MASAGRAM,HWH,HOWRAH JN.,72,100.0,1.6666666666666667,Short
36087,HWH,HOWRAH JN.,MSAE,MASAGRAM,72,107.0,1.7833333333333334,Short
36088,MSAE,MASAGRAM,HWH,HOWRAH JN.,72,96.0,1.6,Short
36811,HWH,HOWRAH JN.,BWN,BARDDHAMAN J,94,125.0,2.0833333333333335,Short
36812,BWN,BARDDHAMAN J,HWH,HOWRAH JN.,94,150.0,2.5,Short
36813,HWH,HOWRAH JN.,BWN,BARDDHAMAN J,94,125.0,2.0833333333333335,Short
36814,BWN,BARDDHAMAN J,HWH,HOWRAH JN.,94,135.0,2.25,Short
36815,HWH,HOWRAH JN.,BWN,BARDDHAMAN J,94,128.0,2.1333333333333333,Short
36816,BWN,BARDDHAMAN J,HWH,HOWRAH JN.,94,128.0,2.1333333333333333,Short
36817,HWH,HOWRAH JN.,BWN,BARDDHAMAN J,94,128.0,2.1333333333333333,Short
36818,BWN,BARDDHAMAN J,HWH,HOWRAH JN.,94,125.0,2.0833333333333335,Short
36819,HWH,HOWRAH JN.,BWN,BARDDHAMAN J,94,135.0,2.25,Short
36820,BWN,BARDDHAMAN J,HWH,HOWRAH JN.,94,125.0,2.0833333333333335,Short
36821,HWH,HOWRAH JN.,BWN,BARDDHAMAN J,94,140.0,2.3333333333333335,Short
36822,BWN,BARDDHAMAN J,HWH,HOWRAH JN.,94,129.0,2.15,Short
36823,HWH,HOWRAH JN.,BWN,BARDDHAMAN J,94,125.0,2.0833333333333335,Short
36824,BWN,BARDDHAMAN J,HWH,HOWRAH JN.,94,123.0,2.05,Short
36825,HWH,HOWRAH JN.,BWN,BARDDHAMAN J,94,136.0,2.2666666666666666,Short
36826,BWN,BARDDHAMAN J,HWH,HOWRAH JN.,94,122.0,2.033333333333333,Short
36827,HWH,HOWRAH JN.,BWN,BARDDHAMAN J,94,130.0,2.1666666666666665,Short
36828,BWN,BARDDHAMAN J,HWH,HOWRAH JN.,94,125.0,2.0833333333333335,Short
36829,HWH,HOWRAH JN.,BWN,BARDDHAMAN J,94,133.0,2.216666666666667,Short
36830,BWN,BARDDHAMAN J,HWH,HOWRAH JN.,94,90.0,1.5,Short
36831,HWH,HOWRAH JN.,BWN,BARDDHAMAN J,94,125.0,2.0833333333333335,Short
36832,BWN,BARDDHAMAN J,HWH,HOWRAH JN.,94,122.0,2.033333333333333,Short
36833,HWH,HOWRAH JN.,BWN,BARDDHAMAN J,94,125.0,2.0833333333333335,Short
36834,BWN,BARDDHAMAN J,HWH,HOWRAH JN.,94,125.0,2.0833333333333335,Short
36835,HWH,HOWRAH JN.,BWN,BARDDHAMAN J,94,88.0,1.4666666666666666,Short
36836,BWN,BARDDHAMAN J,HWH,HOWRAH JN.,94,125.0,2.0833333333333335,Short
36837,HWH,HOWRAH JN.,BWN,BARDDHAMAN J,94,127.0,2.1166666666666667,Short
36838,BWN,BARDDHAMAN J,HWH,HOWRAH JN.,94,150.0,2.5,Short
36839,HWH,HOWRAH JN.,BWN,BARDDHAMAN J,94,130.0,2.1666666666666665,Short
36840,BWN,BARDDHAMAN J,HWH,HOWRAH JN.,94,135.0,2.25,Short
36841,HWH,HOWRAH JN.,BWN,BARDDHAMAN J,94,130.0,2.1666666666666665,Short
36842,BWN,BARDDHAMAN J,HWH,HOWRAH JN.,94,120.0,2.0,Short
36843,HWH,HOWRAH JN.,BWN,BARDDHAMAN J,94,134.0,2.2333333333333334,Short
36844,BWN,BARDDHAMAN J,HWH,HOWRAH JN.,94,125.0,2.0833333333333335,Short
36845,HWH,HOWRAH JN.,BWN,BARDDHAMAN J,94,133.0,2.216666666666667,Short
36846,BWN,BARDDHAMAN J,HWH,HOWRAH JN.,94,125.0,2.0833333333333335,Short
36847,HWH,HOWRAH JN.,BWN,BARDDHAMAN J,94,134.0,2.2333333333333334,Short
36848,BWN,BARDDHAMAN J,HWH,HOWRAH JN.,94,125.0,2.0833333333333335,Short
36849,HWH,HOWRAH JN.,BWN,BARDDHAMAN J,94,132.0,2.2,Short
36850,BWN,BARDDHAMAN J,HWH,HOWRAH JN.,94,122.0,2.033333333333333,Short
36851,HWH,HOWRAH JN.,BWN,BARDDHAMAN J,94,141.0,2.35,Short
36852,BWN,BARDDHAMAN J,HWH,HOWRAH JN.,94,140.0,2.3333333333333335,Short
36853,HWH,HOWRAH JN.,BWN,BARDDHAMAN J,94,130.0,2.1666666666666665,Short
36854,BWN,BARDDHAMAN J,HWH,HOWRAH JN.,94,125.0,2.0833333333333335,Short
36855,HWH,HOWRAH JN.,BWN,BARDDHAMAN J,94,130.0,2.1666666666666665,Short
36856,BWN,BARDDHAMAN J,HWH,HOWRAH JN.,94,125.0,2.0833333333333335,Short
36858,BWN,BARDDHAMAN J,HWH,HOWRAH JN.,94,122.0,2.033333333333333,Short
36860,BWN,BARDDHAMAN J,HWH,HOWRAH JN.,94,123.0,2.05,Short
37011,HWH,HOWRAH JN.,SRP,SHRIRAMPUR,19,31.0,0.5166666666666667,Short
37012,SRP,SHRIRAMPUR,HWH,HOWRAH JN.,19,35.0,0.5833333333333334,Short
37013,HWH,HOWRAH JN.,SRP,SHRIRAMPUR,19,33.0,0.55,Short
37014,SRP,SHRIRAMPUR,HWH,HOWRAH JN.,19,36.0,0.6,Short
37017,HWH,HOWRAH JN.,SRP,SHRIRAMPUR,19,32.0,0.5333333333333333,Short
37018,SRP,SHRIRAMPUR,HWH,HOWRAH JN.,19,38.0,0.6333333333333333,Short
37019,HWH,HOWRAH JN.,SRP,SHRIRAMPUR,19,32.0,0.5333333333333333,Short
37020,SRP,SHRIRAMPUR,HWH,HOWRAH JN.,19,35.0,0.5833333333333334,Short
37021,HWH,HOWRAH JN.,SRP,SHRIRAMPUR,19,34.0,0.5666666666666667,Short
37022,SRP,SHRIRAMPUR,HWH,HOWRAH JN.,19,36.0,0.6,Short
37041,HWH,HOWRAH JN.,SHE,SEORAPHULI J,22,38.0,0.6333333333333333,Short
37042,SHE,SEORAPHULI J,HWH,HOWRAH JN.,22,40.0,0.6666666666666666,Short
37043,HWH,HOWRAH JN.,SHE,SEORAPHULI J,22,38.0,0.6333333333333333,Short
37044,SHE,SEORAPHULI J,HWH,HOWRAH JN.,22,39.0,0.65,Short
37045,HWH,HOWRAH JN.,SHE,SEORAPHULI J,22,40.0,0.6666666666666666,Short
37046,SHE,SEORAPHULI J,HWH,HOWRAH JN.,22,40.0,0.6666666666666666,Short
37047,HWH,HOWRAH JN.,SHE,SEORAPHULI J,22,38.0,0.6333333333333333,Short
37048,SHE,SEORAPHULI J,HWH,HOWRAH JN.,22,41.0,0.6833333333333333,Short
37049,HWH,HOWRAH JN.,SHE,SEORAPHULI J,22,37.0,0.6166666666666667,Short
37050,SHE,SEORAPHULI J,HWH,HOWRAH JN.,22,38.0,0.6333333333333333,Short
37053,HWH,HOWRAH JN.,SHE,SEORAPHULI J,22,37.0,0.6166666666666667,Short
37054,SHE,SEORAPHULI J,HWH,HOWRAH JN.,22,42.0,0.7,Short
37055,HWH,HOWRAH JN.,SHE,SEORAPHULI J,22,35.0,0.5833333333333334,Short
37056,SHE,SEORAPHULI J,HWH,HOWRAH JN.,22,50.0,0.8333333333333334,Short
37057,HWH,HOWRAH JN.,SHE,SEORAPHULI J,22,38.0,0.6333333333333333,Short
37058,SHE,SEORAPHULI J,HWH,HOWRAH JN.,22,43.0,0.7166666666666667,Short
37060,SHE,SEORAPHULI J,HWH,HOWRAH JN.,22,44.0,0.7333333333333333,Short
37061,HWH,HOWRAH JN.,SHE,SEORAPHULI J,22,37.0,0.6166666666666667,Short
37062,SHE,SEORAPHULI J,HWH,HOWRAH JN.,22,42.0,0.7,Short
37063,HWH,HOWRAH JN.,SHE,SEORAPHULI J,22,42.0,0.7,Short
37064,SHE,SEORAPHULI J,HWH,HOWRAH JN.,22,42.0,0.7,Short
37065,HWH,HOWRAH JN.,SHE,SEORAPHULI J,22,38.0,0.6333333333333333,Short
37066,SHE,SEORAPHULI J,HWH,HOWRAH JN.,22,43.0,0.7166666666666667,Short
37067,HWH,HOWRAH JN.,SHE,SEORAPHULI J,22,38.0,0.6333333333333333,Short
37068,SHE,SEORAPHULI J,HWH,HOWRAH JN.,22,40.0,0.6666666666666666,Short
37111,HWH,HOWRAH JN.,BRMH,BELURMATH,6,25.0,0.4166666666666667,Short
37112,BRMH,BELURMATH,HWH,HOWRAH JN.,6,25.0,0.4166666666666667,Short
37113,HWH,HOWRAH JN.,BRMH,BELURMATH,6,25.0,0.4166666666666667,Short
37114,BRMH,BELURMATH,HWH,HOWRAH JN.,6,27.0,0.45,Short
37115,HWH,HOWRAH JN.,BRMH,BELURMATH,6,22.0,0.36666666666666664,Short
37116,BRMH,BELURMATH,HWH,HOWRAH JN.,6,25.0,0.4166666666666667,Short
37117,HWH,HOWRAH JN.,BRMH,BELURMATH,6,25.0,0.4166666666666667,Short
37118,BRMH,BELURMATH,HWH,HOWRAH JN.,6,25.0,0.4166666666666667,Short
37119,HWH,HOWRAH JN.,BRMH,BELURMATH,6,26.0,0.43333333333333335,Short
37120,BRMH,BELURMATH,HWH,HOWRAH JN.,6,25.0,0.4166666666666667,Short
37121,HWH,HOWRAH JN.,BRMH,BELURMATH,6,30.0,0.5,Short
37122,BRMH,BELURMATH,HWH,HOWRAH JN.,6,25.0,0.4166666666666667,Short
37201,HWH,HOWRAH JN.,BDC,BANDEL JN.,39,60.0,1.0,Short
37202,BDC,BANDEL JN.,HWH,HOWRAH JN.,39,63.0,1.05,Short
37211,HWH,HOWRAH JN.,BDC,BANDEL JN.,39,58.0,0.9666666666666667,Short
37212,BDC,BANDEL JN.,HWH,HOWRAH JN.,39,61.0,1.0166666666666666,Short
37213,HWH,HOWRAH JN.,BDC,BANDEL JN.,39,59.0,0.9833333333333333,Short
37214,BDC,BANDEL JN.,HWH,HOWRAH JN.,39,60.0,1.0,Short
37215,HWH,HOWRAH JN.,BDC,BANDEL JN.,39,61.0,1.0166666666666666,Short
37216,BDC,BANDEL JN.,HWH,HOWRAH JN.,39,65.0,1.0833333333333333,Short
37217,HWH,HOWRAH JN.,BDC,BANDEL JN.,39,60.0,1.0,Short
37218,BDC,BANDEL JN.,HWH,HOWRAH JN.,39,62.0,1.0333333333333334,Short
37219,HWH,HOWRAH JN.,BDC,BANDEL JN.,39,65.0,1.0833333333333333,Short
37220,BDC,BANDEL JN.,HWH,HOWRAH JN.,39,65.0,1.0833333333333333,Short
37221,HWH,HOWRAH JN.,BDC,BANDEL JN.,39,60.0,1.0,Short
37222,BDC,BANDEL JN.,HWH,HOWRAH JN.,39,65.0,1.0833333333333333,Short
37223,HWH,HOWRAH JN.,BDC,BANDEL JN.,39,60.0,1.0,Short
37224,BDC,BANDEL JN.,HWH,HOWRAH JN.,39,64.0,1.0666666666666667,Short
37225,HWH,HOWRAH JN.,BDC,BANDEL JN.,39,60.0,1.0,Short
37226,BDC,BANDEL JN.,HWH,HOWRAH JN.,39,63.0,1.05,Short
37227,HWH,HOWRAH JN.,BDC,BANDEL JN.,39,60.0,1.0,Short
37228,BDC,BANDEL JN.,HWH,HOWRAH JN.,39,60.0,1.0,Short
37229,HWH,HOWRAH JN.,BDC,BANDEL JN.,39,60.0,1.0,Short
37230,BDC,BANDEL JN.,HWH,HOWRAH JN.,39,62.0,1.0333333333333334,Short
37231,HWH,HOWRAH JN.,BDC,BANDEL JN.,39,60.0,1.0,Short
37232,BDC,BANDEL JN.,HWH,HOWRAH JN.,39,63.0,1.05,Short
37233,HWH,HOWRAH JN.,BDC,BANDEL JN.,39,58.0,0.9666666666666667,Short
37234,BDC,BANDEL JN.,HWH,HOWRAH JN.,39,61.0,1.0166666666666666,Short
37235,HWH,HOWRAH JN.,BDC,BANDEL JN.,39,59.0,0.9833333333333333,Short
37236,BDC,BANDEL JN.,HWH,HOWRAH JN.,39,62.0,1.0333333333333334,Short
37237,HWH,HOWRAH JN.,BDC,BANDEL JN.,39,60.0,1.0,Short
37238,BDC,BANDEL JN.,HWH,HOWRAH JN.,39,62.0,1.0333333333333334,Short
37239,HWH,HOWRAH JN.,BDC,BANDEL JN.,39,63.0,1.05,Short
37240,BDC,BANDEL JN.,HWH,HOWRAH JN.,39,65.0,1.0833333333333333,Short
37241,HWH,HOWRAH JN.,BDC,BANDEL JN.,39,60.0,1.0,Short
37242,BDC,BANDEL JN.,HWH,HOWRAH JN.,39,63.0,1.05,Short
37243,HWH,HOWRAH JN.,BDC,BANDEL JN.,39,60.0,1.0,Short
37244,BDC,BANDEL JN.,HWH,HOWRAH JN.,39,65.0,1.0833333333333333,Short
37245,HWH,HOWRAH JN.,BDC,BANDEL JN.,39,60.0,1.0,Short
37246,BDC,BANDEL JN.,HWH,HOWRAH JN.,39,77.0,1.2833333333333334,Short
37247,HWH,HOWRAH JN.,BDC,BANDEL JN.,39,58.0,0.9666666666666667,Short
37248,BDC,BANDEL JN.,HWH,HOWRAH JN.,39,65.0,1.0833333333333333,Short
37249,HWH,HOWRAH JN.,BDC,BANDEL JN.,39,59.0,0.9833333333333333,Short
37250,BDC,BANDEL JN.,HWH,HOWRAH JN.,39,60.0,1.0,Short
37251,HWH,HOWRAH JN.,BDC,BANDEL JN.,39,57.0,0.95,Short
37252,BDC,BANDEL JN.,HWH,HOWRAH JN.,39,64.0,1.0666666666666667,Short
37253,HWH,HOWRAH JN.,BDC,BANDEL JN.,39,60.0,1.0,Short
37254,BDC,BANDEL JN.,HWH,HOWRAH JN.,39,67.0,1.1166666666666667,Short
37255,HWH,HOWRAH JN.,BDC,BANDEL JN.,39,65.0,1.0833333333333333,Short
37256,BDC,BANDEL JN.,HWH,HOWRAH JN.,39,60.0,1.0,Short
37257,HWH,HOWRAH JN.,BDC,BANDEL JN.,39,60.0,1.0,Short
37258,BDC,BANDEL JN.,HWH,HOWRAH JN.,39,63.0,1.05,Short
37259,HWH,HOWRAH JN.,BDC,BANDEL JN.,39,64.0,1.0666666666666667,Short
37260,BDC,BANDEL JN.,HWH,HOWRAH JN.,39,63.0,1.05,Short
37261,HWH,HOWRAH JN.,BDC,BANDEL JN.,39,60.0,1.0,Short
37262,BDC,BANDEL JN.,HWH,HOWRAH JN.,39,62.0,1.0333333333333334,Short
37263,HWH,HOWRAH JN.,BDC,BANDEL JN.,39,61.0,1.0166666666666666,Short
37264,BDC,BANDEL JN.,HWH,HOWRAH JN.,39,62.0,1.0333333333333334,Short
37265,HWH,HOWRAH JN.,BDC,BANDEL JN.,39,59.0,0.9833333333333333,Short
37266,BDC,BANDEL JN.,HWH,HOWRAH JN.,39,60.0,1.0,Short
37267,HWH,HOWRAH JN.,BDC,BANDEL JN.,39,60.0,1.0,Short
37268,BDC,BANDEL JN.,HWH,HOWRAH JN.,39,60.0,1.0,Short
37269,HWH,HOWRAH JN.,BDC,BANDEL JN.,39,60.0,1.0,Short
37270,BDC,BANDEL JN.,HWH,HOWRAH JN.,39,65.0,1.0833333333333333,Short
37271,HWH,HOWRAH JN.,BDC,BANDEL JN.,39,58.0,0.9666666666666667,Short
37272,BDC,BANDEL JN.,HWH,HOWRAH JN.,39,62.0,1.0333333333333334,Short
37273,HWH,HOWRAH JN.,BDC,BANDEL JN.,39,60.0,1.0,Short
37274,BDC,BANDEL JN.,HWH,HOWRAH JN.,39,65.0,1.0833333333333333,Short
37275,HWH,HOWRAH JN.,BDC,BANDEL JN.,39,60.0,1.0,Short
37276,BDC,BANDEL JN.,HWH,HOWRAH JN.,39,66.0,1.1,Short
37277,HWH,HOWRAH JN.,BDC,BANDEL JN.,39,59.0,0.9833333333333333,Short
37278,BDC,BANDEL JN.,HWH,HOWRAH JN.,39,63.0,1.05,Short
37279,HWH,HOWRAH JN.,BDC,BANDEL JN.,39,60.0,1.0,Short
37280,BDC,BANDEL JN.,HWH,HOWRAH JN.,39,62.0,1.0333333333333334,Short
37281,HWH,HOWRAH JN.,BDC,BANDEL JN.,39,60.0,1.0,Short
37282,BDC,BANDEL JN.,HWH,HOWRAH JN.,39,60.0,1.0,Short
37283,HWH,HOWRAH JN.,BDC,BANDEL JN.,39,60.0,1.0,Short
37284,BDC,BANDEL JN.,HWH,HOWRAH JN.,39,65.0,1.0833333333333333,Short
37285,HWH,HOWRAH JN.,BDC,BANDEL JN.,39,60.0,1.0,Short
37286,BDC,BANDEL JN.,HWH,HOWRAH JN.,39,62.0,1.0333333333333334,Short
37287,HWH,HOWRAH JN.,BDC,BANDEL JN.,39,58.0,0.9666666666666667,Short
37288,BDC,BANDEL JN.,HWH,HOWRAH JN.,39,63.0,1.05,Short
37289,HWH,HOWRAH JN.,BDC,BANDEL JN.,39,65.0,1.0833333333333333,Short
37290,BDC,BANDEL JN.,HWH,HOWRAH JN.,39,60.0,1.0,Short
37291,HWH,HOWRAH JN.,BDC,BANDEL JN.,39,60.0,1.0,Short
37303,HWH,HOWRAH JN.,SIU,SINGUR,33,58.0,0.9666666666666667,Short
37304,SIU,SINGUR,HWH,HOWRAH JN.,33,57.0,0.95,Short
37305,HWH,HOWRAH JN.,SIU,SINGUR,33,62.0,1.0333333333333334,Short
37306,SIU,SINGUR,HWH,HOWRAH JN.,33,65.0,1.0833333333333333,Short
37307,HWH,HOWRAH JN.,HPL,HARI PAL,44,70.0,1.1666666666666667,Short
37308,HPL,HARI PAL,HWH,HOWRAH JN.,44,78.0,1.3,Short
37311,HWH,HOWRAH JN.,TAK,TARAKESHWAR,57,90.0,1.5,Short
37312,TAK,TARAKESHWAR,HWH,HOWRAH JN.,57,90.0,1.5,Short
37313,HWH,HOWRAH JN.,TAK,TARAKESHWAR,57,93.0,1.55,Short
37314,TAK,TARAKESHWAR,HWH,HOWRAH JN.,57,90.0,1.5,Short
37315,HWH,HOWRAH JN.,TAK,TARAKESHWAR,57,90.0,1.5,Short
37316,TAK,TARAKESHWAR,HWH,HOWRAH JN.,57,90.0,1.5,Short
37317,HWH,HOWRAH JN.,TAK,TARAKESHWAR,57,87.0,1.45,Short
37318,TAK,TARAKESHWAR,HWH,HOWRAH JN.,57,95.0,1.5833333333333333,Short
37319,HWH,HOWRAH JN.,TAK,TARAKESHWAR,57,88.0,1.4666666666666666,Short
37320,TAK,TARAKESHWAR,HWH,HOWRAH JN.,57,95.0,1.5833333333333333,Short
37321,HWH,HOWRAH JN.,TAK,TARAKESHWAR,57,90.0,1.5,Short
37322,TAK,TARAKESHWAR,HWH,HOWRAH JN.,57,89.0,1.4833333333333334,Short
37323,HWH,HOWRAH JN.,TAK,TARAKESHWAR,57,89.0,1.4833333333333334,Short
37324,TAK,TARAKESHWAR,HWH,HOWRAH JN.,57,90.0,1.5,Short
37325,HWH,HOWRAH JN.,TAK,TARAKESHWAR,57,90.0,1.5,Short
37326,TAK,TARAKESHWAR,HWH,HOWRAH JN.,57,93.0,1.55,Short
37327,HWH,HOWRAH JN.,TAK,TARAKESHWAR,57,85.0,1.4166666666666667,Short
37328,TAK,TARAKESHWAR,HWH,HOWRAH JN.,57,92.0,1.5333333333333334,Short
37329,HWH,HOWRAH JN.,TAK,TARAKESHWAR,57,90.0,1.5,Short
37330,TAK,TARAKESHWAR,HWH,HOWRAH JN.,57,95.0,1.5833333333333333,Short
37331,HWH,HOWRAH JN.,TAK,TARAKESHWAR,57,95.0,1.5833333333333333,Short
37332,TAK,TARAKESHWAR,HWH,HOWRAH JN.,57,92.0,1.5333333333333334,Short
37333,HWH,HOWRAH JN.,TAK,TARAKESHWAR,57,90.0,1.5,Short
37334,TAK,TARAKESHWAR,HWH,HOWRAH JN.,57,95.0,1.5833333333333333,Short
37335,HWH,HOWRAH JN.,TAK,TARAKESHWAR,57,93.0,1.55,Short
37336,TAK,TARAKESHWAR,HWH,HOWRAH JN.,57,92.0,1.5333333333333334,Short
37337,HWH,HOWRAH JN.,TAK,TARAKESHWAR,57,90.0,1.5,Short
37338,TAK,TARAKESHWAR,HWH,HOWRAH JN.,57,90.0,1.5,Short
37339,HWH,HOWRAH JN.,TAK,TARAKESHWAR,57,93.0,1.55,Short
37340,TAK,TARAKESHWAR,HWH,HOWRAH JN.,57,85.0,1.4166666666666667,Short
37341,HWH,HOWRAH JN.,TAK,TARAKESHWAR,57,90.0,1.5,Short
37342,TAK,TARAKESHWAR,HWH,HOWRAH JN.,57,95.0,1.5833333333333333,Short
37343,HWH,HOWRAH JN.,TAK,TARAKESHWAR,57,90.0,1.5,Short
37344,TAK,TARAKESHWAR,HWH,HOWRAH JN.,57,95.0,1.5833333333333333,Short
37345,HWH,HOWRAH JN.,TAK,TARAKESHWAR,57,85.0,1.4166666666666667,Short
37346,TAK,TARAKESHWAR,HWH,HOWRAH JN.,57,88.0,1.4666666666666666,Short
37347,HWH,HOWRAH JN.,TAK,TARAKESHWAR,57,87.0,1.45,Short
37348,TAK,TARAKESHWAR,HWH,HOWRAH JN.,57,92.0,1.5333333333333334,Short
37349,HWH,HOWRAH JN.,TAK,TARAKESHWAR,57,89.0,1.4833333333333334,Short
37350,TAK,TARAKESHWAR,HWH,HOWRAH JN.,57,100.0,1.6666666666666667,Short
37351,HWH,HOWRAH JN.,TAK,TARAKESHWAR,57,90.0,1.5,Short
37352,TAK,TARAKESHWAR,HWH,HOWRAH JN.,57,90.0,1.5,Short
37354,TAK,TARAKESHWAR,HWH,HOWRAH JN.,57,90.0,1.5,Short
37361,HWH,HOWRAH JN.,AMBG,ARAMBAG,81,150.0,2.5,Short
37362,AMBG,ARAMBAG,HWH,HOWRAH JN.,81,135.0,2.25,Short
37363,HWH,HOWRAH JN.,AMBG,ARAMBAG,81,125.0,2.0833333333333335,Short
37364,AMBG,ARAMBAG,HWH,HOWRAH JN.,81,140.0,2.3333333333333335,Short
37365,HWH,HOWRAH JN.,AMBG,ARAMBAG,81,145.0,2.4166666666666665,Short
37366,AMBG,ARAMBAG,HWH,HOWRAH JN.,81,132.0,2.2,Short
37367,HWH,HOWRAH JN.,AMBG,ARAMBAG,81,125.0,2.0833333333333335,Short
37368,AMBG,ARAMBAG,HWH,HOWRAH JN.,81,127.0,2.1166666666666667,Short
37371,HWH,HOWRAH JN.,AMBG,ARAMBAG,81,140.0,2.3333333333333335,Short
37372,AMBG,ARAMBAG,HWH,HOWRAH JN.,81,137.0,2.283333333333333,Short
37373,HWH,HOWRAH JN.,AMBG,ARAMBAG,81,139.0,2.316666666666667,Short
37374,AMBG,ARAMBAG,HWH,HOWRAH JN.,81,125.0,2.0833333333333335,Short
37375,HWH,HOWRAH JN.,AMBG,ARAMBAG,81,129.0,2.15,Short
37376,AMBG,ARAMBAG,HWH,HOWRAH JN.,81,128.0,2.1333333333333333,Short
37378,AMBG,ARAMBAG,HWH,HOWRAH JN.,81,138.0,2.3,Short
37379,HWH,HOWRAH JN.,AMBG,ARAMBAG,81,137.0,2.283333333333333,Short
37385,TAK,TARAKESHWAR,AMBG,ARAMBAG,24,40.0,0.6666666666666666,Short
37386,AMBG,ARAMBAG,TAK,TARAKESHWAR,24,40.0,0.6666666666666666,Short
37387,TAK,TARAKESHWAR,AMBG,ARAMBAG,24,36.0,0.6,Short
37388,AMBG,ARAMBAG,TAK,TARAKESHWAR,24,40.0,0.6666666666666666,Short
37389,TAK,TARAKESHWAR,AMBG,ARAMBAG,24,34.0,0.5666666666666667,Short
37390,AMBG,ARAMBAG,TAK,TARAKESHWAR,24,35.0,0.5833333333333334,Short
37391,TAK,TARAKESHWAR,AMBG,ARAMBAG,24,40.0,0.6666666666666666,Short
37392,AMBG,ARAMBAG,TAK,TARAKESHWAR,24,38.0,0.6333333333333333,Short
37394,AMBG,ARAMBAG,TAK,TARAKESHWAR,24,40.0,0.6666666666666666,Short
37411,SHE,SEORAPHULI J,TAK,TARAKESHWAR,34,50.0,0.8333333333333334,Short
37412,TAK,TARAKESHWAR,SHE,SEORAPHULI J,34,50.0,0.8333333333333334,Short
37413,SHE,SEORAPHULI J,TAK,TARAKESHWAR,34,48.0,0.8,Short
37414,TAK,TARAKESHWAR,SHE,SEORAPHULI J,34,48.0,0.8,Short
37511,BLY,BALLY,BDC,BANDEL JN.,30,47.0,0.7833333333333333,Short
37512,BDC,BANDEL JN.,BLY,BALLY,30,45.0,0.75,Short
37521,NH,NAIHATI JN.,BDC,BANDEL JN.,8,20.0,0.3333333333333333,Short
37522,BDC,BANDEL JN.,NH,NAIHATI JN.,8,20.0,0.3333333333333333,Short
37523,NH,NAIHATI JN.,BDC,BANDEL JN.,8,19.0,0.31666666666666665,Short
37524,BDC,BANDEL JN.,NH,NAIHATI JN.,8,18.0,0.3,Short
37525,NH,NAIHATI JN.,BDC,BANDEL JN.,8,20.0,0.3333333333333333,Short
37526,BDC,BANDEL JN.,NH,NAIHATI JN.,8,19.0,0.31666666666666665,Short
37527,NH,NAIHATI JN.,BDC,BANDEL JN.,8,19.0,0.31666666666666665,Short
37528,BDC,BANDEL JN.,NH,NAIHATI JN.,8,21.0,0.35,Short
37529,NH,NAIHATI JN.,BDC,BANDEL JN.,8,19.0,0.31666666666666665,Short
37530,BDC,BANDEL JN.,NH,NAIHATI JN.,8,20.0,0.3333333333333333,Short
37531,NH,NAIHATI JN.,BDC,BANDEL JN.,8,20.0,0.3333333333333333,Short
37532,BDC,BANDEL JN.,NH,NAIHATI JN.,8,20.0,0.3333333333333333,Short
37533,NH,NAIHATI JN.,BDC,BANDEL JN.,8,20.0,0.3333333333333333,Short
37534,BDC,BANDEL JN.,NH,NAIHATI JN.,8,20.0,0.3333333333333333,Short
37535,NH,NAIHATI JN.,BDC,BANDEL JN.,8,20.0,0.3333333333333333,Short
37536,BDC,BANDEL JN.,NH,NAIHATI JN.,8,20.0,0.3333333333333333,Short
37537,NH,NAIHATI JN.,BDC,BANDEL JN.,8,20.0,0.3333333333333333,Short
37538,BDC,BANDEL JN.,NH,NAIHATI JN.,8,22.0,0.36666666666666664,Short
37539,NH,NAIHATI JN.,BDC,BANDEL JN.,8,20.0,0.3333333333333333,Short
37540,BDC,BANDEL JN.,NH,NAIHATI JN.,8,19.0,0.31666666666666665,Short
37541,NH,NAIHATI JN.,BDC,BANDEL JN.,8,20.0,0.3333333333333333,Short
37542,BDC,BANDEL JN.,NH,NAIHATI JN.,8,20.0,0.3333333333333333,Short
37543,NH,NAIHATI JN.,BDC,BANDEL JN.,8,20.0,0.3333333333333333,Short
37544,BDC,BANDEL JN.,NH,NAIHATI JN.,8,19.0,0.31666666666666665,Short
37545,NH,NAIHATI JN.,BDC,BANDEL JN.,8,19.0,0.31666666666666665,Short
37546,BDC,BANDEL JN.,NH,NAIHATI JN.,8,20.0,0.3333333333333333,Short
37547,NH,NAIHATI JN.,BDC,BANDEL JN.,8,20.0,0.3333333333333333,Short
37548,BDC,BANDEL JN.,NH,NAIHATI JN.,8,22.0,0.36666666666666664,Short
37549,NH,NAIHATI JN.,BDC,BANDEL JN.,8,18.0,0.3,Short
37550,BDC,BANDEL JN.,NH,NAIHATI JN.,8,20.0,0.3333333333333333,Short
37551,NH,NAIHATI JN.,BDC,BANDEL JN.,8,20.0,0.3333333333333333,Short
37552,BDC,BANDEL JN.,NH,NAIHATI JN.,8,22.0,0.36666666666666664,Short
37553,NH,NAIHATI JN.,BDC,BANDEL JN.,8,18.0,0.3,Short
37554,BDC,BANDEL JN.,NH,NAIHATI JN.,8,22.0,0.36666666666666664,Short
37555,NH,NAIHATI JN.,BDC,BANDEL JN.,8,20.0,0.3333333333333333,Short
37556,BDC,BANDEL JN.,NH,NAIHATI JN.,8,20.0,0.3333333333333333,Short
37557,NH,NAIHATI JN.,BDC,BANDEL JN.,8,22.0,0.36666666666666664,Short
37558,BDC,BANDEL JN.,NH,NAIHATI JN.,8,19.0,0.31666666666666665,Short
37611,HWH,HOWRAH JN.,PDA,PUNDOOAH,60,88.0,1.4666666666666666,Short
37612,PDA,PUNDOOAH,HWH,HOWRAH JN.,60,80.0,1.3333333333333333,Short
37614,PDA,PUNDOOAH,HWH,HOWRAH JN.,60,98.0,1.6333333333333333,Short
37651,HWH,HOWRAH JN.,MYM,MEMARI,81,105.0,1.75,Short
37652,MYM,MEMARI,HWH,HOWRAH JN.,81,125.0,2.0833333333333335,Short
37653,HWH,HOWRAH JN.,MYM,MEMARI,81,111.0,1.85,Short
37654,MYM,MEMARI,HWH,HOWRAH JN.,81,115.0,1.9166666666666667,Short
37655,HWH,HOWRAH JN.,MYM,MEMARI,81,112.0,1.8666666666666667,Short
37656,MYM,MEMARI,HWH,HOWRAH JN.,81,117.0,1.95,Short
37657,HWH,HOWRAH JN.,MYM,MEMARI,81,107.0,1.7833333333333334,Short
37658,MYM,MEMARI,HWH,HOWRAH JN.,81,115.0,1.9166666666666667,Short
37711,BDC,BANDEL JN.,PDA,PUNDOOAH,21,25.0,0.4166666666666667,Short
37731,BDC,BANDEL JN.,MYM,MEMARI,42,45.0,0.75,Short
37732,MYM,MEMARI,BDC,BANDEL JN.,42,50.0,0.8333333333333334,Short
37741,BDC,BANDEL JN.,KWAE,KATWA JN.,104,150.0,2.5,Medium
37742,KWAE,KATWA JN.,BDC,BANDEL JN.,104,130.0,2.1666666666666665,Medium
37743,BDC,BANDEL JN.,KWAE,KATWA JN.,104,130.0,2.1666666666666665,Medium
37744,KWAE,KATWA JN.,BDC,BANDEL JN.,104,135.0,2.25,Medium
37745,BDC,BANDEL JN.,KWAE,KATWA JN.,104,130.0,2.1666666666666665,Medium
37746,KWAE,KATWA JN.,BDC,BANDEL JN.,104,150.0,2.5,Medium
37747,BDC,BANDEL JN.,KWAE,KATWA JN.,104,135.0,2.25,Medium
37748,KWAE,KATWA JN.,BDC,BANDEL JN.,104,135.0,2.25,Medium
37750,KWAE,KATWA JN.,BDC,BANDEL JN.,104,125.0,2.0833333333333335,Medium
37751,BDC,BANDEL JN.,KWAE,KATWA JN.,104,150.0,2.5,Medium
37752,KWAE,KATWA JN.,BDC,BANDEL JN.,104,135.0,2.25,Medium
37753,BDC,BANDEL JN.,KWAE,KATWA JN.,104,135.0,2.25,Medium
37754,KWAE,KATWA JN.,BDC,BANDEL JN.,104,130.0,2.1666666666666665,Medium
37756,KWAE,KATWA JN.,BDC,BANDEL JN.,104,135.0,2.25,Medium
37757,BDC,BANDEL JN.,KWAE,KATWA JN.,104,130.0,2.1666666666666665,Medium
37758,KWAE,KATWA JN.,BDC,BANDEL JN.,104,127.0,2.1166666666666667,Medium
37781,BDC,BANDEL JN.,BWN,BARDDHAMAN J,67,77.0,1.2833333333333334,Short
37782,BWN,BARDDHAMAN J,BDC,BANDEL JN.,67,75.0,1.25,Short
37783,BDC,BANDEL JN.,BWN,BARDDHAMAN J,67,77.0,1.2833333333333334,Short
37784,BWN,BARDDHAMAN J,BDC,BANDEL JN.,67,80.0,1.3333333333333333,Short
37785,BDC,BANDEL JN.,BWN,BARDDHAMAN J,67,80.0,1.3333333333333333,Short
37786,BWN,BARDDHAMAN J,BDC,BANDEL JN.,67,75.0,1.25,Short
37811,HWH,HOWRAH JN.,BWN,BARDDHAMAN J,106,140.0,2.3333333333333335,Medium
37812,BWN,BARDDHAMAN J,HWH,HOWRAH JN.,106,142.0,2.3666666666666667,Medium
37813,HWH,HOWRAH JN.,BWN,BARDDHAMAN J,106,140.0,2.3333333333333335,Medium
37814,BWN,BARDDHAMAN J,HWH,HOWRAH JN.,106,150.0,2.5,Medium
37815,HWH,HOWRAH JN.,BWN,BARDDHAMAN J,106,130.0,2.1666666666666665,Medium
37816,BWN,BARDDHAMAN J,HWH,HOWRAH JN.,106,143.0,2.3833333333333333,Medium
37817,HWH,HOWRAH JN.,BWN,BARDDHAMAN J,106,147.0,2.45,Medium
37818,BWN,BARDDHAMAN J,HWH,HOWRAH JN.,106,146.0,2.433333333333333,Medium
37819,HWH,HOWRAH JN.,BWN,BARDDHAMAN J,106,147.0,2.45,Medium
37820,BWN,BARDDHAMAN J,HWH,HOWRAH JN.,106,137.0,2.283333333333333,Medium
37821,HWH,HOWRAH JN.,BWN,BARDDHAMAN J,106,139.0,2.316666666666667,Medium
37822,BWN,BARDDHAMAN J,HWH,HOWRAH JN.,106,115.0,1.9166666666666667,Medium
37823,HWH,HOWRAH JN.,BWN,BARDDHAMAN J,106,145.0,2.4166666666666665,Medium
37824,BWN,BARDDHAMAN J,HWH,HOWRAH JN.,106,137.0,2.283333333333333,Medium
37825,HWH,HOWRAH JN.,BWN,BARDDHAMAN J,106,145.0,2.4166666666666665,Medium
37826,BWN,BARDDHAMAN J,HWH,HOWRAH JN.,106,132.0,2.2,Medium
37827,HWH,HOWRAH JN.,BWN,BARDDHAMAN J,106,145.0,2.4166666666666665,Medium
37828,BWN,BARDDHAMAN J,HWH,HOWRAH JN.,106,136.0,2.2666666666666666,Medium
37829,HWH,HOWRAH JN.,BWN,BARDDHAMAN J,106,140.0,2.3333333333333335,Medium
37830,BWN,BARDDHAMAN J,HWH,HOWRAH JN.,106,139.0,2.316666666666667,Medium
37831,HWH,HOWRAH JN.,BWN,BARDDHAMAN J,106,138.0,2.3,Medium
37832,BWN,BARDDHAMAN J,HWH,HOWRAH JN.,106,155.0,2.5833333333333335,Medium
37833,HWH,HOWRAH JN.,BWN,BARDDHAMAN J,106,145.0,2.4166666666666665,Medium
37834,BWN,BARDDHAMAN J,HWH,HOWRAH JN.,106,148.0,2.466666666666667,Medium
37835,HWH,HOWRAH JN.,BWN,BARDDHAMAN J,106,145.0,2.4166666666666665,Medium
37836,BWN,BARDDHAMAN J,HWH,HOWRAH JN.,106,141.0,2.35,Medium
37837,HWH,HOWRAH JN.,BWN,BARDDHAMAN J,106,140.0,2.3333333333333335,Medium
37838,BWN,BARDDHAMAN J,HWH,HOWRAH JN.,106,145.0,2.4166666666666665,Medium
37839,HWH,HOWRAH JN.,BWN,BARDDHAMAN J,106,135.0,2.25,Medium
37840,BWN,BARDDHAMAN J,HWH,HOWRAH JN.,106,140.0,2.3333333333333335,Medium
37841,HWH,HOWRAH JN.,BWN,BARDDHAMAN J,106,126.0,2.1,Medium
37842,BWN,BARDDHAMAN J,HWH,HOWRAH JN.,106,152.0,2.533333333333333,Medium
37843,HWH,HOWRAH JN.,BWN,BARDDHAMAN J,106,115.0,1.9166666666666667,Medium
37844,BWN,BARDDHAMAN J,HWH,HOWRAH JN.,106,143.0,2.3833333333333333,Medium
37845,HWH,HOWRAH JN.,BWN,BARDDHAMAN J,106,140.0,2.3333333333333335,Medium
37846,BWN,BARDDHAMAN J,HWH,HOWRAH JN.,106,145.0,2.4166666666666665,Medium
37847,HWH,HOWRAH JN.,BWN,BARDDHAMAN J,106,135.0,2.25,Medium
37848,BWN,BARDDHAMAN J,HWH,HOWRAH JN.,106,140.0,2.3333333333333335,Medium
37849,HWH,HOWRAH JN.,BWN,BARDDHAMAN J,106,120.0,2.0,Medium
37850,BWN,BARDDHAMAN J,HWH,HOWRAH JN.,106,138.0,2.3,Medium
37851,HWH,HOWRAH JN.,BWN,BARDDHAMAN J,106,138.0,2.3,Medium
37852,BWN,BARDDHAMAN J,HWH,HOWRAH JN.,106,140.0,2.3333333333333335,Medium
37853,HWH,HOWRAH JN.,BWN,BARDDHAMAN J,106,147.0,2.45,Medium
37854,BWN,BARDDHAMAN J,HWH,HOWRAH JN.,106,152.0,2.533333333333333,Medium
37855,HWH,HOWRAH JN.,BWN,BARDDHAMAN J,106,143.0,2.3833333333333333,Medium
37857,HWH,HOWRAH JN.,BWN,BARDDHAMAN J,106,140.0,2.3333333333333335,Medium
37911,HWH,HOWRAH JN.,KWAE,KATWA JN.,143,192.0,3.2,Medium
37912,KWAE,KATWA JN.,HWH,HOWRAH JN.,144,195.0,3.25,Medium
37913,HWH,HOWRAH JN.,KWAE,KATWA JN.,143,190.0,3.1666666666666665,Medium
37914,KWAE,KATWA JN.,HWH,HOWRAH JN.,144,183.0,3.05,Medium
37915,HWH,HOWRAH JN.,KWAE,KATWA JN.,144,195.0,3.25,Medium
37916,KWAE,KATWA JN.,HWH,HOWRAH JN.,144,185.0,3.0833333333333335,Medium
37917,HWH,HOWRAH JN.,KWAE,KATWA JN.,143,195.0,3.25,Medium
37918,KWAE,KATWA JN.,HWH,HOWRAH JN.,144,200.0,3.3333333333333335,Medium
37919,HWH,HOWRAH JN.,KWAE,KATWA JN.,144,190.0,3.1666666666666665,Medium
37920,KWAE,KATWA JN.,HWH,HOWRAH JN.,144,190.0,3.1666666666666665,Medium
37921,HWH,HOWRAH JN.,KWAE,KATWA JN.,143,193.0,3.216666666666667,Medium
37922,KWAE,KATWA JN.,HWH,HOWRAH JN.,144,225.0,3.75,Medium
37923,HWH,HOWRAH JN.,KWAE,KATWA JN.,144,185.0,3.0833333333333335,Medium
37924,KWAE,KATWA JN.,HWH,HOWRAH JN.,144,203.0,3.3833333333333333,Medium
37925,HWH,HOWRAH JN.,KWAE,KATWA JN.,144,185.0,3.0833333333333335,Medium
37926,KWAE,KATWA JN.,HWH,HOWRAH JN.,144,198.0,3.3,Medium
37927,HWH,HOWRAH JN.,KWAE,KATWA JN.,143,195.0,3.25,Medium
37928,KWAE,KATWA JN.,HWH,HOWRAH JN.,144,202.0,3.3666666666666667,Medium
38031,SHM,SHALIMAR,SRC,SANTRAGACHI,5,15.0,0.25,Short
38032,SRC,SANTRAGACHI,SHM,SHALIMAR,5,13.0,0.21666666666666667,Short
38033,SHM,SHALIMAR,SRC,SANTRAGACHI,5,15.0,0.25,Short
38034,SRC,SANTRAGACHI,SHM,SHALIMAR,5,15.0,0.25,Short
38036,SRC,SANTRAGACHI,SHM,SHALIMAR,5,20.0,0.3333333333333333,Short
38051,HWH,HOWRAH JN.,HLZ,HALDIA,140,220.0,3.6666666666666665,Medium
38052,HLZ,HALDIA,HWH,HOWRAH JN.,139,195.0,3.25,Medium
38053,HWH,HOWRAH JN.,HLZ,HALDIA,136,190.0,3.1666666666666665,Medium
38054,HLZ,HALDIA,PKU,PANSKURA,68,95.0,1.5833333333333333,Short
38055,PKU,PANSKURA,HLZ,HALDIA,68,100.0,1.6666666666666667,Short
38056,HLZ,HALDIA,HWH,HOWRAH JN.,137,192.0,3.2,Medium
38057,HWH,HOWRAH JN.,HLZ,HALDIA,140,218.0,3.6333333333333333,Medium
38058,HLZ,HALDIA,HWH,HOWRAH JN.,139,210.0,3.5,Medium
38101,SRC,SANTRAGACHI,ULB,ULUBARIA,24,40.0,0.6666666666666666,Short
38102,ULB,ULUBARIA,SRC,SANTRAGACHI,24,45.0,0.75,Short
38103,HWH,HOWRAH JN.,ULB,ULUBARIA,32,61.0,1.0166666666666666,Short
38104,ULB,ULUBARIA,HWH,HOWRAH JN.,32,61.0,1.0166666666666666,Short
38105,HWH,HOWRAH JN.,ULB,ULUBARIA,32,68.0,1.1333333333333333,Short
38106,ULB,ULUBARIA,HWH,HOWRAH JN.,32,63.0,1.05,Short
38107,SRC,SANTRAGACHI,ULB,ULUBARIA,24,42.0,0.7,Short
38108,ULB,ULUBARIA,HWH,HOWRAH JN.,32,76.0,1.2666666666666666,Short
38202,BZN,BAGNAN,HWH,HOWRAH JN.,45,72.0,1.2,Short
38204,BZN,BAGNAN,HWH,HOWRAH JN.,45,77.0,1.2833333333333334,Short
38206,BZN,BAGNAN,SRC,SANTRAGACHI,37,55.0,0.9166666666666666,Short
38301,SRC,SANTRAGACHI,MCA,MECHEDA,50,75.0,1.25,Short
38302,MCA,MECHEDA,HWH,HOWRAH JN.,58,90.0,1.5,Short
38303,HWH,HOWRAH JN.,MCA,MECHEDA,58,97.0,1.6166666666666667,Short
38304,MCA,MECHEDA,HWH,HOWRAH JN.,58,90.0,1.5,Short
38305,SHM,SHALIMAR,MCA,MECHEDA,56,100.0,1.6666666666666667,Short
38306,MCA,MECHEDA,HWH,HOWRAH JN.,58,90.0,1.5,Short
38307,HWH,HOWRAH JN.,MCA,MECHEDA,58,92.0,1.5333333333333334,Short
38308,MCA,MECHEDA,HWH,HOWRAH JN.,58,90.0,1.5,Short
38310,MCA,MECHEDA,SHM,SHALIMAR,55,87.0,1.45,Short
38312,MCA,MECHEDA,HWH,HOWRAH JN.,58,95.0,1.5833333333333333,Short
38314,MCA,MECHEDA,HWH,HOWRAH JN.,58,98.0,1.6333333333333333,Short
38316,MCA,MECHEDA,SRC,SANTRAGACHI,50,80.0,1.3333333333333333,Short
38318,MCA,MECHEDA,HWH,HOWRAH JN.,58,93.0,1.55,Short
38321,HWH,HOWRAH JN.,MCA,MECHEDA,58,105.0,1.75,Short
38401,HWH,HOWRAH JN.,PKU,PANSKURA,71,108.0,1.8,Short
38402,PKU,PANSKURA,HWH,HOWRAH JN.,70,107.0,1.7833333333333334,Short
38403,HWH,HOWRAH JN.,PKU,PANSKURA,71,108.0,1.8,Short
38404,PKU,PANSKURA,HWH,HOWRAH JN.,70,108.0,1.8,Short
38405,HWH,HOWRAH JN.,PKU,PANSKURA,71,107.0,1.7833333333333334,Short
38406,PKU,PANSKURA,HWH,HOWRAH JN.,70,109.0,1.8166666666666667,Short
38407,SRC,SANTRAGACHI,PKU,PANSKURA,63,90.0,1.5,Short
38408,PKU,PANSKURA,HWH,HOWRAH JN.,70,108.0,1.8,Short
38409,HWH,HOWRAH JN.,PKU,PANSKURA,71,120.0,2.0,Short
38410,PKU,PANSKURA,HWH,HOWRAH JN.,70,107.0,1.7833333333333334,Short
38411,HWH,HOWRAH JN.,PKU,PANSKURA,71,119.0,1.9833333333333334,Short
38412,PKU,PANSKURA,HWH,HOWRAH JN.,70,107.0,1.7833333333333334,Short
38413,HWH,HOWRAH JN.,PKU,PANSKURA,71,110.0,1.8333333333333333,Short
38414,PKU,PANSKURA,HWH,HOWRAH JN.,70,115.0,1.9166666666666667,Short
38416,PKU,PANSKURA,HWH,HOWRAH JN.,70,105.0,1.75,Short
38419,HWH,HOWRAH JN.,PKU,PANSKURA,71,120.0,2.0,Short
38421,HWH,HOWRAH JN.,PKU,PANSKURA,71,113.0,1.8833333333333333,Short
38423,HWH,HOWRAH JN.,PKU,PANSKURA,71,107.0,1.7833333333333334,Short
38425,HWH,HOWRAH JN.,PKU,PANSKURA,71,110.0,1.8333333333333333,Short
38427,HWH,HOWRAH JN.,PKU,PANSKURA,71,105.0,1.75,Short
38431,HWH,HOWRAH JN.,PKU,PANSKURA,71,110.0,1.8333333333333333,Short
38433,HWH,HOWRAH JN.,PKU,PANSKURA,71,110.0,1.8333333333333333,Short
38437,HWH,HOWRAH JN.,PKU,PANSKURA,71,108.0,1.8,Short
38447,HWH,HOWRAH JN.,PKU,PANSKURA,71,110.0,1.8333333333333333,Short
38449,HWH,HOWRAH JN.,PKU,PANSKURA,71,110.0,1.8333333333333333,Short
38451,HWH,HOWRAH JN.,PKU,PANSKURA,71,120.0,2.0,Short
38452,PKU,PANSKURA,HWH,HOWRAH JN.,70,117.0,1.95,Short
38453,HWH,HOWRAH JN.,PKU,PANSKURA,71,110.0,1.8333333333333333,Short
38454,PKU,PANSKURA,HWH,HOWRAH JN.,70,112.0,1.8666666666666667,Short
38455,HWH,HOWRAH JN.,PKU,PANSKURA,71,110.0,1.8333333333333333,Short
38456,PKU,PANSKURA,HWH,HOWRAH JN.,70,113.0,1.8833333333333333,Short
38501,HWH,HOWRAH JN.,BCK,BALICHAK,90,137.0,2.283333333333333,Short
38502,BCK,BALICHAK,HWH,HOWRAH JN.,91,145.0,2.4166666666666665,Short
38601,HWH,HOWRAH JN.,KIG,KOLAGHAT,54,95.0,1.5833333333333333,Short
38602,KIG,KOLAGHAT,HWH,HOWRAH JN.,54,93.0,1.55,Short
38701,HWH,HOWRAH JN.,KGP,KHARAGPUR,115,130.0,2.1666666666666665,Medium
38702,KGP,KHARAGPUR,HWH,HOWRAH JN.,115,155.0,2.5833333333333335,Medium
38703,HWH,HOWRAH JN.,KGP,KHARAGPUR,115,155.0,2.5833333333333335,Medium
38704,KGP,KHARAGPUR,HWH,HOWRAH JN.,115,162.0,2.7,Medium
38705,HWH,HOWRAH JN.,KGP,KHARAGPUR,115,153.0,2.55,Medium
38706,KGP,KHARAGPUR,HWH,HOWRAH JN.,115,155.0,2.5833333333333335,Medium
38707,HWH,HOWRAH JN.,KGP,KHARAGPUR,115,170.0,2.8333333333333335,Medium
38708,KGP,KHARAGPUR,HWH,HOWRAH JN.,115,155.0,2.5833333333333335,Medium
38709,SRC,SANTRAGACHI,KGP,KHARAGPUR,107,150.0,2.5,Medium
38710,KGP,KHARAGPUR,HWH,HOWRAH JN.,115,155.0,2.5833333333333335,Medium
38711,HWH,HOWRAH JN.,KGP,KHARAGPUR,115,173.0,2.8833333333333333,Medium
38713,HWH,HOWRAH JN.,KGP,KHARAGPUR,115,165.0,2.75,Medium
38719,HWH,HOWRAH JN.,KGP,KHARAGPUR,115,172.0,2.8666666666666667,Medium
38726,KGP,KHARAGPUR,HWH,HOWRAH JN.,115,182.0,3.033333333333333,Medium
38728,KGP,KHARAGPUR,HWH,HOWRAH JN.,115,182.0,3.033333333333333,Medium
38730,KGP,KHARAGPUR,HWH,HOWRAH JN.,115,165.0,2.75,Medium
38801,HWH,HOWRAH JN.,MDN,MIDNAPORE,128,175.0,2.9166666666666665,Medium
38802,MDN,MIDNAPORE,HWH,HOWRAH JN.,128,187.0,3.1166666666666667,Medium
38803,HWH,HOWRAH JN.,MDN,MIDNAPORE,128,185.0,3.0833333333333335,Medium
38804,MDN,MIDNAPORE,HWH,HOWRAH JN.,128,188.0,3.1333333333333333,Medium
38805,HWH,HOWRAH JN.,MDN,MIDNAPORE,128,195.0,3.25,Medium
38806,MDN,MIDNAPORE,HWH,HOWRAH JN.,128,170.0,2.8333333333333335,Medium
38807,HWH,HOWRAH JN.,MDN,MIDNAPORE,128,200.0,3.3333333333333335,Medium
38808,MDN,MIDNAPORE,HWH,HOWRAH JN.,128,180.0,3.0,Medium
38809,HWH,HOWRAH JN.,MDN,MIDNAPORE,128,205.0,3.4166666666666665,Medium
38810,MDN,MIDNAPORE,HWH,HOWRAH JN.,128,195.0,3.25,Medium
38811,HWH,HOWRAH JN.,MDN,MIDNAPORE,128,190.0,3.1666666666666665,Medium
38812,MDN,MIDNAPORE,HWH,HOWRAH JN.,128,202.0,3.3666666666666667,Medium
38813,HWH,HOWRAH JN.,MDN,MIDNAPORE,128,188.0,3.1333333333333333,Medium
38814,MDN,MIDNAPORE,HWH,HOWRAH JN.,128,207.0,3.45,Medium
38815,HWH,HOWRAH JN.,MDN,MIDNAPORE,128,195.0,3.25,Medium
38816,MDN,MIDNAPORE,HWH,HOWRAH JN.,128,213.0,3.55,Medium
38817,HWH,HOWRAH JN.,MDN,MIDNAPORE,128,195.0,3.25,Medium
38818,MDN,MIDNAPORE,HWH,HOWRAH JN.,128,198.0,3.3,Medium
38819,HWH,HOWRAH JN.,MDN,MIDNAPORE,128,213.0,3.55,Medium
38820,MDN,MIDNAPORE,HWH,HOWRAH JN.,128,202.0,3.3666666666666667,Medium
38821,HWH,HOWRAH JN.,MDN,MIDNAPORE,128,165.0,2.75,Medium
38822,MDN,MIDNAPORE,HWH,HOWRAH JN.,128,198.0,3.3,Medium
38823,HWH,HOWRAH JN.,MDN,MIDNAPORE,128,180.0,3.0,Medium
38824,MDN,MIDNAPORE,HWH,HOWRAH JN.,128,205.0,3.4166666666666665,Medium
38825,HWH,HOWRAH JN.,MDN,MIDNAPORE,129,165.0,2.75,Medium
38826,MDN,MIDNAPORE,HWH,HOWRAH JN.,128,212.0,3.533333333333333,Medium
38827,HWH,HOWRAH JN.,MDN,MIDNAPORE,128,175.0,2.9166666666666665,Medium
38828,MDN,MIDNAPORE,HWH,HOWRAH JN.,128,197.0,3.283333333333333,Medium
38829,HWH,HOWRAH JN.,MDN,MIDNAPORE,128,177.0,2.95,Medium
38830,MDN,MIDNAPORE,HWH,HOWRAH JN.,128,193.0,3.216666666666667,Medium
38831,HWH,HOWRAH JN.,MDN,MIDNAPORE,128,195.0,3.25,Medium
38832,MDN,MIDNAPORE,KGP,KHARAGPUR,12,30.0,0.5,Short
38902,AMZ,AMTA,SRC,SANTRAGACHI,44,75.0,1.25,Short
38905,HWH,HOWRAH JN.,AMZ,AMTA,51,100.0,1.6666666666666667,Short
38908,AMZ,AMTA,HWH,HOWRAH JN.,49,95.0,1.5833333333333333,Short
38909,HWH,HOWRAH JN.,AMZ,AMTA,51,100.0,1.6666666666666667,Short
38923,HWH,HOWRAH JN.,AMZ,AMTA,51,96.0,1.6,Short
38924,AMZ,AMTA,HWH,HOWRAH JN.,49,93.0,1.55,Short
40001,MSB,CHENNAI BEAC,TBM,TAMBARAM,29,55.0,0.9166666666666666,Short
40002,TBM,TAMBARAM,MSB,CHENNAI BEAC,29,55.0,0.9166666666666666,Short
40003,MSB,CHENNAI BEAC,TBM,TAMBARAM,29,55.0,0.9166666666666666,Short
40004,TBM,TAMBARAM,MSB,CHENNAI BEAC,29,55.0,0.9166666666666666,Short
40005,MSB,CHENNAI BEAC,TBM,TAMBARAM,29,55.0,0.9166666666666666,Short
40006,TBM,TAMBARAM,MSB,CHENNAI BEAC,29,55.0,0.9166666666666666,Short
40007,MSB,CHENNAI BEAC,TBM,TAMBARAM,29,55.0,0.9166666666666666,Short
40008,TBM,TAMBARAM,MSB,CHENNAI BEAC,29,55.0,0.9166666666666666,Short
40009,MSB,CHENNAI BEAC,TBM,TAMBARAM,29,55.0,0.9166666666666666,Short
40010,TBM,TAMBARAM,MSB,CHENNAI BEAC,29,55.0,0.9166666666666666,Short
40011,MSB,CHENNAI BEAC,TBM,TAMBARAM,29,55.0,0.9166666666666666,Short
40012,TBM,TAMBARAM,MSB,CHENNAI BEAC,29,55.0,0.9166666666666666,Short
40013,MSB,CHENNAI BEAC,TBM,TAMBARAM,29,55.0,0.9166666666666666,Short
40014,TBM,TAMBARAM,MSB,CHENNAI BEAC,29,55.0,0.9166666666666666,Short
40015,MSB,CHENNAI BEAC,TBM,TAMBARAM,29,55.0,0.9166666666666666,Short
40016,TBM,TAMBARAM,MSB,CHENNAI BEAC,29,55.0,0.9166666666666666,Short
40017,MSB,CHENNAI BEAC,TBM,TAMBARAM,29,55.0,0.9166666666666666,Short
40018,TBM,TAMBARAM,MSB,CHENNAI BEAC,29,55.0,0.9166666666666666,Short
40019,MSB,CHENNAI BEAC,PV,PALLAVARAM,23,40.0,0.6666666666666666,Short
40020,TBM,TAMBARAM,MSB,CHENNAI BEAC,29,55.0,0.9166666666666666,Short
40021,MSB,CHENNAI BEAC,STM,ST. THOMAS M,17,26.0,0.43333333333333335,Short
40022,TBM,TAMBARAM,MSB,CHENNAI BEAC,29,55.0,0.9166666666666666,Short
40023,MSB,CHENNAI BEAC,TBM,TAMBARAM,29,55.0,0.9166666666666666,Short
40025,MSB,CHENNAI BEAC,TBM,TAMBARAM,29,55.0,0.9166666666666666,Short
40026,TBM,TAMBARAM,MSB,CHENNAI BEAC,29,55.0,0.9166666666666666,Short
40027,MSB,CHENNAI BEAC,TBM,TAMBARAM,29,55.0,0.9166666666666666,Short
40028,TBM,TAMBARAM,MSB,CHENNAI BEAC,29,55.0,0.9166666666666666,Short
40029,MSB,CHENNAI BEAC,TBM,TAMBARAM,29,55.0,0.9166666666666666,Short
40030,TBM,TAMBARAM,MSB,CHENNAI BEAC,29,55.0,0.9166666666666666,Short
40031,MSB,CHENNAI BEAC,TBM,TAMBARAM,29,55.0,0.9166666666666666,Short
40032,TBM,TAMBARAM,MSB,CHENNAI BEAC,29,55.0,0.9166666666666666,Short
40033,MSB,CHENNAI BEAC,TBM,TAMBARAM,29,55.0,0.9166666666666666,Short
40034,TBM,TAMBARAM,MSB,CHENNAI BEAC,29,55.0,0.9166666666666666,Short
40035,MSB,CHENNAI BEAC,TBM,TAMBARAM,29,55.0,0.9166666666666666,Short
40036,TBM,TAMBARAM,MSB,CHENNAI BEAC,29,55.0,0.9166666666666666,Short
40037,MSB,CHENNAI BEAC,TBM,TAMBARAM,29,55.0,0.9166666666666666,Short
40038,TBM,TAMBARAM,MSB,CHENNAI BEAC,29,55.0,0.9166666666666666,Short
40039,MSB,CHENNAI BEAC,TBM,TAMBARAM,29,55.0,0.9166666666666666,Short
40040,TBM,TAMBARAM,MSB,CHENNAI BEAC,29,55.0,0.9166666666666666,Short
40041,MSB,CHENNAI BEAC,TBM,TAMBARAM,29,55.0,0.9166666666666666,Short
40042,STM,ST. THOMAS M,MSB,CHENNAI BEAC,17,35.0,0.5833333333333334,Short
40043,MSB,CHENNAI BEAC,TBM,TAMBARAM,29,55.0,0.9166666666666666,Short
40044,PV,PALLAVARAM,MSB,CHENNAI BEAC,23,44.0,0.7333333333333333,Short
40045,MSB,CHENNAI BEAC,TBM,TAMBARAM,29,55.0,0.9166666666666666,Short
40046,TBM,TAMBARAM,MSB,CHENNAI BEAC,29,55.0,0.9166666666666666,Short
40047,MSB,CHENNAI BEAC,TBM,TAMBARAM,29,55.0,0.9166666666666666,Short
40048,TBM,TAMBARAM,MSB,CHENNAI BEAC,29,55.0,0.9166666666666666,Short
40049,MSB,CHENNAI BEAC,TBM,TAMBARAM,29,55.0,0.9166666666666666,Short
40050,TBM,TAMBARAM,MSB,CHENNAI BEAC,29,55.0,0.9166666666666666,Short
40051,MSB,CHENNAI BEAC,TBM,TAMBARAM,29,55.0,0.9166666666666666,Short
40052,TBM,TAMBARAM,MSB,CHENNAI BEAC,29,55.0,0.9166666666666666,Short
40053,MSB,CHENNAI BEAC,TBM,TAMBARAM,29,55.0,0.9166666666666666,Short
40054,TBM,TAMBARAM,MSB,CHENNAI BEAC,29,55.0,0.9166666666666666,Short
40055,MSB,CHENNAI BEAC,TBM,TAMBARAM,29,55.0,0.9166666666666666,Short
40056,TBM,TAMBARAM,MSB,CHENNAI BEAC,29,55.0,0.9166666666666666,Short
40057,MSB,CHENNAI BEAC,TBM,TAMBARAM,29,55.0,0.9166666666666666,Short
40058,TBM,TAMBARAM,MSB,CHENNAI BEAC,29,55.0,0.9166666666666666,Short
40059,MSB,CHENNAI BEAC,TBM,TAMBARAM,29,55.0,0.9166666666666666,Short
40060,TBM,TAMBARAM,MSB,CHENNAI BEAC,29,55.0,0.9166666666666666,Short
40061,MSB,CHENNAI BEAC,TBM,TAMBARAM,29,55.0,0.9166666666666666,Short
40062,TBM,TAMBARAM,MSB,CHENNAI BEAC,29,55.0,0.9166666666666666,Short
40063,MSB,CHENNAI BEAC,TBM,TAMBARAM,29,55.0,0.9166666666666666,Short
40064,TBM,TAMBARAM,MSB,CHENNAI BEAC,29,55.0,0.9166666666666666,Short
40065,MSB,CHENNAI BEAC,TBM,TAMBARAM,29,55.0,0.9166666666666666,Short
40066,TBM,TAMBARAM,MSB,CHENNAI BEAC,29,55.0,0.9166666666666666,Short
40067,MSB,CHENNAI BEAC,TBM,TAMBARAM,29,55.0,0.9166666666666666,Short
40068,TBM,TAMBARAM,MSB,CHENNAI BEAC,29,55.0,0.9166666666666666,Short
40069,MSB,CHENNAI BEAC,TBM,TAMBARAM,29,55.0,0.9166666666666666,Short
40070,TBM,TAMBARAM,MSB,CHENNAI BEAC,29,55.0,0.9166666666666666,Short
40071,MSB,CHENNAI BEAC,TBM,TAMBARAM,29,55.0,0.9166666666666666,Short
40072,TBM,TAMBARAM,MSB,CHENNAI BEAC,29,55.0,0.9166666666666666,Short
40073,MSB,CHENNAI BEAC,TBM,TAMBARAM,29,55.0,0.9166666666666666,Short
40074,TBM,TAMBARAM,MSB,CHENNAI BEAC,29,55.0,0.9166666666666666,Short
40075,MSB,CHENNAI BEAC,TBM,TAMBARAM,29,55.0,0.9166666666666666,Short
40076,TBM,TAMBARAM,MSB,CHENNAI BEAC,29,55.0,0.9166666666666666,Short
40077,MSB,CHENNAI BEAC,TBM,TAMBARAM,29,55.0,0.9166666666666666,Short
40078,TBM,TAMBARAM,MSB,CHENNAI BEAC,29,55.0,0.9166666666666666,Short
40079,MSB,CHENNAI BEAC,TBM,TAMBARAM,29,55.0,0.9166666666666666,Short
40080,TBM,TAMBARAM,MSB,CHENNAI BEAC,29,55.0,0.9166666666666666,Short
40081,MSB,CHENNAI BEAC,TBM,TAMBARAM,29,55.0,0.9166666666666666,Short
40082,TBM,TAMBARAM,MSB,CHENNAI BEAC,29,55.0,0.9166666666666666,Short
40083,MSB,CHENNAI BEAC,TBM,TAMBARAM,29,55.0,0.9166666666666666,Short
40084,TBM,TAMBARAM,MSB,CHENNAI BEAC,29,55.0,0.9166666666666666,Short
40085,MSB,CHENNAI BEAC,TBM,TAMBARAM,29,55.0,0.9166666666666666,Short
40086,TBM,TAMBARAM,MSB,CHENNAI BEAC,29,55.0,0.9166666666666666,Short
40087,MSB,CHENNAI BEAC,TBM,TAMBARAM,29,55.0,0.9166666666666666,Short
40088,TBM,TAMBARAM,MSB,CHENNAI BEAC,29,55.0,0.9166666666666666,Short
40089,MSB,CHENNAI BEAC,TBM,TAMBARAM,29,55.0,0.9166666666666666,Short
40090,TBM,TAMBARAM,MSB,CHENNAI BEAC,29,55.0,0.9166666666666666,Short
40091,MSB,CHENNAI BEAC,TBM,TAMBARAM,29,55.0,0.9166666666666666,Short
40092,TBM,TAMBARAM,MSB,CHENNAI BEAC,29,55.0,0.9166666666666666,Short
40093,MSB,CHENNAI BEAC,TBM,TAMBARAM,29,55.0,0.9166666666666666,Short
40094,TBM,TAMBARAM,MSB,CHENNAI BEAC,29,55.0,0.9166666666666666,Short
40095,MSB,CHENNAI BEAC,TBM,TAMBARAM,29,55.0,0.9166666666666666,Short
40096,TBM,TAMBARAM,MSB,CHENNAI BEAC,29,55.0,0.9166666666666666,Short
40097,MSB,CHENNAI BEAC,TBM,TAMBARAM,29,55.0,0.9166666666666666,Short
40098,TBM,TAMBARAM,MSB,CHENNAI BEAC,29,55.0,0.9166666666666666,Short
40099,MSB,CHENNAI BEAC,TBM,TAMBARAM,29,55.0,0.9166666666666666,Short
40100,TBM,TAMBARAM,MSB,CHENNAI BEAC,29,55.0,0.9166666666666666,Short
40101,MSB,CHENNAI BEAC,TBM,TAMBARAM,29,55.0,0.9166666666666666,Short
40102,TBM,TAMBARAM,MSB,CHENNAI BEAC,29,55.0,0.9166666666666666,Short
40103,MSB,CHENNAI BEAC,TBM,TAMBARAM,29,55.0,0.9166666666666666,Short
40104,TBM,TAMBARAM,MSB,CHENNAI BEAC,29,55.0,0.9166666666666666,Short
40105,MSB,CHENNAI BEAC,TBM,TAMBARAM,29,55.0,0.9166666666666666,Short
40106,TBM,TAMBARAM,MSB,CHENNAI BEAC,29,55.0,0.9166666666666666,Short
40107,MSB,CHENNAI BEAC,TBM,TAMBARAM,29,55.0,0.9166666666666666,Short
40108,TBM,TAMBARAM,MSB,CHENNAI BEAC,29,55.0,0.9166666666666666,Short
40109,MSB,CHENNAI BEAC,TBM,TAMBARAM,29,55.0,0.9166666666666666,Short
40110,TBM,TAMBARAM,MSB,CHENNAI BEAC,29,55.0,0.9166666666666666,Short
40111,MSB,CHENNAI BEAC,TBM,TAMBARAM,29,55.0,0.9166666666666666,Short
40112,TBM,TAMBARAM,MSB,CHENNAI BEAC,29,55.0,0.9166666666666666,Short
40113,MSB,CHENNAI BEAC,TBM,TAMBARAM,29,55.0,0.9166666666666666,Short
40114,TBM,TAMBARAM,MSB,CHENNAI BEAC,29,55.0,0.9166666666666666,Short
40115,MSB,CHENNAI BEAC,TBM,TAMBARAM,29,55.0,0.9166666666666666,Short
40116,TBM,TAMBARAM,MSB,CHENNAI BEAC,29,55.0,0.9166666666666666,Short
40117,MSB,CHENNAI BEAC,TBM,TAMBARAM,29,55.0,0.9166666666666666,Short
40118,TBM,TAMBARAM,MSB,CHENNAI BEAC,29,55.0,0.9166666666666666,Short
40119,MSB,CHENNAI BEAC,TBM,TAMBARAM,29,55.0,0.9166666666666666,Short
40120,TBM,TAMBARAM,MSB,CHENNAI BEAC,29,55.0,0.9166666666666666,Short
40121,MSB,CHENNAI BEAC,TBM,TAMBARAM,29,55.0,0.9166666666666666,Short
40122,TBM,TAMBARAM,MSB,CHENNAI BEAC,29,55.0,0.9166666666666666,Short
40123,MSB,CHENNAI BEAC,TBM,TAMBARAM,29,55.0,0.9166666666666666,Short
40124,TBM,TAMBARAM,MSB,CHENNAI BEAC,29,55.0,0.9166666666666666,Short
40125,MSB,CHENNAI BEAC,TBM,TAMBARAM,29,55.0,0.9166666666666666,Short
40126,TBM,TAMBARAM,MSB,CHENNAI BEAC,29,55.0,0.9166666666666666,Short
40127,MSB,CHENNAI BEAC,TBM,TAMBARAM,29,55.0,0.9166666666666666,Short
40128,TBM,TAMBARAM,MSB,CHENNAI BEAC,29,55.0,0.9166666666666666,Short
40129,MSB,CHENNAI BEAC,TBM,TAMBARAM,29,55.0,0.9166666666666666,Short
40130,TBM,TAMBARAM,MSB,CHENNAI BEAC,29,55.0,0.9166666666666666,Short
40131,MSB,CHENNAI BEAC,TBM,TAMBARAM,29,55.0,0.9166666666666666,Short
40132,TBM,TAMBARAM,MSB,CHENNAI BEAC,29,55.0,0.9166666666666666,Short
40133,MSB,CHENNAI BEAC,TBM,TAMBARAM,29,55.0,0.9166666666666666,Short
40134,TBM,TAMBARAM,MSB,CHENNAI BEAC,29,55.0,0.9166666666666666,Short
40135,MSB,CHENNAI BEAC,TBM,TAMBARAM,29,55.0,0.9166666666666666,Short
40136,TBM,TAMBARAM,MSB,CHENNAI BEAC,29,55.0,0.9166666666666666,Short
40137,MSB,CHENNAI BEAC,TBM,TAMBARAM,29,55.0,0.9166666666666666,Short
40138,TBM,TAMBARAM,MSB,CHENNAI BEAC,29,55.0,0.9166666666666666,Short
40139,MSB,CHENNAI BEAC,TBM,TAMBARAM,29,55.0,0.9166666666666666,Short
40140,TBM,TAMBARAM,MSB,CHENNAI BEAC,29,55.0,0.9166666666666666,Short
40141,MSB,CHENNAI BEAC,TBM,TAMBARAM,29,55.0,0.9166666666666666,Short
40142,TBM,TAMBARAM,MSB,CHENNAI BEAC,29,55.0,0.9166666666666666,Short
40143,MSB,CHENNAI BEAC,TBM,TAMBARAM,29,55.0,0.9166666666666666,Short
40144,TBM,TAMBARAM,MSB,CHENNAI BEAC,29,55.0,0.9166666666666666,Short
40145,MSB,CHENNAI BEAC,TBM,TAMBARAM,29,55.0,0.9166666666666666,Short
40146,TBM,TAMBARAM,MSB,CHENNAI BEAC,29,55.0,0.9166666666666666,Short
40147,MSB,CHENNAI BEAC,TBM,TAMBARAM,29,55.0,0.9166666666666666,Short
40148,TBM,TAMBARAM,MSB,CHENNAI BEAC,29,55.0,0.9166666666666666,Short
40150,TBM,TAMBARAM,MSB,CHENNAI BEAC,29,55.0,0.9166666666666666,Short
40151,MSB,CHENNAI BEAC,TBM,TAMBARAM,29,55.0,0.9166666666666666,Short
40152,TBM,TAMBARAM,MSB,CHENNAI BEAC,29,55.0,0.9166666666666666,Short
40153,MSB,CHENNAI BEAC,TBM,TAMBARAM,29,55.0,0.9166666666666666,Short
40154,TBM,TAMBARAM,MSB,CHENNAI BEAC,29,55.0,0.9166666666666666,Short
40155,MSB,CHENNAI BEAC,TBM,TAMBARAM,29,55.0,0.9166666666666666,Short
40156,TBM,TAMBARAM,MSB,CHENNAI BEAC,29,55.0,0.9166666666666666,Short
40157,MSB,CHENNAI BEAC,TBM,TAMBARAM,29,55.0,0.9166666666666666,Short
40158,TBM,TAMBARAM,MSB,CHENNAI BEAC,29,55.0,0.9166666666666666,Short
40301,MSB,CHENNAI BEAC,TBM,TAMBARAM,29,55.0,0.9166666666666666,Short
40302,TBM,TAMBARAM,MSB,CHENNAI BEAC,29,55.0,0.9166666666666666,Short
40303,MSB,CHENNAI BEAC,TBM,TAMBARAM,29,55.0,0.9166666666666666,Short
40304,TBM,TAMBARAM,MSB,CHENNAI BEAC,29,55.0,0.9166666666666666,Short
40305,MSB,CHENNAI BEAC,TBM,TAMBARAM,29,55.0,0.9166666666666666,Short
40306,TBM,TAMBARAM,MSB,CHENNAI BEAC,29,55.0,0.9166666666666666,Short
40307,MSB,CHENNAI BEAC,TBM,TAMBARAM,29,55.0,0.9166666666666666,Short
40308,TBM,TAMBARAM,MSB,CHENNAI BEAC,29,55.0,0.9166666666666666,Short
40309,MSB,CHENNAI BEAC,TBM,TAMBARAM,29,55.0,0.9166666666666666,Short
40310,TBM,TAMBARAM,MSB,CHENNAI BEAC,29,55.0,0.9166666666666666,Short
40311,MSB,CHENNAI BEAC,TBM,TAMBARAM,29,55.0,0.9166666666666666,Short
40312,TBM,TAMBARAM,MSB,CHENNAI BEAC,29,55.0,0.9166666666666666,Short
40313,MSB,CHENNAI BEAC,TBM,TAMBARAM,29,55.0,0.9166666666666666,Short
40314,TBM,TAMBARAM,MSB,CHENNAI BEAC,29,55.0,0.9166666666666666,Short
40315,MSB,CHENNAI BEAC,TBM,TAMBARAM,29,55.0,0.9166666666666666,Short
40316,TBM,TAMBARAM,MSB,CHENNAI BEAC,29,55.0,0.9166666666666666,Short
40317,MSB,CHENNAI BEAC,TBM,TAMBARAM,29,55.0,0.9166666666666666,Short
40318,TBM,TAMBARAM,MSB,CHENNAI BEAC,29,55.0,0.9166666666666666,Short
40319,MSB,CHENNAI BEAC,TBM,TAMBARAM,29,55.0,0.9166666666666666,Short
40320,TBM,TAMBARAM,MSB,CHENNAI BEAC,29,55.0,0.9166666666666666,Short
40321,MSB,CHENNAI BEAC,TBM,TAMBARAM,29,55.0,0.9166666666666666,Short
40322,TBM,TAMBARAM,MSB,CHENNAI BEAC,29,55.0,0.9166666666666666,Short
40323,MSB,CHENNAI BEAC,TBM,TAMBARAM,29,55.0,0.9166666666666666,Short
40324,TBM,TAMBARAM,MSB,CHENNAI BEAC,29,55.0,0.9166666666666666,Short
40325,MSB,CHENNAI BEAC,TBM,TAMBARAM,29,55.0,0.9166666666666666,Short
40326,TBM,TAMBARAM,MSB,CHENNAI BEAC,29,55.0,0.9166666666666666,Short
40327,MSB,CHENNAI BEAC,TBM,TAMBARAM,29,55.0,0.9166666666666666,Short
40328,TBM,TAMBARAM,MSB,CHENNAI BEAC,29,55.0,0.9166666666666666,Short
40329,MSB,CHENNAI BEAC,TBM,TAMBARAM,29,55.0,0.9166666666666666,Short
40330,TBM,TAMBARAM,MSB,CHENNAI BEAC,29,55.0,0.9166666666666666,Short
40331,MSB,CHENNAI BEAC,TBM,TAMBARAM,29,55.0,0.9166666666666666,Short
40332,TBM,TAMBARAM,MSB,CHENNAI BEAC,29,55.0,0.9166666666666666,Short
40333,MSB,CHENNAI BEAC,TBM,TAMBARAM,29,55.0,0.9166666666666666,Short
40334,TBM,TAMBARAM,MSB,CHENNAI BEAC,29,55.0,0.9166666666666666,Short
40335,MSB,CHENNAI BEAC,TBM,TAMBARAM,29,55.0,0.9166666666666666,Short
40336,TBM,TAMBARAM,MSB,CHENNAI BEAC,29,55.0,0.9166666666666666,Short
40337,MSB,CHENNAI BEAC,TBM,TAMBARAM,29,55.0,0.9166666666666666,Short
40338,TBM,TAMBARAM,MSB,CHENNAI BEAC,29,55.0,0.9166666666666666,Short
40339,MSB,CHENNAI BEAC,TBM,TAMBARAM,29,55.0,0.9166666666666666,Short
40340,TBM,TAMBARAM,MSB,CHENNAI BEAC,29,55.0,0.9166666666666666,Short
40341,MSB,CHENNAI BEAC,TBM,TAMBARAM,29,55.0,0.9166666666666666,Short
40342,TBM,TAMBARAM,MSB,CHENNAI BEAC,29,55.0,0.9166666666666666,Short
40343,MSB,CHENNAI BEAC,TBM,TAMBARAM,29,55.0,0.9166666666666666,Short
40344,TBM,TAMBARAM,MSB,CHENNAI BEAC,29,55.0,0.9166666666666666,Short
40345,MSB,CHENNAI BEAC,TBM,TAMBARAM,29,55.0,0.9166666666666666,Short
40346,TBM,TAMBARAM,MSB,CHENNAI BEAC,29,55.0,0.9166666666666666,Short
40347,MSB,CHENNAI BEAC,TBM,TAMBARAM,29,55.0,0.9166666666666666,Short
40348,TBM,TAMBARAM,MSB,CHENNAI BEAC,29,55.0,0.9166666666666666,Short
40349,MSB,CHENNAI BEAC,TBM,TAMBARAM,29,55.0,0.9166666666666666,Short
40350,TBM,TAMBARAM,MSB,CHENNAI BEAC,29,55.0,0.9166666666666666,Short
40351,MSB,CHENNAI BEAC,TBM,TAMBARAM,29,55.0,0.9166666666666666,Short
40352,TBM,TAMBARAM,MSB,CHENNAI BEAC,29,55.0,0.9166666666666666,Short
40353,MSB,CHENNAI BEAC,TBM,TAMBARAM,29,55.0,0.9166666666666666,Short
40354,TBM,TAMBARAM,MSB,CHENNAI BEAC,29,55.0,0.9166666666666666,Short
40355,MSB,CHENNAI BEAC,TBM,TAMBARAM,29,55.0,0.9166666666666666,Short
40356,TBM,TAMBARAM,MSB,CHENNAI BEAC,29,55.0,0.9166666666666666,Short
40357,MSB,CHENNAI BEAC,TBM,TAMBARAM,29,55.0,0.9166666666666666,Short
40358,TBM,TAMBARAM,MSB,CHENNAI BEAC,29,55.0,0.9166666666666666,Short
40359,MSB,CHENNAI BEAC,TBM,TAMBARAM,29,55.0,0.9166666666666666,Short
40360,TBM,TAMBARAM,MSB,CHENNAI BEAC,29,55.0,0.9166666666666666,Short
40361,MSB,CHENNAI BEAC,TBM,TAMBARAM,29,55.0,0.9166666666666666,Short
40362,TBM,TAMBARAM,MSB,CHENNAI BEAC,29,55.0,0.9166666666666666,Short
40363,MSB,CHENNAI BEAC,TBM,TAMBARAM,29,55.0,0.9166666666666666,Short
40364,TBM,TAMBARAM,MSB,CHENNAI BEAC,29,55.0,0.9166666666666666,Short
40365,MSB,CHENNAI BEAC,TBM,TAMBARAM,29,55.0,0.9166666666666666,Short
40366,TBM,TAMBARAM,MSB,CHENNAI BEAC,29,55.0,0.9166666666666666,Short
40367,MSB,CHENNAI BEAC,TBM,TAMBARAM,29,55.0,0.9166666666666666,Short
40368,TBM,TAMBARAM,MSB,CHENNAI BEAC,29,55.0,0.9166666666666666,Short
40369,MSB,CHENNAI BEAC,TBM,TAMBARAM,29,55.0,0.9166666666666666,Short
40370,TBM,TAMBARAM,MSB,CHENNAI BEAC,29,55.0,0.9166666666666666,Short
40371,MSB,CHENNAI BEAC,TBM,TAMBARAM,29,55.0,0.9166666666666666,Short
40372,TBM,TAMBARAM,MSB,CHENNAI BEAC,29,55.0,0.9166666666666666,Short
40373,MSB,CHENNAI BEAC,TBM,TAMBARAM,29,55.0,0.9166666666666666,Short
40374,TBM,TAMBARAM,MSB,CHENNAI BEAC,29,55.0,0.9166666666666666,Short
40375,MSB,CHENNAI BEAC,TBM,TAMBARAM,29,55.0,0.9166666666666666,Short
40376,TBM,TAMBARAM,MSB,CHENNAI BEAC,29,55.0,0.9166666666666666,Short
40377,MSB,CHENNAI BEAC,TBM,TAMBARAM,29,55.0,0.9166666666666666,Short
40378,TBM,TAMBARAM,MSB,CHENNAI BEAC,29,55.0,0.9166666666666666,Short
40379,MSB,CHENNAI BEAC,TBM,TAMBARAM,29,55.0,0.9166666666666666,Short
40380,TBM,TAMBARAM,MSB,CHENNAI BEAC,29,55.0,0.9166666666666666,Short
40381,MSB,CHENNAI BEAC,TBM,TAMBARAM,29,55.0,0.9166666666666666,Short
40382,TBM,TAMBARAM,MSB,CHENNAI BEAC,29,55.0,0.9166666666666666,Short
40383,MSB,CHENNAI BEAC,TBM,TAMBARAM,29,55.0,0.9166666666666666,Short
40384,TBM,TAMBARAM,MSB,CHENNAI BEAC,29,55.0,0.9166666666666666,Short
40385,MSB,CHENNAI BEAC,TBM,TAMBARAM,29,55.0,0.9166666666666666,Short
40386,TBM,TAMBARAM,MSB,CHENNAI BEAC,29,55.0,0.9166666666666666,Short
40387,MSB,CHENNAI BEAC,TBM,TAMBARAM,29,55.0,0.9166666666666666,Short
40388,TBM,TAMBARAM,MSB,CHENNAI BEAC,29,55.0,0.9166666666666666,Short
40389,MSB,CHENNAI BEAC,TBM,TAMBARAM,29,55.0,0.9166666666666666,Short
40390,TBM,TAMBARAM,MSB,CHENNAI BEAC,29,55.0,0.9166666666666666,Short
40391,MSB,CHENNAI BEAC,TBM,TAMBARAM,29,55.0,0.9166666666666666,Short
40392,TBM,TAMBARAM,MSB,CHENNAI BEAC,29,55.0,0.9166666666666666,Short
40393,MSB,CHENNAI BEAC,TBM,TAMBARAM,29,55.0,0.9166666666666666,Short
40394,TBM,TAMBARAM,MSB,CHENNAI BEAC,29,55.0,0.9166666666666666,Short
40395,MSB,CHENNAI BEAC,TBM,TAMBARAM,29,55.0,0.9166666666666666,Short
40396,TBM,TAMBARAM,MSB,CHENNAI BEAC,29,55.0,0.9166666666666666,Short
40397,MSB,CHENNAI BEAC,TBM,TAMBARAM,29,55.0,0.9166666666666666,Short
40398,TBM,TAMBARAM,MSB,CHENNAI BEAC,29,55.0,0.9166666666666666,Short
40399,MSB,CHENNAI BEAC,TBM,TAMBARAM,29,55.0,0.9166666666666666,Short
40400,TBM,TAMBARAM,MSB,CHENNAI BEAC,29,55.0,0.9166666666666666,Short
40401,MSB,CHENNAI BEAC,TBM,TAMBARAM,29,55.0,0.9166666666666666,Short
40402,TBM,TAMBARAM,MSB,CHENNAI BEAC,29,55.0,0.9166666666666666,Short
40403,MSB,CHENNAI BEAC,TBM,TAMBARAM,29,55.0,0.9166666666666666,Short
40404,TBM,TAMBARAM,MSB,CHENNAI BEAC,29,55.0,0.9166666666666666,Short
40405,MSB,CHENNAI BEAC,TBM,TAMBARAM,29,55.0,0.9166666666666666,Short
40406,TBM,TAMBARAM,MSB,CHENNAI BEAC,29,55.0,0.9166666666666666,Short
40407,MSB,CHENNAI BEAC,TBM,TAMBARAM,29,55.0,0.9166666666666666,Short
40408,TBM,TAMBARAM,MSB,CHENNAI BEAC,29,55.0,0.9166666666666666,Short
40409,MSB,CHENNAI BEAC,TBM,TAMBARAM,29,55.0,0.9166666666666666,Short
40410,TBM,TAMBARAM,MSB,CHENNAI BEAC,29,55.0,0.9166666666666666,Short
40411,MSB,CHENNAI BEAC,TBM,TAMBARAM,29,55.0,0.9166666666666666,Short
40412,TBM,TAMBARAM,MSB,CHENNAI BEAC,29,55.0,0.9166666666666666,Short
40413,MSB,CHENNAI BEAC,TBM,TAMBARAM,29,55.0,0.9166666666666666,Short
40414,TBM,TAMBARAM,MSB,CHENNAI BEAC,29,55.0,0.9166666666666666,Short
40415,MSB,CHENNAI BEAC,TBM,TAMBARAM,29,55.0,0.9166666666666666,Short
40416,TBM,TAMBARAM,MSB,CHENNAI BEAC,29,55.0,0.9166666666666666,Short
40417,MSB,CHENNAI BEAC,TBM,TAMBARAM,29,55.0,0.9166666666666666,Short
40418,TBM,TAMBARAM,MSB,CHENNAI BEAC,29,55.0,0.9166666666666666,Short
40419,MSB,CHENNAI BEAC,TBM,TAMBARAM,29,55.0,0.9166666666666666,Short
40420,TBM,TAMBARAM,MSB,CHENNAI BEAC,29,55.0,0.9166666666666666,Short
40421,MSB,CHENNAI BEAC,TBM,TAMBARAM,29,55.0,0.9166666666666666,Short
40422,TBM,TAMBARAM,MSB,CHENNAI BEAC,29,55.0,0.9166666666666666,Short
40501,MSB,CHENNAI BEAC,CGL,CHENGALPATTU,59,100.0,1.6666666666666667,Short
40502,CGL,CHENGALPATTU,MSB,CHENNAI BEAC,59,115.0,1.9166666666666667,Short
40503,MSB,CHENNAI BEAC,CGL,CHENGALPATTU,59,105.0,1.75,Short
40504,CGL,CHENGALPATTU,MSB,CHENNAI BEAC,59,110.0,1.8333333333333333,Short
40505,MSB,CHENNAI BEAC,CGL,CHENGALPATTU,59,105.0,1.75,Short
40506,CGL,CHENGALPATTU,MSB,CHENNAI BEAC,59,105.0,1.75,Short
40507,MSB,CHENNAI BEAC,CGL,CHENGALPATTU,59,105.0,1.75,Short
40508,CGL,CHENGALPATTU,MSB,CHENNAI BEAC,59,115.0,1.9166666666666667,Short
40509,MSB,CHENNAI BEAC,CGL,CHENGALPATTU,59,100.0,1.6666666666666667,Short
40510,CGL,CHENGALPATTU,MSB,CHENNAI BEAC,59,110.0,1.8333333333333333,Short
40511,MSB,CHENNAI BEAC,CGL,CHENGALPATTU,59,100.0,1.6666666666666667,Short
40512,CGL,CHENGALPATTU,MSB,CHENNAI BEAC,59,107.0,1.7833333333333334,Short
40513,MSB,CHENNAI BEAC,CGL,CHENGALPATTU,59,105.0,1.75,Short
40514,CGL,CHENGALPATTU,MSB,CHENNAI BEAC,59,92.0,1.5333333333333334,Short
40515,MSB,CHENNAI BEAC,CGL,CHENGALPATTU,59,100.0,1.6666666666666667,Short
40516,CGL,CHENGALPATTU,MSB,CHENNAI BEAC,59,92.0,1.5333333333333334,Short
40517,MSB,CHENNAI BEAC,CGL,CHENGALPATTU,59,100.0,1.6666666666666667,Short
40518,CGL,CHENGALPATTU,MSB,CHENNAI BEAC,59,90.0,1.5,Short
40519,MSB,CHENNAI BEAC,CGL,CHENGALPATTU,59,102.0,1.7,Short
40520,CGL,CHENGALPATTU,MSB,CHENNAI BEAC,59,102.0,1.7,Short
40522,CGL,CHENGALPATTU,MSB,CHENNAI BEAC,59,90.0,1.5,Short
40523,MSB,CHENNAI BEAC,CGL,CHENGALPATTU,59,104.0,1.7333333333333334,Short
40524,CGL,CHENGALPATTU,MSB,CHENNAI BEAC,59,100.0,1.6666666666666667,Short
40525,MSB,CHENNAI BEAC,CGL,CHENGALPATTU,59,107.0,1.7833333333333334,Short
40526,CGL,CHENGALPATTU,MSB,CHENNAI BEAC,59,90.0,1.5,Short
40527,MSB,CHENNAI BEAC,CGL,CHENGALPATTU,59,106.0,1.7666666666666666,Short
40528,CGL,CHENGALPATTU,MSB,CHENNAI BEAC,59,110.0,1.8333333333333333,Short
40529,MSB,CHENNAI BEAC,CGL,CHENGALPATTU,59,103.0,1.7166666666666666,Short
40531,MSB,CHENNAI BEAC,CGL,CHENGALPATTU,59,100.0,1.6666666666666667,Short
40532,CGL,CHENGALPATTU,MSB,CHENNAI BEAC,59,108.0,1.8,Short
40533,MSB,CHENNAI BEAC,CGL,CHENGALPATTU,59,100.0,1.6666666666666667,Short
40534,CGL,CHENGALPATTU,MSB,CHENNAI BEAC,59,100.0,1.6666666666666667,Short
40535,MSB,CHENNAI BEAC,CGL,CHENGALPATTU,59,111.0,1.85,Short
40536,CGL,CHENGALPATTU,MSB,CHENNAI BEAC,59,100.0,1.6666666666666667,Short
40538,CGL,CHENGALPATTU,MSB,CHENNAI BEAC,59,102.0,1.7,Short
40539,MSB,CHENNAI BEAC,CGL,CHENGALPATTU,59,103.0,1.7166666666666666,Short
40540,CGL,CHENGALPATTU,MSB,CHENNAI BEAC,59,100.0,1.6666666666666667,Short
40541,MSB,CHENNAI BEAC,CGL,CHENGALPATTU,59,107.0,1.7833333333333334,Short
40542,CGL,CHENGALPATTU,MSB,CHENNAI BEAC,59,105.0,1.75,Short
40543,MSB,CHENNAI BEAC,CGL,CHENGALPATTU,59,103.0,1.7166666666666666,Short
40544,CGL,CHENGALPATTU,MSB,CHENNAI BEAC,59,100.0,1.6666666666666667,Short
40545,MSB,CHENNAI BEAC,CGL,CHENGALPATTU,59,105.0,1.75,Short
40547,MSB,CHENNAI BEAC,CGL,CHENGALPATTU,59,100.0,1.6666666666666667,Short
40548,CGL,CHENGALPATTU,MSB,CHENNAI BEAC,59,102.0,1.7,Short
40549,MSB,CHENNAI BEAC,CGL,CHENGALPATTU,59,113.0,1.8833333333333333,Short
40550,CGL,CHENGALPATTU,MSB,CHENNAI BEAC,59,105.0,1.75,Short
40551,MSB,CHENNAI BEAC,CGL,CHENGALPATTU,59,115.0,1.9166666666666667,Short
40552,CGL,CHENGALPATTU,MSB,CHENNAI BEAC,59,101.0,1.6833333333333333,Short
40553,MSB,CHENNAI BEAC,CGL,CHENGALPATTU,59,110.0,1.8333333333333333,Short
40554,CGL,CHENGALPATTU,MSB,CHENNAI BEAC,59,100.0,1.6666666666666667,Short
40555,MSB,CHENNAI BEAC,CGL,CHENGALPATTU,59,107.0,1.7833333333333334,Short
40556,CGL,CHENGALPATTU,MSB,CHENNAI BEAC,59,105.0,1.75,Short
40557,MSB,CHENNAI BEAC,CGL,CHENGALPATTU,59,103.0,1.7166666666666666,Short
40558,CGL,CHENGALPATTU,MSB,CHENNAI BEAC,59,110.0,1.8333333333333333,Short
40559,MSB,CHENNAI BEAC,CGL,CHENGALPATTU,59,97.0,1.6166666666666667,Short
40560,CGL,CHENGALPATTU,MSB,CHENNAI BEAC,59,106.0,1.7666666666666666,Short
40561,MSB,CHENNAI BEAC,CGL,CHENGALPATTU,59,110.0,1.8333333333333333,Short
40562,CGL,CHENGALPATTU,MSB,CHENNAI BEAC,59,100.0,1.6666666666666667,Short
40563,MSB,CHENNAI BEAC,CGL,CHENGALPATTU,59,118.0,1.9666666666666666,Short
40564,CGL,CHENGALPATTU,MSB,CHENNAI BEAC,59,112.0,1.8666666666666667,Short
40565,MSB,CHENNAI BEAC,CGL,CHENGALPATTU,59,104.0,1.7333333333333334,Short
40566,CGL,CHENGALPATTU,MSB,CHENNAI BEAC,59,100.0,1.6666666666666667,Short
40567,MSB,CHENNAI BEAC,CGL,CHENGALPATTU,59,108.0,1.8,Short
40568,CGL,CHENGALPATTU,MSB,CHENNAI BEAC,59,115.0,1.9166666666666667,Short
40569,MSB,CHENNAI BEAC,CGL,CHENGALPATTU,59,100.0,1.6666666666666667,Short
40570,CGL,CHENGALPATTU,MSB,CHENNAI BEAC,59,110.0,1.8333333333333333,Short
40571,MSB,CHENNAI BEAC,CGL,CHENGALPATTU,59,100.0,1.6666666666666667,Short
40572,CGL,CHENGALPATTU,MSB,CHENNAI BEAC,59,105.0,1.75,Short
40573,MSB,CHENNAI BEAC,CGL,CHENGALPATTU,59,120.0,2.0,Short
40574,CGL,CHENGALPATTU,MSB,CHENNAI BEAC,59,100.0,1.6666666666666667,Short
40601,MSB,CHENNAI BEAC,CGL,CHENGALPATTU,59,100.0,1.6666666666666667,Short
40602,CGL,CHENGALPATTU,MSB,CHENNAI BEAC,59,115.0,1.9166666666666667,Short
40603,MSB,CHENNAI BEAC,CGL,CHENGALPATTU,59,105.0,1.75,Short
40604,CGL,CHENGALPATTU,MSB,CHENNAI BEAC,59,110.0,1.8333333333333333,Short
40605,MSB,CHENNAI BEAC,CGL,CHENGALPATTU,59,105.0,1.75,Short
40606,CGL,CHENGALPATTU,MSB,CHENNAI BEAC,59,105.0,1.75,Short
40607,MSB,CHENNAI BEAC,CGL,CHENGALPATTU,59,105.0,1.75,Short
40608,CGL,CHENGALPATTU,MSB,CHENNAI BEAC,59,115.0,1.9166666666666667,Short
40609,MSB,CHENNAI BEAC,CGL,CHENGALPATTU,59,100.0,1.6666666666666667,Short
40610,CGL,CHENGALPATTU,MSB,CHENNAI BEAC,59,110.0,1.8333333333333333,Short
40612,CGL,CHENGALPATTU,MSB,CHENNAI BEAC,59,120.0,2.0,Short
40613,MSB,CHENNAI BEAC,CGL,CHENGALPATTU,59,105.0,1.75,Short
40614,CGL,CHENGALPATTU,MSB,CHENNAI BEAC,59,115.0,1.9166666666666667,Short
40615,MSB,CHENNAI BEAC,CGL,CHENGALPATTU,59,100.0,1.6666666666666667,Short
40616,CGL,CHENGALPATTU,MSB,CHENNAI BEAC,59,115.0,1.9166666666666667,Short
40617,MSB,CHENNAI BEAC,CGL,CHENGALPATTU,59,112.0,1.8666666666666667,Short
40618,CGL,CHENGALPATTU,MSB,CHENNAI BEAC,59,100.0,1.6666666666666667,Short
40619,MSB,CHENNAI BEAC,CGL,CHENGALPATTU,59,100.0,1.6666666666666667,Short
40621,MSB,CHENNAI BEAC,CGL,CHENGALPATTU,59,110.0,1.8333333333333333,Short
40622,CGL,CHENGALPATTU,MSB,CHENNAI BEAC,59,100.0,1.6666666666666667,Short
40623,MSB,CHENNAI BEAC,CGL,CHENGALPATTU,59,105.0,1.75,Short
40624,CGL,CHENGALPATTU,MSB,CHENNAI BEAC,59,100.0,1.6666666666666667,Short
40625,MSB,CHENNAI BEAC,CGL,CHENGALPATTU,59,105.0,1.75,Short
40626,CGL,CHENGALPATTU,MSB,CHENNAI BEAC,59,105.0,1.75,Short
40627,MSB,CHENNAI BEAC,CGL,CHENGALPATTU,59,100.0,1.6666666666666667,Short
40628,CGL,CHENGALPATTU,MSB,CHENNAI BEAC,59,105.0,1.75,Short
40629,MSB,CHENNAI BEAC,CGL,CHENGALPATTU,59,100.0,1.6666666666666667,Short
40630,CGL,CHENGALPATTU,MSB,CHENNAI BEAC,59,105.0,1.75,Short
40631,MSB,CHENNAI BEAC,CGL,CHENGALPATTU,59,105.0,1.75,Short
40632,CGL,CHENGALPATTU,MSB,CHENNAI BEAC,59,100.0,1.6666666666666667,Short
40633,MSB,CHENNAI BEAC,CGL,CHENGALPATTU,59,105.0,1.75,Short
40634,CGL,CHENGALPATTU,MSB,CHENNAI BEAC,59,100.0,1.6666666666666667,Short
40635,MSB,CHENNAI BEAC,CGL,CHENGALPATTU,59,105.0,1.75,Short
40636,CGL,CHENGALPATTU,MSB,CHENNAI BEAC,59,110.0,1.8333333333333333,Short
40637,MSB,CHENNAI BEAC,CGL,CHENGALPATTU,59,105.0,1.75,Short
40638,CGL,CHENGALPATTU,MSB,CHENNAI BEAC,59,100.0,1.6666666666666667,Short
40639,MSB,CHENNAI BEAC,CGL,CHENGALPATTU,59,100.0,1.6666666666666667,Short
40640,CGL,CHENGALPATTU,MSB,CHENNAI BEAC,59,100.0,1.6666666666666667,Short
40641,MSB,CHENNAI BEAC,CGL,CHENGALPATTU,59,105.0,1.75,Short
40642,CGL,CHENGALPATTU,MSB,CHENNAI BEAC,59,105.0,1.75,Short
40643,MSB,CHENNAI BEAC,CGL,CHENGALPATTU,59,115.0,1.9166666666666667,Short
40644,CGL,CHENGALPATTU,MSB,CHENNAI BEAC,59,110.0,1.8333333333333333,Short
40645,MSB,CHENNAI BEAC,CGL,CHENGALPATTU,59,110.0,1.8333333333333333,Short
40646,CGL,CHENGALPATTU,MSB,CHENNAI BEAC,59,105.0,1.75,Short
40647,MSB,CHENNAI BEAC,CGL,CHENGALPATTU,59,105.0,1.75,Short
40648,CGL,CHENGALPATTU,MSB,CHENNAI BEAC,59,95.0,1.5833333333333333,Short
40649,MSB,CHENNAI BEAC,CGL,CHENGALPATTU,59,110.0,1.8333333333333333,Short
40650,CGL,CHENGALPATTU,MSB,CHENNAI BEAC,59,110.0,1.8333333333333333,Short
40651,MSB,CHENNAI BEAC,CGL,CHENGALPATTU,59,105.0,1.75,Short
40652,CGL,CHENGALPATTU,MSB,CHENNAI BEAC,59,105.0,1.75,Short
40653,MSB,CHENNAI BEAC,CGL,CHENGALPATTU,59,100.0,1.6666666666666667,Short
40654,CGL,CHENGALPATTU,MSB,CHENNAI BEAC,59,100.0,1.6666666666666667,Short
40655,MSB,CHENNAI BEAC,CGL,CHENGALPATTU,59,110.0,1.8333333333333333,Short
40656,CGL,CHENGALPATTU,MSB,CHENNAI BEAC,59,110.0,1.8333333333333333,Short
40657,MSB,CHENNAI BEAC,CGL,CHENGALPATTU,59,100.0,1.6666666666666667,Short
40658,CGL,CHENGALPATTU,MSB,CHENNAI BEAC,59,105.0,1.75,Short
40659,MSB,CHENNAI BEAC,CGL,CHENGALPATTU,59,108.0,1.8,Short
40660,CGL,CHENGALPATTU,MSB,CHENNAI BEAC,59,115.0,1.9166666666666667,Short
40661,MSB,CHENNAI BEAC,CGL,CHENGALPATTU,59,105.0,1.75,Short
40662,CGL,CHENGALPATTU,MSB,CHENNAI BEAC,59,105.0,1.75,Short
40663,MSB,CHENNAI BEAC,CGL,CHENGALPATTU,59,100.0,1.6666666666666667,Short
40664,CGL,CHENGALPATTU,MSB,CHENNAI BEAC,59,100.0,1.6666666666666667,Short
40665,MSB,CHENNAI BEAC,CGL,CHENGALPATTU,59,115.0,1.9166666666666667,Short
40666,CGL,CHENGALPATTU,MSB,CHENNAI BEAC,59,100.0,1.6666666666666667,Short
40701,MSB,CHENNAI BEAC,TMLP,TIRUMALPUR,108,180.0,3.0,Medium
40702,TMLP,TIRUMALPUR,MSB,CHENNAI BEAC,108,177.0,2.95,Medium
40704,TMLP,TIRUMALPUR,MSB,CHENNAI BEAC,108,145.0,2.4166666666666665,Medium
40705,MSB,CHENNAI BEAC,TMLP,TIRUMALPUR,108,180.0,3.0,Medium
40706,TMLP,TIRUMALPUR,MSB,CHENNAI BEAC,108,148.0,2.466666666666667,Medium
40707,MSB,CHENNAI BEAC,TMLP,TIRUMALPUR,108,147.0,2.45,Medium
40708,TMLP,TIRUMALPUR,MSB,CHENNAI BEAC,108,172.0,2.8666666666666667,Medium
40709,MSB,CHENNAI BEAC,TMLP,TIRUMALPUR,108,186.0,3.1,Medium
40711,MSB,CHENNAI BEAC,TMLP,TIRUMALPUR,108,165.0,2.75,Medium
40712,TMLP,TIRUMALPUR,MSB,CHENNAI BEAC,108,184.0,3.066666666666667,Medium
40751,MSB,CHENNAI BEAC,TMLP,TIRUMALPUR,108,180.0,3.0,Medium
40752,TMLP,TIRUMALPUR,MSB,CHENNAI BEAC,108,175.0,2.9166666666666665,Medium
40754,TMLP,TIRUMALPUR,MSB,CHENNAI BEAC,108,170.0,2.8333333333333335,Medium
40755,MSB,CHENNAI BEAC,TMLP,TIRUMALPUR,108,185.0,3.0833333333333335,Medium
40756,TMLP,TIRUMALPUR,MSB,CHENNAI BEAC,108,155.0,2.5833333333333335,Medium
40757,MSB,CHENNAI BEAC,TMLP,TIRUMALPUR,108,160.0,2.6666666666666665,Medium
40758,TMLP,TIRUMALPUR,MSB,CHENNAI BEAC,108,170.0,2.8333333333333335,Medium
40759,MSB,CHENNAI BEAC,TMLP,TIRUMALPUR,108,185.0,3.0833333333333335,Medium
40761,MSB,CHENNAI BEAC,TMLP,TIRUMALPUR,108,165.0,2.75,Medium
40762,TMLP,TIRUMALPUR,MSB,CHENNAI BEAC,108,178.0,2.966666666666667,Medium
40801,MSB,CHENNAI BEAC,CJ,KANCHIPURAM,95,155.0,2.5833333333333335,Short
40802,CJ,KANCHIPURAM,MSB,CHENNAI BEAC,95,161.0,2.683333333333333,Short
40803,MSB,CHENNAI BEAC,CJ,KANCHIPURAM,95,155.0,2.5833333333333335,Short
40804,CJ,KANCHIPURAM,MSB,CHENNAI BEAC,95,165.0,2.75,Short
40901,CGL,CHENGALPATTU,TMLP,TIRUMALPUR,48,90.0,1.5,Short
40902,TMLP,TIRUMALPUR,CGL,CHENGALPATTU,48,60.0,1.0,Short
41001,MSB,CHENNAI BEAC,VLCY,VELACHEERY,14,45.0,0.75,Short
41003,MSB,CHENNAI BEAC,VLCY,VELACHEERY,14,45.0,0.75,Short
41006,VLCY,VELACHEERY,MSB,CHENNAI BEAC,14,45.0,0.75,Short
41008,VLCY,VELACHEERY,MSB,CHENNAI BEAC,14,45.0,0.75,Short
41009,MSB,CHENNAI BEAC,VLCY,VELACHEERY,14,45.0,0.75,Short
41012,VLCY,VELACHEERY,MSB,CHENNAI BEAC,14,45.0,0.75,Short
41013,MSB,CHENNAI BEAC,VLCY,VELACHEERY,14,45.0,0.75,Short
41014,VLCY,VELACHEERY,MSB,CHENNAI BEAC,14,45.0,0.75,Short
41015,MSB,CHENNAI BEAC,VLCY,VELACHEERY,14,45.0,0.75,Short
41016,VLCY,VELACHEERY,MSB,CHENNAI BEAC,14,45.0,0.75,Short
41017,MSB,CHENNAI BEAC,VLCY,VELACHEERY,14,45.0,0.75,Short
41020,VLCY,VELACHEERY,MSB,CHENNAI BEAC,14,45.0,0.75,Short
41021,MSB,CHENNAI BEAC,VLCY,VELACHEERY,14,45.0,0.75,Short
41022,VLCY,VELACHEERY,MSB,CHENNAI BEAC,14,45.0,0.75,Short
41023,MSB,CHENNAI BEAC,VLCY,VELACHEERY,14,45.0,0.75,Short
41024,VLCY,VELACHEERY,MSB,CHENNAI BEAC,14,45.0,0.75,Short
41028,VLCY,VELACHEERY,MSB,CHENNAI BEAC,14,45.0,0.75,Short
41029,MSB,CHENNAI BEAC,VLCY,VELACHEERY,14,45.0,0.75,Short
41033,MSB,CHENNAI BEAC,VLCY,VELACHEERY,14,45.0,0.75,Short
41035,MSB,CHENNAI BEAC,VLCY,VELACHEERY,14,45.0,0.75,Short
41036,VLCY,VELACHEERY,MSB,CHENNAI BEAC,14,45.0,0.75,Short
41038,VLCY,VELACHEERY,MSB,CHENNAI BEAC,14,45.0,0.75,Short
41040,VLCY,VELACHEERY,MSB,CHENNAI BEAC,14,45.0,0.75,Short
41042,VLCY,VELACHEERY,MSB,CHENNAI BEAC,14,45.0,0.75,Short
41043,MSB,CHENNAI BEAC,VLCY,VELACHEERY,14,45.0,0.75,Short
41046,VLCY,VELACHEERY,MSB,CHENNAI BEAC,14,45.0,0.75,Short
41048,VLCY,VELACHEERY,MSB,CHENNAI BEAC,14,45.0,0.75,Short
41050,VLCY,VELACHEERY,MSB,CHENNAI BEAC,14,45.0,0.75,Short
41051,MSB,CHENNAI BEAC,VLCY,VELACHEERY,14,45.0,0.75,Short
41055,MSB,CHENNAI BEAC,VLCY,VELACHEERY,14,45.0,0.75,Short
41056,VLCY,VELACHEERY,MSB,CHENNAI BEAC,14,45.0,0.75,Short
41057,MSB,CHENNAI BEAC,VLCY,VELACHEERY,14,45.0,0.75,Short
41060,VLCY,VELACHEERY,MSB,CHENNAI BEAC,14,45.0,0.75,Short
41061,MSB,CHENNAI BEAC,VLCY,VELACHEERY,14,45.0,0.75,Short
41063,MSB,CHENNAI BEAC,VLCY,VELACHEERY,14,45.0,0.75,Short
41064,VLCY,VELACHEERY,MSB,CHENNAI BEAC,14,45.0,0.75,Short
41065,MSB,CHENNAI BEAC,VLCY,VELACHEERY,14,45.0,0.75,Short
41069,MSB,CHENNAI BEAC,VLCY,VELACHEERY,14,45.0,0.75,Short
41070,VLCY,VELACHEERY,MSB,CHENNAI BEAC,14,45.0,0.75,Short
41073,MSB,CHENNAI BEAC,VLCY,VELACHEERY,14,45.0,0.75,Short
41076,VLCY,VELACHEERY,MSB,CHENNAI BEAC,14,45.0,0.75,Short
41077,MSB,CHENNAI BEAC,VLCY,VELACHEERY,14,45.0,0.75,Short
41078,VLCY,VELACHEERY,MSB,CHENNAI BEAC,14,45.0,0.75,Short
41079,MSB,CHENNAI BEAC,VLCY,VELACHEERY,14,45.0,0.75,Short
41080,VLCY,VELACHEERY,MSB,CHENNAI BEAC,14,45.0,0.75,Short
41081,MSB,CHENNAI BEAC,VLCY,VELACHEERY,14,45.0,0.75,Short
41082,VLCY,VELACHEERY,MSB,CHENNAI BEAC,14,45.0,0.75,Short
41084,VLCY,VELACHEERY,MSB,CHENNAI BEAC,14,45.0,0.75,Short
41085,MSB,CHENNAI BEAC,VLCY,VELACHEERY,14,45.0,0.75,Short
41086,VLCY,VELACHEERY,MSB,CHENNAI BEAC,14,45.0,0.75,Short
41089,MSB,CHENNAI BEAC,VLCY,VELACHEERY,14,45.0,0.75,Short
41091,MSB,CHENNAI BEAC,VLCY,VELACHEERY,14,45.0,0.75,Short
41092,VLCY,VELACHEERY,MSB,CHENNAI BEAC,14,45.0,0.75,Short
41093,MSB,CHENNAI BEAC,VLCY,VELACHEERY,14,50.0,0.8333333333333334,Short
41095,MSB,CHENNAI BEAC,VLCY,VELACHEERY,14,45.0,0.75,Short
41096,VLCY,VELACHEERY,MSB,CHENNAI BEAC,14,45.0,0.75,Short
41097,MSB,CHENNAI BEAC,VLCY,VELACHEERY,14,45.0,0.75,Short
41102,VLCY,VELACHEERY,MSB,CHENNAI BEAC,14,45.0,0.75,Short
41103,MSB,CHENNAI BEAC,VLCY,VELACHEERY,14,45.0,0.75,Short
41104,VLCY,VELACHEERY,MSB,CHENNAI BEAC,14,45.0,0.75,Short
41105,MSB,CHENNAI BEAC,VLCY,VELACHEERY,14,45.0,0.75,Short
41108,VLCY,VELACHEERY,MSB,CHENNAI BEAC,14,45.0,0.75,Short
41110,VLCY,VELACHEERY,MSB,CHENNAI BEAC,14,45.0,0.75,Short
41111,MSB,CHENNAI BEAC,VLCY,VELACHEERY,14,45.0,0.75,Short
41113,MSB,CHENNAI BEAC,VLCY,VELACHEERY,14,45.0,0.75,Short
41116,VLCY,VELACHEERY,MSB,CHENNAI BEAC,14,45.0,0.75,Short
41117,MSB,CHENNAI BEAC,VLCY,VELACHEERY,14,45.0,0.75,Short
41119,MSB,CHENNAI BEAC,VLCY,VELACHEERY,14,45.0,0.75,Short
41120,VLCY,VELACHEERY,MSB,CHENNAI BEAC,14,45.0,0.75,Short
41122,VLCY,VELACHEERY,MSB,CHENNAI BEAC,14,45.0,0.75,Short
41127,MSB,CHENNAI BEAC,VLCY,VELACHEERY,14,45.0,0.75,Short
41128,VLCY,VELACHEERY,MSB,CHENNAI BEAC,14,45.0,0.75,Short
41129,MSB,CHENNAI BEAC,VLCY,VELACHEERY,14,45.0,0.75,Short
41130,VLCY,VELACHEERY,MSB,CHENNAI BEAC,14,45.0,0.75,Short
41131,MSB,CHENNAI BEAC,VLCY,VELACHEERY,14,45.0,0.75,Short
41132,VLCY,VELACHEERY,MSB,CHENNAI BEAC,14,45.0,0.75,Short
41134,VLCY,VELACHEERY,MSB,CHENNAI BEAC,14,45.0,0.75,Short
41135,MSB,CHENNAI BEAC,VLCY,VELACHEERY,14,45.0,0.75,Short
41138,VLCY,VELACHEERY,MSB,CHENNAI BEAC,14,45.0,0.75,Short
41140,VLCY,VELACHEERY,MSB,CHENNAI BEAC,14,45.0,0.75,Short
41501,MSB,CHENNAI BEAC,VLCY,VELACHEERY,14,45.0,0.75,Short
41502,VLCY,VELACHEERY,MSB,CHENNAI BEAC,14,45.0,0.75,Short
41503,MSB,CHENNAI BEAC,VLCY,VELACHEERY,14,45.0,0.75,Short
41504,VLCY,VELACHEERY,MSB,CHENNAI BEAC,14,45.0,0.75,Short
41505,MSB,CHENNAI BEAC,VLCY,VELACHEERY,14,45.0,0.75,Short
41506,VLCY,VELACHEERY,MSB,CHENNAI BEAC,14,45.0,0.75,Short
41507,MSB,CHENNAI BEAC,VLCY,VELACHEERY,14,45.0,0.75,Short
41508,VLCY,VELACHEERY,MSB,CHENNAI BEAC,14,45.0,0.75,Short
41509,MSB,CHENNAI BEAC,VLCY,VELACHEERY,14,45.0,0.75,Short
41510,VLCY,VELACHEERY,MSB,CHENNAI BEAC,14,45.0,0.75,Short
41511,MSB,CHENNAI BEAC,VLCY,VELACHEERY,14,45.0,0.75,Short
41512,VLCY,VELACHEERY,MSB,CHENNAI BEAC,14,45.0,0.75,Short
41513,MSB,CHENNAI BEAC,VLCY,VELACHEERY,14,45.0,0.75,Short
41514,VLCY,VELACHEERY,MSB,CHENNAI BEAC,14,45.0,0.75,Short
41515,MSB,CHENNAI BEAC,VLCY,VELACHEERY,14,45.0,0.75,Short
41516,VLCY,VELACHEERY,MSB,CHENNAI BEAC,14,45.0,0.75,Short
41517,MSB,CHENNAI BEAC,VLCY,VELACHEERY,14,45.0,0.75,Short
41518,VLCY,VELACHEERY,MSB,CHENNAI BEAC,14,45.0,0.75,Short
41519,MSB,CHENNAI BEAC,VLCY,VELACHEERY,14,45.0,0.75,Short
41520,VLCY,VELACHEERY,MSB,CHENNAI BEAC,14,45.0,0.75,Short
41521,MSB,CHENNAI BEAC,VLCY,VELACHEERY,14,45.0,0.75,Short
41522,VLCY,VELACHEERY,MSB,CHENNAI BEAC,14,45.0,0.75,Short
41523,MSB,CHENNAI BEAC,VLCY,VELACHEERY,14,45.0,0.75,Short
41524,VLCY,VELACHEERY,MSB,CHENNAI BEAC,14,45.0,0.75,Short
41525,MSB,CHENNAI BEAC,VLCY,VELACHEERY,14,45.0,0.75,Short
41526,VLCY,VELACHEERY,MSB,CHENNAI BEAC,14,45.0,0.75,Short
41527,MSB,CHENNAI BEAC,VLCY,VELACHEERY,14,45.0,0.75,Short
41528,VLCY,VELACHEERY,MSB,CHENNAI BEAC,14,45.0,0.75,Short
41529,MSB,CHENNAI BEAC,VLCY,VELACHEERY,14,45.0,0.75,Short
41530,VLCY,VELACHEERY,MSB,CHENNAI BEAC,14,45.0,0.75,Short
41531,MSB,CHENNAI BEAC,VLCY,VELACHEERY,14,45.0,0.75,Short
41532,VLCY,VELACHEERY,MSB,CHENNAI BEAC,14,45.0,0.75,Short
41533,MSB,CHENNAI BEAC,VLCY,VELACHEERY,14,45.0,0.75,Short
41534,VLCY,VELACHEERY,MSB,CHENNAI BEAC,14,45.0,0.75,Short
41535,MSB,CHENNAI BEAC,VLCY,VELACHEERY,14,45.0,0.75,Short
41536,VLCY,VELACHEERY,MSB,CHENNAI BEAC,14,45.0,0.75,Short
41537,MSB,CHENNAI BEAC,VLCY,VELACHEERY,14,45.0,0.75,Short
41538,VLCY,VELACHEERY,MSB,CHENNAI BEAC,14,45.0,0.75,Short
41539,MSB,CHENNAI BEAC,VLCY,VELACHEERY,14,45.0,0.75,Short
41540,VLCY,VELACHEERY,MSB,CHENNAI BEAC,14,45.0,0.75,Short
41541,MSB,CHENNAI BEAC,VLCY,VELACHEERY,14,45.0,0.75,Short
41542,VLCY,VELACHEERY,MSB,CHENNAI BEAC,14,45.0,0.75,Short
41543,MSB,CHENNAI BEAC,VLCY,VELACHEERY,14,45.0,0.75,Short
41544,VLCY,VELACHEERY,MSB,CHENNAI BEAC,14,45.0,0.75,Short
41545,MSB,CHENNAI BEAC,VLCY,VELACHEERY,14,45.0,0.75,Short
41546,VLCY,VELACHEERY,MSB,CHENNAI BEAC,14,45.0,0.75,Short
41547,MSB,CHENNAI BEAC,VLCY,VELACHEERY,14,45.0,0.75,Short
41548,VLCY,VELACHEERY,MSB,CHENNAI BEAC,14,45.0,0.75,Short
41549,MSB,CHENNAI BEAC,VLCY,VELACHEERY,14,45.0,0.75,Short
41550,VLCY,VELACHEERY,MSB,CHENNAI BEAC,14,45.0,0.75,Short
41551,MSB,CHENNAI BEAC,VLCY,VELACHEERY,14,45.0,0.75,Short
41552,VLCY,VELACHEERY,MSB,CHENNAI BEAC,14,45.0,0.75,Short
41553,MSB,CHENNAI BEAC,VLCY,VELACHEERY,14,45.0,0.75,Short
41554,VLCY,VELACHEERY,MSB,CHENNAI BEAC,14,45.0,0.75,Short
41555,MSB,CHENNAI BEAC,VLCY,VELACHEERY,14,45.0,0.75,Short
41556,VLCY,VELACHEERY,MSB,CHENNAI BEAC,14,45.0,0.75,Short
41557,MSB,CHENNAI BEAC,VLCY,VELACHEERY,14,45.0,0.75,Short
41558,VLCY,VELACHEERY,MSB,CHENNAI BEAC,14,45.0,0.75,Short
41559,MSB,CHENNAI BEAC,VLCY,VELACHEERY,14,45.0,0.75,Short
41560,VLCY,VELACHEERY,MSB,CHENNAI BEAC,14,45.0,0.75,Short
41561,MSB,CHENNAI BEAC,VLCY,VELACHEERY,14,45.0,0.75,Short
41562,VLCY,VELACHEERY,MSB,CHENNAI BEAC,14,45.0,0.75,Short
41563,MSB,CHENNAI BEAC,VLCY,VELACHEERY,14,45.0,0.75,Short
41564,VLCY,VELACHEERY,MSB,CHENNAI BEAC,14,45.0,0.75,Short
41565,MSB,CHENNAI BEAC,VLCY,VELACHEERY,14,45.0,0.75,Short
41566,VLCY,VELACHEERY,MSB,CHENNAI BEAC,14,45.0,0.75,Short
41567,MSB,CHENNAI BEAC,VLCY,VELACHEERY,14,45.0,0.75,Short
41568,VLCY,VELACHEERY,MSB,CHENNAI BEAC,14,45.0,0.75,Short
41569,MSB,CHENNAI BEAC,VLCY,VELACHEERY,14,45.0,0.75,Short
41570,VLCY,VELACHEERY,MSB,CHENNAI BEAC,14,45.0,0.75,Short
41571,MSB,CHENNAI BEAC,VLCY,VELACHEERY,14,45.0,0.75,Short
41572,VLCY,VELACHEERY,MSB,CHENNAI BEAC,14,45.0,0.75,Short
41573,MSB,CHENNAI BEAC,VLCY,VELACHEERY,14,45.0,0.75,Short
41574,VLCY,VELACHEERY,MSB,CHENNAI BEAC,14,45.0,0.75,Short
41575,MSB,CHENNAI BEAC,VLCY,VELACHEERY,14,45.0,0.75,Short
41576,VLCY,VELACHEERY,MSB,CHENNAI BEAC,14,45.0,0.75,Short
41577,MSB,CHENNAI BEAC,VLCY,VELACHEERY,14,45.0,0.75,Short
41578,VLCY,VELACHEERY,MSB,CHENNAI BEAC,14,45.0,0.75,Short
41579,MSB,CHENNAI BEAC,VLCY,VELACHEERY,14,45.0,0.75,Short
41580,VLCY,VELACHEERY,MSB,CHENNAI BEAC,14,45.0,0.75,Short
41581,MSB,CHENNAI BEAC,VLCY,VELACHEERY,14,45.0,0.75,Short
41582,VLCY,VELACHEERY,MSB,CHENNAI BEAC,14,45.0,0.75,Short
41583,MSB,CHENNAI BEAC,VLCY,VELACHEERY,14,45.0,0.75,Short
41584,VLCY,VELACHEERY,MSB,CHENNAI BEAC,14,45.0,0.75,Short
41585,MSB,CHENNAI BEAC,VLCY,VELACHEERY,14,45.0,0.75,Short
41586,VLCY,VELACHEERY,MSB,CHENNAI BEAC,14,45.0,0.75,Short
41587,MSB,CHENNAI BEAC,VLCY,VELACHEERY,14,45.0,0.75,Short
41588,VLCY,VELACHEERY,MSB,CHENNAI BEAC,14,45.0,0.75,Short
41589,MSB,CHENNAI BEAC,VLCY,VELACHEERY,14,45.0,0.75,Short
41590,VLCY,VELACHEERY,MSB,CHENNAI BEAC,14,45.0,0.75,Short
41593,MSB,CHENNAI BEAC,VLCY,VELACHEERY,14,45.0,0.75,Short
41594,VLCY,VELACHEERY,MSB,CHENNAI BEAC,14,45.0,0.75,Short
41597,MSB,CHENNAI BEAC,VLCY,VELACHEERY,14,45.0,0.75,Short
41598,VLCY,VELACHEERY,MSB,CHENNAI BEAC,14,45.0,0.75,Short
41599,MSB,CHENNAI BEAC,VLCY,VELACHEERY,14,45.0,0.75,Short
41600,VLCY,VELACHEERY,MSB,CHENNAI BEAC,14,45.0,0.75,Short
42001,MMCC,MOOR MARKET,GPD,GUMMIDIPUNDI,47,80.0,1.3333333333333333,Short
42002,GPD,GUMMIDIPUNDI,MMCC,MOOR MARKET,47,85.0,1.4166666666666667,Short
42003,MMCC,MOOR MARKET,GPD,GUMMIDIPUNDI,47,105.0,1.75,Short
42004,GPD,GUMMIDIPUNDI,MMCC,MOOR MARKET,47,90.0,1.5,Short
42005,MMCC,MOOR MARKET,GPD,GUMMIDIPUNDI,47,90.0,1.5,Short
42006,GPD,GUMMIDIPUNDI,MMCC,MOOR MARKET,47,100.0,1.6666666666666667,Short
42007,MMCC,MOOR MARKET,GPD,GUMMIDIPUNDI,47,80.0,1.3333333333333333,Short
42008,GPD,GUMMIDIPUNDI,MMCC,MOOR MARKET,47,90.0,1.5,Short
42009,MMCC,MOOR MARKET,GPD,GUMMIDIPUNDI,47,80.0,1.3333333333333333,Short
42010,GPD,GUMMIDIPUNDI,MMCC,MOOR MARKET,47,90.0,1.5,Short
42011,MMCC,MOOR MARKET,GPD,GUMMIDIPUNDI,47,90.0,1.5,Short
42012,GPD,GUMMIDIPUNDI,MMCC,MOOR MARKET,47,100.0,1.6666666666666667,Short
42013,MMCC,MOOR MARKET,GPD,GUMMIDIPUNDI,47,100.0,1.6666666666666667,Short
42014,GPD,GUMMIDIPUNDI,MMCC,MOOR MARKET,47,100.0,1.6666666666666667,Short
42015,MMCC,MOOR MARKET,GPD,GUMMIDIPUNDI,47,85.0,1.4166666666666667,Short
42016,GPD,GUMMIDIPUNDI,MMCC,MOOR MARKET,47,95.0,1.5833333333333333,Short
42017,MMCC,MOOR MARKET,GPD,GUMMIDIPUNDI,47,95.0,1.5833333333333333,Short
42018,GPD,GUMMIDIPUNDI,MMCC,MOOR MARKET,47,90.0,1.5,Short
42019,MMCC,MOOR MARKET,GPD,GUMMIDIPUNDI,47,90.0,1.5,Short
42020,GPD,GUMMIDIPUNDI,MMCC,MOOR MARKET,47,90.0,1.5,Short
42021,MMCC,MOOR MARKET,GPD,GUMMIDIPUNDI,47,85.0,1.4166666666666667,Short
42022,GPD,GUMMIDIPUNDI,MMCC,MOOR MARKET,47,90.0,1.5,Short
42023,MMCC,MOOR MARKET,GPD,GUMMIDIPUNDI,47,90.0,1.5,Short
42024,GPD,GUMMIDIPUNDI,MMCC,MOOR MARKET,47,90.0,1.5,Short
42025,MMCC,MOOR MARKET,GPD,GUMMIDIPUNDI,47,95.0,1.5833333333333333,Short
42026,GPD,GUMMIDIPUNDI,MMCC,MOOR MARKET,47,90.0,1.5,Short
42027,MMCC,MOOR MARKET,GPD,GUMMIDIPUNDI,47,85.0,1.4166666666666667,Short
42028,GPD,GUMMIDIPUNDI,MMCC,MOOR MARKET,47,95.0,1.5833333333333333,Short
42029,MMCC,MOOR MARKET,GPD,GUMMIDIPUNDI,47,85.0,1.4166666666666667,Short
42030,GPD,GUMMIDIPUNDI,MMCC,MOOR MARKET,47,90.0,1.5,Short
42031,MMCC,MOOR MARKET,GPD,GUMMIDIPUNDI,47,100.0,1.6666666666666667,Short
42032,GPD,GUMMIDIPUNDI,MMCC,MOOR MARKET,47,90.0,1.5,Short
42033,MMCC,MOOR MARKET,GPD,GUMMIDIPUNDI,47,85.0,1.4166666666666667,Short
42034,GPD,GUMMIDIPUNDI,MMCC,MOOR MARKET,47,85.0,1.4166666666666667,Short
42035,MMCC,MOOR MARKET,GPD,GUMMIDIPUNDI,47,85.0,1.4166666666666667,Short
42036,GPD,GUMMIDIPUNDI,MMCC,MOOR MARKET,47,85.0,1.4166666666666667,Short
42037,MMCC,MOOR MARKET,GPD,GUMMIDIPUNDI,47,85.0,1.4166666666666667,Short
42038,GPD,GUMMIDIPUNDI,MMCC,MOOR MARKET,47,85.0,1.4166666666666667,Short
42039,MMCC,MOOR MARKET,GPD,GUMMIDIPUNDI,47,85.0,1.4166666666666667,Short
42040,GPD,GUMMIDIPUNDI,MMCC,MOOR MARKET,47,85.0,1.4166666666666667,Short
42041,MMCC,MOOR MARKET,GPD,GUMMIDIPUNDI,47,90.0,1.5,Short
42042,GPD,GUMMIDIPUNDI,MMCC,MOOR MARKET,47,90.0,1.5,Short
42043,MMCC,MOOR MARKET,GPD,GUMMIDIPUNDI,47,85.0,1.4166666666666667,Short
42044,GPD,GUMMIDIPUNDI,MMCC,MOOR MARKET,47,85.0,1.4166666666666667,Short
42045,MMCC,MOOR MARKET,GPD,GUMMIDIPUNDI,47,95.0,1.5833333333333333,Short
42046,GPD,GUMMIDIPUNDI,MMCC,MOOR MARKET,47,95.0,1.5833333333333333,Short
42301,MMCC,MOOR MARKET,PON,PONNERI,34,75.0,1.25,Short
42302,PON,PONNERI,MMCC,MOOR MARKET,34,75.0,1.25,Short
42401,MMCC,MOOR MARKET,SPE,SULLURUPETTA,82,125.0,2.0833333333333335,Short
42402,SPE,SULLURUPETTA,MMCC,MOOR MARKET,82,135.0,2.25,Short
42403,MMCC,MOOR MARKET,SPE,SULLURUPETTA,82,130.0,2.1666666666666665,Short
42404,SPE,SULLURUPETTA,MMCC,MOOR MARKET,82,130.0,2.1666666666666665,Short
42406,SPE,SULLURUPETTA,MMCC,MOOR MARKET,82,130.0,2.1666666666666665,Short
42407,MMCC,MOOR MARKET,SPE,SULLURUPETTA,82,140.0,2.3333333333333335,Short
42408,SPE,SULLURUPETTA,MMCC,MOOR MARKET,82,125.0,2.0833333333333335,Short
42409,MMCC,MOOR MARKET,SPE,SULLURUPETTA,82,140.0,2.3333333333333335,Short
42411,MMCC,MOOR MARKET,SPE,SULLURUPETTA,82,135.0,2.25,Short
42412,SPE,SULLURUPETTA,MMCC,MOOR MARKET,82,135.0,2.25,Short
42413,MMCC,MOOR MARKET,SPE,SULLURUPETTA,82,135.0,2.25,Short
42414,SPE,SULLURUPETTA,MMCC,MOOR MARKET,82,150.0,2.5,Short
42416,SPE,SULLURUPETTA,MMCC,MOOR MARKET,82,135.0,2.25,Short
42417,MMCC,MOOR MARKET,SPE,SULLURUPETTA,82,135.0,2.25,Short
42419,MMCC,MOOR MARKET,SPE,SULLURUPETTA,82,135.0,2.25,Short
42420,SPE,SULLURUPETTA,MMCC,MOOR MARKET,82,125.0,2.0833333333333335,Short
42421,MMCC,MOOR MARKET,SPE,SULLURUPETTA,82,135.0,2.25,Short
42422,SPE,SULLURUPETTA,MMCC,MOOR MARKET,82,135.0,2.25,Short
42423,MMCC,MOOR MARKET,SPE,SULLURUPETTA,82,130.0,2.1666666666666665,Short
42451,GPD,GUMMIDIPUNDI,SPE,SULLURUPETTA,35,50.0,0.8333333333333334,Short
42452,SPE,SULLURUPETTA,GPD,GUMMIDIPUNDI,35,45.0,0.75,Short
42601,MSB,CHENNAI BEAC,GPD,GUMMIDIPUNDI,47,95.0,1.5833333333333333,Short
42602,GPD,GUMMIDIPUNDI,MSB,CHENNAI BEAC,47,85.0,1.4166666666666667,Short
42603,MSB,CHENNAI BEAC,GPD,GUMMIDIPUNDI,47,95.0,1.5833333333333333,Short
42604,GPD,GUMMIDIPUNDI,MSB,CHENNAI BEAC,47,90.0,1.5,Short
42605,MSB,CHENNAI BEAC,GPD,GUMMIDIPUNDI,47,95.0,1.5833333333333333,Short
42606,GPD,GUMMIDIPUNDI,MSB,CHENNAI BEAC,47,85.0,1.4166666666666667,Short
42607,MSB,CHENNAI BEAC,GPD,GUMMIDIPUNDI,47,90.0,1.5,Short
42608,GPD,GUMMIDIPUNDI,MSB,CHENNAI BEAC,47,95.0,1.5833333333333333,Short
42651,VLCY,VELACHEERY,GPD,GUMMIDIPUNDI,62,145.0,2.4166666666666665,Short
42652,GPD,GUMMIDIPUNDI,VLCY,VELACHEERY,62,145.0,2.4166666666666665,Short
42653,VLCY,VELACHEERY,GPD,GUMMIDIPUNDI,62,145.0,2.4166666666666665,Short
42654,GPD,GUMMIDIPUNDI,VLCY,VELACHEERY,62,135.0,2.25,Short
42655,VLCY,VELACHEERY,GPD,GUMMIDIPUNDI,62,140.0,2.3333333333333335,Short
42656,GPD,GUMMIDIPUNDI,VLCY,VELACHEERY,62,145.0,2.4166666666666665,Short
42657,VLCY,VELACHEERY,GPD,GUMMIDIPUNDI,62,140.0,2.3333333333333335,Short
42701,MSB,CHENNAI BEAC,PON,PONNERI,35,70.0,1.1666666666666667,Short
42702,PON,PONNERI,MSB,CHENNAI BEAC,34,65.0,1.0833333333333333,Short
42751,VLCY,VELACHEERY,PON,PONNERI,50,115.0,1.9166666666666667,Short
42752,PON,PONNERI,VLCY,VELACHEERY,49,115.0,1.9166666666666667,Short
42801,MSB,CHENNAI BEAC,SPE,SULLURUPETTA,82,140.0,2.3333333333333335,Short
42802,SPE,SULLURUPETTA,MSB,CHENNAI BEAC,82,140.0,2.3333333333333335,Short
42804,SPE,SULLURUPETTA,MSB,CHENNAI BEAC,82,130.0,2.1666666666666665,Short
42851,VLCY,VELACHEERY,SPE,SULLURUPETTA,97,190.0,3.1666666666666665,Short
42852,SPE,SULLURUPETTA,VLCY,VELACHEERY,97,190.0,3.1666666666666665,Short
42854,SPE,SULLURUPETTA,VLCY,VELACHEERY,97,190.0,3.1666666666666665,Short
42901,MMCC,MOOR MARKET,ENR,ENNORE,16,45.0,0.75,Short
43001,MMCC,MOOR MARKET,AVD,AVADI,20,50.0,0.8333333333333334,Short
43002,AVD,AVADI,MMCC,MOOR MARKET,21,50.0,0.8333333333333334,Short
43003,MMCC,MOOR MARKET,AVD,AVADI,20,45.0,0.75,Short
43005,MMCC,MOOR MARKET,AVD,AVADI,20,45.0,0.75,Short
43006,AVD,AVADI,MMCC,MOOR MARKET,21,45.0,0.75,Short
43007,MMCC,MOOR MARKET,AVD,AVADI,20,45.0,0.75,Short
43008,AVD,AVADI,MMCC,MOOR MARKET,21,50.0,0.8333333333333334,Short
43009,MMCC,MOOR MARKET,AVD,AVADI,20,45.0,0.75,Short
43011,MMCC,MOOR MARKET,AVD,AVADI,20,50.0,0.8333333333333334,Short
43013,MMCC,MOOR MARKET,AVD,AVADI,20,50.0,0.8333333333333334,Short
43014,AVD,AVADI,MMCC,MOOR MARKET,21,60.0,1.0,Short
43015,MMCC,MOOR MARKET,AVD,AVADI,20,50.0,0.8333333333333334,Short
43016,AVD,AVADI,MMCC,MOOR MARKET,21,45.0,0.75,Short
43017,MMCC,MOOR MARKET,AVD,AVADI,20,45.0,0.75,Short
43018,AVD,AVADI,MMCC,MOOR MARKET,21,45.0,0.75,Short
43019,MMCC,MOOR MARKET,AVD,AVADI,20,40.0,0.6666666666666666,Short
43020,AVD,AVADI,MMCC,MOOR MARKET,21,50.0,0.8333333333333334,Short
43021,MMCC,MOOR MARKET,AVD,AVADI,20,50.0,0.8333333333333334,Short
43022,AVD,AVADI,MMCC,MOOR MARKET,21,50.0,0.8333333333333334,Short
43023,MMCC,MOOR MARKET,AVD,AVADI,20,50.0,0.8333333333333334,Short
43025,MMCC,MOOR MARKET,AVD,AVADI,20,50.0,0.8333333333333334,Short
43029,MMCC,MOOR MARKET,AVD,AVADI,20,50.0,0.8333333333333334,Short
43101,MMCC,MOOR MARKET,PTMS,PATTABIRAM E,30,65.0,1.0833333333333333,Short
43102,PTMS,PATTABIRAM E,MMCC,MOOR MARKET,31,75.0,1.25,Short
43103,MMCC,MOOR MARKET,PTMS,PATTABIRAM E,30,80.0,1.3333333333333333,Short
43104,PTMS,PATTABIRAM E,MMCC,MOOR MARKET,31,75.0,1.25,Short
43105,MMCC,MOOR MARKET,PTMS,PATTABIRAM E,30,70.0,1.1666666666666667,Short
43106,PTMS,PATTABIRAM E,MMCC,MOOR MARKET,31,70.0,1.1666666666666667,Short
43107,MMCC,MOOR MARKET,PTMS,PATTABIRAM E,30,70.0,1.1666666666666667,Short
43108,PTMS,PATTABIRAM E,MMCC,MOOR MARKET,31,75.0,1.25,Short
43109,MMCC,MOOR MARKET,PTMS,PATTABIRAM E,30,70.0,1.1666666666666667,Short
43110,PTMS,PATTABIRAM E,MMCC,MOOR MARKET,31,65.0,1.0833333333333333,Short
43111,MMCC,MOOR MARKET,PTMS,PATTABIRAM E,30,70.0,1.1666666666666667,Short
43112,PTMS,PATTABIRAM E,MMCC,MOOR MARKET,31,70.0,1.1666666666666667,Short
43113,MMCC,MOOR MARKET,PTMS,PATTABIRAM E,30,70.0,1.1666666666666667,Short
43114,PTMS,PATTABIRAM E,MMCC,MOOR MARKET,31,75.0,1.25,Short
43115,MMCC,MOOR MARKET,PTMS,PATTABIRAM E,30,70.0,1.1666666666666667,Short
43116,PTMS,PATTABIRAM E,MMCC,MOOR MARKET,31,70.0,1.1666666666666667,Short
43117,MMCC,MOOR MARKET,PTMS,PATTABIRAM E,30,70.0,1.1666666666666667,Short
43118,PTMS,PATTABIRAM E,MMCC,MOOR MARKET,31,70.0,1.1666666666666667,Short
43119,MMCC,MOOR MARKET,PTMS,PATTABIRAM E,30,70.0,1.1666666666666667,Short
43120,PTMS,PATTABIRAM E,MMCC,MOOR MARKET,31,70.0,1.1666666666666667,Short
43121,MMCC,MOOR MARKET,PTMS,PATTABIRAM E,30,70.0,1.1666666666666667,Short
43122,PTMS,PATTABIRAM E,MMCC,MOOR MARKET,31,65.0,1.0833333333333333,Short
43123,MMCC,MOOR MARKET,PTMS,PATTABIRAM E,25,70.0,1.1666666666666667,Short
43124,PTMS,PATTABIRAM E,MMCC,MOOR MARKET,31,70.0,1.1666666666666667,Short
43125,MMCC,MOOR MARKET,PTMS,PATTABIRAM E,25,70.0,1.1666666666666667,Short
43126,PTMS,PATTABIRAM E,MMCC,MOOR MARKET,31,70.0,1.1666666666666667,Short
43127,MMCC,MOOR MARKET,PTMS,PATTABIRAM E,25,70.0,1.1666666666666667,Short
43128,PTMS,PATTABIRAM E,MMCC,MOOR MARKET,31,59.0,0.9833333333333333,Short
43130,PTMS,PATTABIRAM E,MMCC,MOOR MARKET,31,70.0,1.1666666666666667,Short
43132,PTMS,PATTABIRAM E,MMCC,MOOR MARKET,31,65.0,1.0833333333333333,Short
43201,MMCC,MOOR MARKET,TRL,TIRUVALLUR,46,80.0,1.3333333333333333,Short
43202,TRL,TIRUVALLUR,MMCC,MOOR MARKET,46,75.0,1.25,Short
43203,MMCC,MOOR MARKET,TRL,TIRUVALLUR,46,80.0,1.3333333333333333,Short
43204,TRL,TIRUVALLUR,MMCC,MOOR MARKET,46,80.0,1.3333333333333333,Short
43205,MMCC,MOOR MARKET,TRL,TIRUVALLUR,46,75.0,1.25,Short
43206,TRL,TIRUVALLUR,MMCC,MOOR MARKET,46,80.0,1.3333333333333333,Short
43207,MMCC,MOOR MARKET,TRL,TIRUVALLUR,46,75.0,1.25,Short
43208,TRL,TIRUVALLUR,MMCC,MOOR MARKET,46,80.0,1.3333333333333333,Short
43209,MMCC,MOOR MARKET,TRL,TIRUVALLUR,46,75.0,1.25,Short
43210,TRL,TIRUVALLUR,MMCC,MOOR MARKET,46,75.0,1.25,Short
43211,MMCC,MOOR MARKET,TRL,TIRUVALLUR,46,75.0,1.25,Short
43212,TRL,TIRUVALLUR,MMCC,MOOR MARKET,46,80.0,1.3333333333333333,Short
43213,MMCC,MOOR MARKET,TRL,TIRUVALLUR,46,75.0,1.25,Short
43214,TRL,TIRUVALLUR,MMCC,MOOR MARKET,46,80.0,1.3333333333333333,Short
43215,MMCC,MOOR MARKET,TRL,TIRUVALLUR,46,80.0,1.3333333333333333,Short
43216,TRL,TIRUVALLUR,MMCC,MOOR MARKET,41,65.0,1.0833333333333333,Short
43217,MMCC,MOOR MARKET,TRL,TIRUVALLUR,46,80.0,1.3333333333333333,Short
43218,TRL,TIRUVALLUR,MMCC,MOOR MARKET,46,80.0,1.3333333333333333,Short
43219,MMCC,MOOR MARKET,TRL,TIRUVALLUR,46,80.0,1.3333333333333333,Short
43220,TRL,TIRUVALLUR,MMCC,MOOR MARKET,46,80.0,1.3333333333333333,Short
43221,MMCC,MOOR MARKET,TRL,TIRUVALLUR,46,80.0,1.3333333333333333,Short
43222,TRL,TIRUVALLUR,MMCC,MOOR MARKET,41,55.0,0.9166666666666666,Short
43223,MMCC,MOOR MARKET,TRL,TIRUVALLUR,46,80.0,1.3333333333333333,Short
43224,TRL,TIRUVALLUR,MMCC,MOOR MARKET,46,80.0,1.3333333333333333,Short
43225,MMCC,MOOR MARKET,TRL,TIRUVALLUR,46,80.0,1.3333333333333333,Short
43226,TRL,TIRUVALLUR,MMCC,MOOR MARKET,46,80.0,1.3333333333333333,Short
43227,MMCC,MOOR MARKET,TRL,TIRUVALLUR,41,80.0,1.3333333333333333,Short
43228,TRL,TIRUVALLUR,MMCC,MOOR MARKET,46,80.0,1.3333333333333333,Short
43229,MMCC,MOOR MARKET,TRL,TIRUVALLUR,46,80.0,1.3333333333333333,Short
43230,TRL,TIRUVALLUR,MMCC,MOOR MARKET,46,85.0,1.4166666666666667,Short
43231,MMCC,MOOR MARKET,TRL,TIRUVALLUR,46,80.0,1.3333333333333333,Short
43232,TRL,TIRUVALLUR,MMCC,MOOR MARKET,46,80.0,1.3333333333333333,Short
43233,MMCC,MOOR MARKET,TRL,TIRUVALLUR,46,80.0,1.3333333333333333,Short
43234,TRL,TIRUVALLUR,MMCC,MOOR MARKET,46,80.0,1.3333333333333333,Short
43235,MMCC,MOOR MARKET,TRL,TIRUVALLUR,46,80.0,1.3333333333333333,Short
43236,TRL,TIRUVALLUR,MMCC,MOOR MARKET,46,80.0,1.3333333333333333,Short
43237,MMCC,MOOR MARKET,TRL,TIRUVALLUR,46,75.0,1.25,Short
43238,TRL,TIRUVALLUR,MMCC,MOOR MARKET,46,80.0,1.3333333333333333,Short
43239,MMCC,MOOR MARKET,TRL,TIRUVALLUR,46,80.0,1.3333333333333333,Short
43240,TRL,TIRUVALLUR,MMCC,MOOR MARKET,46,75.0,1.25,Short
43241,MMCC,MOOR MARKET,TRL,TIRUVALLUR,46,80.0,1.3333333333333333,Short
43242,TRL,TIRUVALLUR,MMCC,MOOR MARKET,46,80.0,1.3333333333333333,Short
43243,MMCC,MOOR MARKET,TRL,TIRUVALLUR,46,80.0,1.3333333333333333,Short
43244,TRL,TIRUVALLUR,MMCC,MOOR MARKET,46,80.0,1.3333333333333333,Short
43245,MMCC,MOOR MARKET,TRL,TIRUVALLUR,46,80.0,1.3333333333333333,Short
43246,TRL,TIRUVALLUR,MMCC,MOOR MARKET,46,80.0,1.3333333333333333,Short
43247,MMCC,MOOR MARKET,TRL,TIRUVALLUR,41,80.0,1.3333333333333333,Short
43248,TRL,TIRUVALLUR,MMCC,MOOR MARKET,46,80.0,1.3333333333333333,Short
43250,TRL,TIRUVALLUR,MMCC,MOOR MARKET,46,80.0,1.3333333333333333,Short
43251,MMCC,MOOR MARKET,TRL,TIRUVALLUR,41,80.0,1.3333333333333333,Short
43252,TRL,TIRUVALLUR,MMCC,MOOR MARKET,46,85.0,1.4166666666666667,Short
43253,MMCC,MOOR MARKET,TRL,TIRUVALLUR,41,80.0,1.3333333333333333,Short
43254,TRL,TIRUVALLUR,MMCC,MOOR MARKET,46,80.0,1.3333333333333333,Short
43255,MMCC,MOOR MARKET,TRL,TIRUVALLUR,41,80.0,1.3333333333333333,Short
43256,TRL,TIRUVALLUR,MMCC,MOOR MARKET,46,80.0,1.3333333333333333,Short
43257,MMCC,MOOR MARKET,TRL,TIRUVALLUR,41,80.0,1.3333333333333333,Short
43258,TRL,TIRUVALLUR,MMCC,MOOR MARKET,46,80.0,1.3333333333333333,Short
43260,TRL,TIRUVALLUR,MMCC,MOOR MARKET,46,80.0,1.3333333333333333,Short
43401,MMCC,MOOR MARKET,AJJ,ARAKKONAM JN,68,85.0,1.4166666666666667,Short
43402,AJJ,ARAKKONAM JN,MMCC,MOOR MARKET,73,120.0,2.0,Short
43403,MMCC,MOOR MARKET,AJJ,ARAKKONAM JN,73,120.0,2.0,Short
43404,AJJ,ARAKKONAM JN,MMCC,MOOR MARKET,73,120.0,2.0,Short
43405,MMCC,MOOR MARKET,AJJ,ARAKKONAM JN,73,120.0,2.0,Short
43406,AJJ,ARAKKONAM JN,MMCC,MOOR MARKET,73,110.0,1.8333333333333333,Short
43407,MMCC,MOOR MARKET,AJJ,ARAKKONAM JN,73,115.0,1.9166666666666667,Short
43408,AJJ,ARAKKONAM JN,MMCC,MOOR MARKET,68,105.0,1.75,Short
43409,MMCC,MOOR MARKET,AJJ,ARAKKONAM JN,73,120.0,2.0,Short
43410,AJJ,ARAKKONAM JN,MMCC,MOOR MARKET,68,110.0,1.8333333333333333,Short
43411,MMCC,MOOR MARKET,AJJ,ARAKKONAM JN,73,120.0,2.0,Short
43412,AJJ,ARAKKONAM JN,MMCC,MOOR MARKET,73,120.0,2.0,Short
43413,MMCC,MOOR MARKET,AJJ,ARAKKONAM JN,73,125.0,2.0833333333333335,Short
43414,AJJ,ARAKKONAM JN,MMCC,MOOR MARKET,73,120.0,2.0,Short
43415,MMCC,MOOR MARKET,AJJ,ARAKKONAM JN,73,125.0,2.0833333333333335,Short
43418,AJJ,ARAKKONAM JN,MMCC,MOOR MARKET,73,110.0,1.8333333333333333,Short
43419,MMCC,MOOR MARKET,AJJ,ARAKKONAM JN,73,120.0,2.0,Short
43420,AJJ,ARAKKONAM JN,MMCC,MOOR MARKET,73,120.0,2.0,Short
43421,MMCC,MOOR MARKET,AJJ,ARAKKONAM JN,73,120.0,2.0,Short
43422,AJJ,ARAKKONAM JN,MMCC,MOOR MARKET,73,120.0,2.0,Short
43423,MMCC,MOOR MARKET,AJJ,ARAKKONAM JN,68,115.0,1.9166666666666667,Short
43424,AJJ,ARAKKONAM JN,MMCC,MOOR MARKET,68,120.0,2.0,Short
43425,MMCC,MOOR MARKET,AJJ,ARAKKONAM JN,73,120.0,2.0,Short
43426,AJJ,ARAKKONAM JN,MMCC,MOOR MARKET,68,120.0,2.0,Short
43427,MMCC,MOOR MARKET,AJJ,ARAKKONAM JN,73,120.0,2.0,Short
43428,AJJ,ARAKKONAM JN,MMCC,MOOR MARKET,73,120.0,2.0,Short
43429,MMCC,MOOR MARKET,AJJ,ARAKKONAM JN,68,125.0,2.0833333333333335,Short
43430,AJJ,ARAKKONAM JN,MMCC,MOOR MARKET,73,120.0,2.0,Short
43431,MMCC,MOOR MARKET,AJJ,ARAKKONAM JN,68,90.0,1.5,Short
43433,MMCC,MOOR MARKET,AJJ,ARAKKONAM JN,68,125.0,2.0833333333333335,Short
43434,AJJ,ARAKKONAM JN,MMCC,MOOR MARKET,73,120.0,2.0,Short
43435,MMCC,MOOR MARKET,AJJ,ARAKKONAM JN,68,75.0,1.25,Short
43436,AJJ,ARAKKONAM JN,MMCC,MOOR MARKET,73,120.0,2.0,Short
43437,MMCC,MOOR MARKET,AJJ,ARAKKONAM JN,68,120.0,2.0,Short
43438,AJJ,ARAKKONAM JN,MMCC,MOOR MARKET,73,120.0,2.0,Short
43439,MMCC,MOOR MARKET,AJJ,ARAKKONAM JN,68,125.0,2.0833333333333335,Short
43501,MMCC,MOOR MARKET,TRT,TIRUTTANI,86,135.0,2.25,Short
43502,TRT,TIRUTTANI,MMCC,MOOR MARKET,86,140.0,2.3333333333333335,Short
43503,MMCC,MOOR MARKET,TRT,TIRUTTANI,86,135.0,2.25,Short
43504,TRT,TIRUTTANI,MMCC,MOOR MARKET,86,140.0,2.3333333333333335,Short
43505,MMCC,MOOR MARKET,TRT,TIRUTTANI,86,140.0,2.3333333333333335,Short
43506,TRT,TIRUTTANI,MMCC,MOOR MARKET,86,140.0,2.3333333333333335,Short
43507,MMCC,MOOR MARKET,TRT,TIRUTTANI,86,140.0,2.3333333333333335,Short
43508,TRT,TIRUTTANI,MMCC,MOOR MARKET,86,130.0,2.1666666666666665,Short
43509,MMCC,MOOR MARKET,TRT,TIRUTTANI,86,140.0,2.3333333333333335,Short
43510,TRT,TIRUTTANI,MMCC,MOOR MARKET,86,135.0,2.25,Short
43511,MMCC,MOOR MARKET,TRT,TIRUTTANI,86,145.0,2.4166666666666665,Short
43512,TRT,TIRUTTANI,MMCC,MOOR MARKET,86,135.0,2.25,Short
43513,MMCC,MOOR MARKET,TRT,TIRUTTANI,86,150.0,2.5,Short
43514,TRT,TIRUTTANI,MMCC,MOOR MARKET,86,140.0,2.3333333333333335,Short
43515,MMCC,MOOR MARKET,TRT,TIRUTTANI,86,150.0,2.5,Short
43516,TRT,TIRUTTANI,MMCC,MOOR MARKET,86,140.0,2.3333333333333335,Short
43517,MMCC,MOOR MARKET,TRT,TIRUTTANI,80,140.0,2.3333333333333335,Short
43518,TRT,TIRUTTANI,MMCC,MOOR MARKET,81,140.0,2.3333333333333335,Short
43520,TRT,TIRUTTANI,MMCC,MOOR MARKET,81,134.0,2.2333333333333334,Short
43551,AJJ,ARAKKONAM JN,TRT,TIRUTTANI,12,20.0,0.3333333333333333,Short
43552,TRT,TIRUTTANI,AJJ,ARAKKONAM JN,12,20.0,0.3333333333333333,Short
43553,AJJ,ARAKKONAM JN,TRT,TIRUTTANI,12,20.0,0.3333333333333333,Short
43554,TRT,TIRUTTANI,AJJ,ARAKKONAM JN,12,25.0,0.4166666666666667,Short
43556,TRT,TIRUTTANI,AJJ,ARAKKONAM JN,12,20.0,0.3333333333333333,Short
43601,MSB,CHENNAI BEAC,AVD,AVADI,22,60.0,1.0,Short
43602,AVD,AVADI,MSB,CHENNAI BEAC,22,55.0,0.9166666666666666,Short
43603,MSB,CHENNAI BEAC,AVD,AVADI,22,50.0,0.8333333333333334,Short
43604,AVD,AVADI,MSB,CHENNAI BEAC,22,50.0,0.8333333333333334,Short
43605,MSB,CHENNAI BEAC,AVD,AVADI,22,50.0,0.8333333333333334,Short
43606,AVD,AVADI,MSB,CHENNAI BEAC,22,50.0,0.8333333333333334,Short
43607,MSB,CHENNAI BEAC,AVD,AVADI,22,55.0,0.9166666666666666,Short
43608,AVD,AVADI,MSB,CHENNAI BEAC,22,50.0,0.8333333333333334,Short
43610,AVD,AVADI,MSB,CHENNAI BEAC,22,50.0,0.8333333333333334,Short
43611,MSB,CHENNAI BEAC,AVD,AVADI,22,50.0,0.8333333333333334,Short
43612,AVD,AVADI,MSB,CHENNAI BEAC,22,55.0,0.9166666666666666,Short
43613,MSB,CHENNAI BEAC,AVD,AVADI,22,55.0,0.9166666666666666,Short
43614,AVD,AVADI,MSB,CHENNAI BEAC,22,50.0,0.8333333333333334,Short
43615,MSB,CHENNAI BEAC,AVD,AVADI,22,50.0,0.8333333333333334,Short
43616,AVD,AVADI,MSB,CHENNAI BEAC,22,55.0,0.9166666666666666,Short
43618,AVD,AVADI,MSB,CHENNAI BEAC,22,50.0,0.8333333333333334,Short
43620,AVD,AVADI,MSB,CHENNAI BEAC,22,50.0,0.8333333333333334,Short
43622,AVD,AVADI,MSB,CHENNAI BEAC,22,50.0,0.8333333333333334,Short
43650,AVD,AVADI,MSB,CHENNAI BEAC,22,50.0,0.8333333333333334,Short
43651,VLCY,VELACHEERY,AVD,AVADI,36,105.0,1.75,Short
43652,AVD,AVADI,VLCY,VELACHEERY,37,105.0,1.75,Short
43653,VLCY,VELACHEERY,AVD,AVADI,36,100.0,1.6666666666666667,Short
43654,AVD,AVADI,VLCY,VELACHEERY,37,110.0,1.8333333333333333,Short
43655,VLCY,VELACHEERY,AVD,AVADI,36,105.0,1.75,Short
43656,AVD,AVADI,VLCY,VELACHEERY,37,100.0,1.6666666666666667,Short
43657,VLCY,VELACHEERY,AVD,AVADI,36,110.0,1.8333333333333333,Short
43658,AVD,AVADI,VLCY,VELACHEERY,37,95.0,1.5833333333333333,Short
43659,VLCY,VELACHEERY,AVD,AVADI,36,105.0,1.75,Short
43660,AVD,AVADI,VLCY,VELACHEERY,37,100.0,1.6666666666666667,Short
43661,VLCY,VELACHEERY,AVD,AVADI,36,110.0,1.8333333333333333,Short
43662,AVD,AVADI,VLCY,VELACHEERY,37,105.0,1.75,Short
43663,VLCY,VELACHEERY,AVD,AVADI,36,100.0,1.6666666666666667,Short
43664,AVD,AVADI,VLCY,VELACHEERY,37,105.0,1.75,Short
43666,AVD,AVADI,VLCY,VELACHEERY,37,100.0,1.6666666666666667,Short
43668,AVD,AVADI,VLCY,VELACHEERY,37,110.0,1.8333333333333333,Short
43670,AVD,AVADI,VLCY,VELACHEERY,37,100.0,1.6666666666666667,Short
43672,AVD,AVADI,VLCY,VELACHEERY,37,95.0,1.5833333333333333,Short
43674,AVD,AVADI,VLCY,VELACHEERY,37,100.0,1.6666666666666667,Short
43701,MSB,CHENNAI BEAC,TRL,TIRUVALLUR,48,85.0,1.4166666666666667,Short
43702,TRL,TIRUVALLUR,MSB,CHENNAI BEAC,48,85.0,1.4166666666666667,Short
43703,MSB,CHENNAI BEAC,TRL,TIRUVALLUR,48,85.0,1.4166666666666667,Short
43704,TRL,TIRUVALLUR,MSB,CHENNAI BEAC,48,85.0,1.4166666666666667,Short
43705,MSB,CHENNAI BEAC,TRL,TIRUVALLUR,48,85.0,1.4166666666666667,Short
43706,TRL,TIRUVALLUR,MSB,CHENNAI BEAC,48,85.0,1.4166666666666667,Short
43707,MSB,CHENNAI BEAC,TRL,TIRUVALLUR,48,85.0,1.4166666666666667,Short
43708,TRL,TIRUVALLUR,MSB,CHENNAI BEAC,48,80.0,1.3333333333333333,Short
43709,MSB,CHENNAI BEAC,TRL,TIRUVALLUR,48,80.0,1.3333333333333333,Short
43710,TRL,TIRUVALLUR,MSB,CHENNAI BEAC,48,85.0,1.4166666666666667,Short
43711,MSB,CHENNAI BEAC,TRL,TIRUVALLUR,48,85.0,1.4166666666666667,Short
43713,MSB,CHENNAI BEAC,TRL,TIRUVALLUR,42,85.0,1.4166666666666667,Short
43715,MSB,CHENNAI BEAC,TRL,TIRUVALLUR,48,80.0,1.3333333333333333,Short
43751,MSB,CHENNAI BEAC,PTMS,PATTABIRAM E,32,70.0,1.1666666666666667,Short
43752,PTMS,PATTABIRAM E,MSB,CHENNAI BEAC,32,72.0,1.2,Short
43753,MSB,CHENNAI BEAC,PTMS,PATTABIRAM E,32,70.0,1.1666666666666667,Short
43754,PTMS,PATTABIRAM E,MSB,CHENNAI BEAC,32,80.0,1.3333333333333333,Short
43755,MSB,CHENNAI BEAC,PTMS,PATTABIRAM E,32,70.0,1.1666666666666667,Short
43757,MSB,CHENNAI BEAC,PTMS,PATTABIRAM E,32,65.0,1.0833333333333333,Short
43761,VLCY,VELACHEERY,TRL,TIRUVALLUR,57,135.0,2.25,Short
43762,TRL,TIRUVALLUR,VLCY,VELACHEERY,57,125.0,2.0833333333333335,Short
43763,VLCY,VELACHEERY,TRL,TIRUVALLUR,57,130.0,2.1666666666666665,Short
43764,TRL,TIRUVALLUR,VLCY,VELACHEERY,57,130.0,2.1666666666666665,Short
43765,VLCY,VELACHEERY,TRL,TIRUVALLUR,57,135.0,2.25,Short
43766,TRL,TIRUVALLUR,VLCY,VELACHEERY,57,135.0,2.25,Short
43767,VLCY,VELACHEERY,TRL,TIRUVALLUR,57,135.0,2.25,Short
43768,TRL,TIRUVALLUR,VLCY,VELACHEERY,57,145.0,2.4166666666666665,Short
43769,VLCY,VELACHEERY,TRL,TIRUVALLUR,57,135.0,2.25,Short
43770,TRL,TIRUVALLUR,VLCY,VELACHEERY,57,140.0,2.3333333333333335,Short
43771,VLCY,VELACHEERY,TRL,TIRUVALLUR,57,135.0,2.25,Short
43773,VLCY,VELACHEERY,TRL,TIRUVALLUR,57,135.0,2.25,Short
43791,VLCY,VELACHEERY,PTMS,PATTABIRAM E,46,120.0,2.0,Short
43792,PTMS,PATTABIRAM E,VLCY,VELACHEERY,47,125.0,2.0833333333333335,Short
43793,VLCY,VELACHEERY,PTMS,PATTABIRAM E,46,120.0,2.0,Short
43794,PTMS,PATTABIRAM E,VLCY,VELACHEERY,42,150.0,2.5,Short
43795,VLCY,VELACHEERY,PTMS,PATTABIRAM E,46,125.0,2.0833333333333335,Short
43797,VLCY,VELACHEERY,PTMS,PATTABIRAM E,46,120.0,2.0,Short
43801,MSB,CHENNAI BEAC,AJJ,ARAKKONAM JN,74,130.0,2.1666666666666665,Short
43802,AJJ,ARAKKONAM JN,MSB,CHENNAI BEAC,75,125.0,2.0833333333333335,Short
43803,MSB,CHENNAI BEAC,AJJ,ARAKKONAM JN,74,130.0,2.1666666666666665,Short
43804,AJJ,ARAKKONAM JN,MSB,CHENNAI BEAC,70,95.0,1.5833333333333333,Short
43805,MSB,CHENNAI BEAC,AJJ,ARAKKONAM JN,74,130.0,2.1666666666666665,Short
43806,AJJ,ARAKKONAM JN,MSB,CHENNAI BEAC,70,125.0,2.0833333333333335,Short
43820,TRT,TIRUTTANI,MSB,CHENNAI BEAC,82,140.0,2.3333333333333335,Short
43821,MSB,CHENNAI BEAC,TRT,TIRUTTANI,82,150.0,2.5,Short
43823,MSB,CHENNAI BEAC,TRT,TIRUTTANI,82,120.0,2.0,Short
43831,AVD,AVADI,TRL,TIRUVALLUR,20,35.0,0.5833333333333334,Short
43832,TRL,TIRUVALLUR,AVD,AVADI,20,30.0,0.5,Short
43841,AVD,AVADI,AJJ,ARAKKONAM JN,52,80.0,1.3333333333333333,Short
43842,AJJ,ARAKKONAM JN,AVD,AVADI,47,65.0,1.0833333333333333,Short
43844,AJJ,ARAKKONAM JN,AVD,AVADI,47,75.0,1.25,Short
43847,AVD,AVADI,TRT,TIRUTTANI,65,115.0,1.9166666666666667,Short
43851,PON,PONNERI,TRL,TIRUVALLUR,70,125.0,2.0833333333333335,Short
43852,TRL,TIRUVALLUR,PON,PONNERI,75,150.0,2.5,Short
43861,ENR,ENNORE,TRL,TIRUVALLUR,51,100.0,1.6666666666666667,Short
43872,PRES,PATTABIRAM E,MMCC,MOOR MARKET,29,53.0,0.8833333333333333,Short
43882,TI,TIRUNINRAVUR,MMCC,MOOR MARKET,34,55.0,0.9166666666666666,Short
43891,AVD,AVADI,PTMS,PATTABIRAM E,4,20.0,0.3333333333333333,Short
43892,PTMS,PATTABIRAM E,AVD,AVADI,10,20.0,0.3333333333333333,Short
43901,MMCC,MOOR MARKET,KBT,KADAMBATTUR,52,85.0,1.4166666666666667,Short
43902,KBT,KADAMBATTUR,MMCC,MOOR MARKET,52,85.0,1.4166666666666667,Short
43903,MMCC,MOOR MARKET,KBT,KADAMBATTUR,52,85.0,1.4166666666666667,Short
43904,KBT,KADAMBATTUR,MMCC,MOOR MARKET,52,85.0,1.4166666666666667,Short
43912,KBT,KADAMBATTUR,MSB,CHENNAI BEAC,53,90.0,1.5,Short
43921,TRL,TIRUVALLUR,KBT,KADAMBATTUR,5,10.0,0.16666666666666666,Short
43932,AJJ,ARAKKONAM JN,VLCY,VELACHEERY,84,170.0,2.8333333333333335,Short
43934,AJJ,ARAKKONAM JN,VLCY,VELACHEERY,84,170.0,2.8333333333333335,Short
43936,AJJ,ARAKKONAM JN,VLCY,VELACHEERY,84,140.0,2.3333333333333335,Short
43938,AJJ,ARAKKONAM JN,VLCY,VELACHEERY,84,160.0,2.6666666666666665,Short
43941,VLCY,VELACHEERY,TRT,TIRUTTANI,97,205.0,3.4166666666666665,Short
43942,TRT,TIRUTTANI,VLCY,VELACHEERY,97,195.0,3.25,Short
43943,VLCY,VELACHEERY,TRT,TIRUTTANI,97,175.0,2.9166666666666665,Short
43952,KBT,KADAMBATTUR,VLCY,VELACHEERY,63,145.0,2.4166666666666665,Short
47100,HYB,HYDERABAD DE,LPI,LINGAMPALLI,25,45.0,0.75,Short
47101,HYB,HYDERABAD DE,LPI,LINGAMPALLI,25,45.0,0.75,Short
47102,HYB,HYDERABAD DE,LPI,LINGAMPALLI,25,45.0,0.75,Short
47103,HYB,HYDERABAD DE,LPI,LINGAMPALLI,25,50.0,0.8333333333333334,Short
47104,HYB,HYDERABAD DE,LPI,LINGAMPALLI,25,45.0,0.75,Short
47105,HYB,HYDERABAD DE,LPI,LINGAMPALLI,25,50.0,0.8333333333333334,Short
47106,HYB,HYDERABAD DE,LPI,LINGAMPALLI,25,45.0,0.75,Short
47107,HYB,HYDERABAD DE,LPI,LINGAMPALLI,25,45.0,0.75,Short
47108,HYB,HYDERABAD DE,LPI,LINGAMPALLI,25,45.0,0.75,Short
47109,HYB,HYDERABAD DE,LPI,LINGAMPALLI,25,45.0,0.75,Short
47110,HYB,HYDERABAD DE,LPI,LINGAMPALLI,25,45.0,0.75,Short
47111,HYB,HYDERABAD DE,LPI,LINGAMPALLI,25,55.0,0.9166666666666666,Short
47112,HYB,HYDERABAD DE,LPI,LINGAMPALLI,25,45.0,0.75,Short
47113,HYB,HYDERABAD DE,LPI,LINGAMPALLI,25,45.0,0.75,Short
47114,HYB,HYDERABAD DE,LPI,LINGAMPALLI,25,45.0,0.75,Short
47115,HYB,HYDERABAD DE,LPI,LINGAMPALLI,25,45.0,0.75,Short
47116,HYB,HYDERABAD DE,LPI,LINGAMPALLI,25,55.0,0.9166666666666666,Short
47117,HYB,HYDERABAD DE,LPI,LINGAMPALLI,25,45.0,0.75,Short
47118,HYB,HYDERABAD DE,LPI,LINGAMPALLI,25,45.0,0.75,Short
47119,HYB,HYDERABAD DE,LPI,LINGAMPALLI,25,45.0,0.75,Short
47120,HYB,HYDERABAD DE,LPI,LINGAMPALLI,25,48.0,0.8,Short
47121,HYB,HYDERABAD DE,LPI,LINGAMPALLI,25,45.0,0.75,Short
47122,HYB,HYDERABAD DE,LPI,LINGAMPALLI,25,50.0,0.8333333333333334,Short
47123,HYB,HYDERABAD DE,LPI,LINGAMPALLI,25,45.0,0.75,Short
47124,HYB,HYDERABAD DE,LPI,LINGAMPALLI,25,45.0,0.75,Short
47125,HYB,HYDERABAD DE,LPI,LINGAMPALLI,25,45.0,0.75,Short
47126,LPI,LINGAMPALLI,HYB,HYDERABAD DE,23,45.0,0.75,Short
47127,LPI,LINGAMPALLI,HYB,HYDERABAD DE,23,50.0,0.8333333333333334,Short
47128,LPI,LINGAMPALLI,HYB,HYDERABAD DE,23,52.0,0.8666666666666667,Short
47129,LPI,LINGAMPALLI,HYB,HYDERABAD DE,23,45.0,0.75,Short
47130,LPI,LINGAMPALLI,HYB,HYDERABAD DE,23,50.0,0.8333333333333334,Short
47131,LPI,LINGAMPALLI,HYB,HYDERABAD DE,23,45.0,0.75,Short
47132,LPI,LINGAMPALLI,HYB,HYDERABAD DE,23,45.0,0.75,Short
47133,LPI,LINGAMPALLI,HYB,HYDERABAD DE,23,50.0,0.8333333333333334,Short
47134,LPI,LINGAMPALLI,HYB,HYDERABAD DE,23,45.0,0.75,Short
47135,LPI,LINGAMPALLI,HYB,HYDERABAD DE,23,47.0,0.7833333333333333,Short
47136,LPI,LINGAMPALLI,HYB,HYDERABAD DE,23,45.0,0.75,Short
47137,LPI,LINGAMPALLI,HYB,HYDERABAD DE,23,45.0,0.75,Short
47138,LPI,LINGAMPALLI,HYB,HYDERABAD DE,23,50.0,0.8333333333333334,Short
47139,LPI,LINGAMPALLI,HYB,HYDERABAD DE,23,45.0,0.75,Short
47140,LPI,LINGAMPALLI,HYB,HYDERABAD DE,23,47.0,0.7833333333333333,Short
47141,LPI,LINGAMPALLI,HYB,HYDERABAD DE,23,45.0,0.75,Short
47142,LPI,LINGAMPALLI,HYB,HYDERABAD DE,23,50.0,0.8333333333333334,Short
47143,LPI,LINGAMPALLI,HYB,HYDERABAD DE,23,45.0,0.75,Short
47144,LPI,LINGAMPALLI,HYB,HYDERABAD DE,23,45.0,0.75,Short
47145,LPI,LINGAMPALLI,HYB,HYDERABAD DE,23,50.0,0.8333333333333334,Short
47146,LPI,LINGAMPALLI,HYB,HYDERABAD DE,23,45.0,0.75,Short
47147,LPI,LINGAMPALLI,HYB,HYDERABAD DE,23,45.0,0.75,Short
47148,LPI,LINGAMPALLI,HYB,HYDERABAD DE,23,45.0,0.75,Short
47149,FM,FALAKNUMA,LPI,LINGAMPALLI,37,82.0,1.3666666666666667,Short
47150,FM,FALAKNUMA,LPI,LINGAMPALLI,37,77.0,1.2833333333333334,Short
47151,FM,FALAKNUMA,LPI,LINGAMPALLI,37,82.0,1.3666666666666667,Short
47152,FM,FALAKNUMA,LPI,LINGAMPALLI,37,75.0,1.25,Short
47153,FM,FALAKNUMA,LPI,LINGAMPALLI,37,90.0,1.5,Short
47154,FM,FALAKNUMA,LPI,LINGAMPALLI,37,77.0,1.2833333333333334,Short
47155,FM,FALAKNUMA,LPI,LINGAMPALLI,37,83.0,1.3833333333333333,Short
47156,FM,FALAKNUMA,LPI,LINGAMPALLI,37,77.0,1.2833333333333334,Short
47157,FM,FALAKNUMA,LPI,LINGAMPALLI,37,85.0,1.4166666666666667,Short
47158,FM,FALAKNUMA,LPI,LINGAMPALLI,37,80.0,1.3333333333333333,Short
47159,LPI,LINGAMPALLI,FM,FALAKNUMA,37,90.0,1.5,Short
47160,FM,FALAKNUMA,LPI,LINGAMPALLI,37,77.0,1.2833333333333334,Short
47161,FM,FALAKNUMA,LPI,LINGAMPALLI,37,80.0,1.3333333333333333,Short
47162,FM,FALAKNUMA,LPI,LINGAMPALLI,37,81.0,1.35,Short
47163,FM,FALAKNUMA,LPI,LINGAMPALLI,37,80.0,1.3333333333333333,Short
47164,FM,FALAKNUMA,LPI,LINGAMPALLI,37,85.0,1.4166666666666667,Short
47165,FM,FALAKNUMA,LPI,LINGAMPALLI,37,87.0,1.45,Short
47166,FM,FALAKNUMA,LPI,LINGAMPALLI,37,82.0,1.3666666666666667,Short
47167,FM,FALAKNUMA,LPI,LINGAMPALLI,37,80.0,1.3333333333333333,Short
47168,FM,FALAKNUMA,SC,SECUNDERABAD,14,45.0,0.75,Short
47169,FM,FALAKNUMA,LPI,LINGAMPALLI,37,83.0,1.3833333333333333,Short
47170,FM,FALAKNUMA,LPI,LINGAMPALLI,37,85.0,1.4166666666666667,Short
47171,LPI,LINGAMPALLI,FM,FALAKNUMA,37,77.0,1.2833333333333334,Short
47172,SC,SECUNDERABAD,FM,FALAKNUMA,14,30.0,0.5,Short
47173,LPI,LINGAMPALLI,FM,FALAKNUMA,37,77.0,1.2833333333333334,Short
47174,LPI,LINGAMPALLI,FM,FALAKNUMA,37,85.0,1.4166666666666667,Short
47175,LPI,LINGAMPALLI,FM,FALAKNUMA,37,77.0,1.2833333333333334,Short
47176,LPI,LINGAMPALLI,FM,FALAKNUMA,37,84.0,1.4,Short
47177,LPI,LINGAMPALLI,FM,FALAKNUMA,37,87.0,1.45,Short
47178,LPI,LINGAMPALLI,FM,FALAKNUMA,37,77.0,1.2833333333333334,Short
47179,LPI,LINGAMPALLI,FM,FALAKNUMA,37,77.0,1.2833333333333334,Short
47180,LPI,LINGAMPALLI,FM,FALAKNUMA,37,77.0,1.2833333333333334,Short
47181,LPI,LINGAMPALLI,FM,FALAKNUMA,37,80.0,1.3333333333333333,Short
47182,LPI,LINGAMPALLI,FM,FALAKNUMA,37,80.0,1.3333333333333333,Short
47183,LPI,LINGAMPALLI,FM,FALAKNUMA,37,82.0,1.3666666666666667,Short
47184,LPI,LINGAMPALLI,FM,FALAKNUMA,37,76.0,1.2666666666666666,Short
47185,LPI,LINGAMPALLI,FM,FALAKNUMA,37,77.0,1.2833333333333334,Short
47186,LPI,LINGAMPALLI,FM,FALAKNUMA,37,85.0,1.4166666666666667,Short
47187,LPI,LINGAMPALLI,FM,FALAKNUMA,37,85.0,1.4166666666666667,Short
47188,LPI,LINGAMPALLI,FM,FALAKNUMA,37,87.0,1.45,Short
47189,LPI,LINGAMPALLI,FM,FALAKNUMA,37,83.0,1.3833333333333333,Short
47190,LPI,LINGAMPALLI,FM,FALAKNUMA,37,85.0,1.4166666666666667,Short
47191,LPI,LINGAMPALLI,FM,FALAKNUMA,37,82.0,1.3666666666666667,Short
47192,LPI,LINGAMPALLI,FM,FALAKNUMA,37,77.0,1.2833333333333334,Short
47193,LPI,LINGAMPALLI,FM,FALAKNUMA,37,82.0,1.3666666666666667,Short
47194,LPI,LINGAMPALLI,FM,FALAKNUMA,37,90.0,1.5,Short
47195,LPI,LINGAMPALLI,SC,SECUNDERABAD,22,55.0,0.9166666666666666,Short
47196,SC,SECUNDERABAD,HYB,HYDERABAD DE,9,30.0,0.5,Short
47197,FM,FALAKNUMA,HYB,HYDERABAD DE,24,70.0,1.1666666666666667,Short
47198,FM,FALAKNUMA,LPI,LINGAMPALLI,37,90.0,1.5,Short
47199,FM,FALAKNUMA,HYB,HYDERABAD DE,24,67.0,1.1166666666666667,Short
47200,FM,FALAKNUMA,HYB,HYDERABAD DE,24,80.0,1.3333333333333333,Short
47201,FM,FALAKNUMA,HYB,HYDERABAD DE,24,65.0,1.0833333333333333,Short
47202,FM,FALAKNUMA,HYB,HYDERABAD DE,24,65.0,1.0833333333333333,Short
47203,FM,FALAKNUMA,LPI,LINGAMPALLI,37,80.0,1.3333333333333333,Short
47204,FM,FALAKNUMA,SC,SECUNDERABAD,14,45.0,0.75,Short
47205,SC,SECUNDERABAD,FM,FALAKNUMA,14,30.0,0.5,Short
47206,HYB,HYDERABAD DE,FM,FALAKNUMA,25,67.0,1.1166666666666667,Short
47207,FM,FALAKNUMA,LPI,LINGAMPALLI,37,80.0,1.3333333333333333,Short
47208,HYB,HYDERABAD DE,FM,FALAKNUMA,25,67.0,1.1166666666666667,Short
47209,HYB,HYDERABAD DE,FM,FALAKNUMA,25,67.0,1.1166666666666667,Short
47210,LPI,LINGAMPALLI,FM,FALAKNUMA,37,77.0,1.2833333333333334,Short
47211,FM,FALAKNUMA,LPI,LINGAMPALLI,37,80.0,1.3333333333333333,Short
47212,LPI,LINGAMPALLI,FM,FALAKNUMA,37,80.0,1.3333333333333333,Short
47213,LPI,LINGAMPALLI,FM,FALAKNUMA,37,80.0,1.3333333333333333,Short
47214,FM,FALAKNUMA,LPI,LINGAMPALLI,37,85.0,1.4166666666666667,Short
47215,LPI,LINGAMPALLI,FM,FALAKNUMA,37,80.0,1.3333333333333333,Short
47216,FM,FALAKNUMA,LPI,LINGAMPALLI,37,80.0,1.3333333333333333,Short
47217,LPI,LINGAMPALLI,FM,FALAKNUMA,37,80.0,1.3333333333333333,Short
47218,FM,FALAKNUMA,LPI,LINGAMPALLI,37,85.0,1.4166666666666667,Short
47219,LPI,LINGAMPALLI,FM,FALAKNUMA,37,77.0,1.2833333333333334,Short
47220,FM,FALAKNUMA,LPI,LINGAMPALLI,37,105.0,1.75,Short
50101,RN,RATNAGIRI,MAO,MADGOAN JN.,251,395.0,6.583333333333333,Medium
50102,MAO,MADGOAN JN.,RN,RATNAGIRI,244,305.0,5.083333333333333,Medium
50103,DR,DADAR,RN,RATNAGIRI,347,525.0,8.75,Medium
50104,RN,RATNAGIRI,DR,DADAR,349,530.0,8.833333333333334,Medium
50105,DIVA,DIVA JN,SWV,SAWANTWADI R,486,685.0,11.416666666666666,Medium
50106,SWV,SAWANTWADI R,DIVA,DIVA JN,476,700.0,11.666666666666666,Medium
50107,SWV,SAWANTWADI R,MAO,MADGOAN JN.,78,155.0,2.5833333333333335,Short
50108,MAO,MADGOAN JN.,SWV,SAWANTWADI R,83,130.0,2.1666666666666665,Short
50119,DIVA,DIVA JN,PNVL,PANVEL,27,50.0,0.8333333333333334,Short
50120,PNVL,PANVEL,DIVA,DIVA JN,27,45.0,0.75,Short
51027,CSMT,CST-MUMBAI,PVR,PANDHARPUR,430,695.0,11.583333333333334,Medium
51028,PVR,PANDHARPUR,CSMT,CST-MUMBAI,430,645.0,10.75,Medium
51029,CSMT,CST-MUMBAI,BJP,BIJAPUR JN,565,805.0,13.416666666666666,Long
51030,BJP,BIJAPUR JN,CSMT,CST-MUMBAI,566,800.0,13.333333333333334,Long
51033,DD,DAUND JN.,SNSI,SAI NAGAR SH,187,275.0,4.583333333333333,Medium
51034,SNSI,SAI NAGAR SH,DD,DAUND JN.,187,280.0,4.666666666666667,Medium
51111,CSN,CHALISGAON J,DHI,DHULE,56,75.0,1.25,Short
51112,DHI,DHULE,CSN,CHALISGAON J,56,75.0,1.25,Short
51113,CSN,CHALISGAON J,DHI,DHULE,56,75.0,1.25,Short
51114,DHI,DHULE,CSN,CHALISGAON J,56,75.0,1.25,Short
51115,CSN,CHALISGAON J,DHI,DHULE,56,75.0,1.25,Short
51116,DHI,DHULE,CSN,CHALISGAON J,56,75.0,1.25,Short
51135,BD,BADNERA JN.,AMI,AMRAVATI,9,15.0,0.25,Short
51136,AMI,AMRAVATI,BD,BADNERA JN.,9,15.0,0.25,Short
51137,BD,BADNERA JN.,AMI,AMRAVATI,9,15.0,0.25,Short
51138,AMI,AMRAVATI,BD,BADNERA JN.,9,15.0,0.25,Short
51139,BD,BADNERA JN.,AMI,AMRAVATI,9,15.0,0.25,Short
51140,AMI,AMRAVATI,BD,BADNERA JN.,9,15.0,0.25,Short
51141,BD,BADNERA JN.,AMI,AMRAVATI,9,15.0,0.25,Short
51142,AMI,AMRAVATI,BD,BADNERA JN.,9,15.0,0.25,Short
51145,BD,BADNERA JN.,AMI,AMRAVATI,9,15.0,0.25,Short
51146,AMI,AMRAVATI,BD,BADNERA JN.,9,15.0,0.25,Short
51147,BD,BADNERA JN.,AMI,AMRAVATI,9,15.0,0.25,Short
51148,AMI,AMRAVATI,BD,BADNERA JN.,9,15.0,0.25,Short
51149,BD,BADNERA JN.,AMI,AMRAVATI,9,15.0,0.25,Short
51150,AMI,AMRAVATI,BD,BADNERA JN.,9,15.0,0.25,Short
51151,NAVI,NEW AMRAVATI,NRKR,NARKHER,108,200.0,3.3333333333333335,Medium
51152,NRKR,NARKHER,NAVI,NEW AMRAVATI,109,180.0,3.0,Medium
51153,CSMT,CST-MUMBAI,BSL,BHUSAVAL JN.,444,750.0,12.5,Medium
51154,BSL,BHUSAVAL JN.,CSMT,CST-MUMBAI,444,720.0,12.0,Medium
51157,BSL,BHUSAVAL JN.,ET,ITARSI,306,575.0,9.583333333333334,Medium
51158,ET,ITARSI,BSL,BHUSAVAL JN.,306,795.0,13.25,Medium
51181,DVL,DEVLALI,BSL,BHUSAVAL JN.,262,315.0,5.25,Medium
51182,BSL,BHUSAVAL JN.,DVL,DEVLALI,262,345.0,5.75,Medium
51183,BSL,BHUSAVAL JN.,NRKR,NARKHER,361,570.0,9.5,Medium
51184,NRKR,NARKHER,BSL,BHUSAVAL JN.,339,580.0,9.666666666666666,Medium
51187,BSL,BHUSAVAL JN.,KTE,KATNI,642,1075.0,17.916666666666668,Long
51188,KTE,KATNI,BSL,BHUSAVAL JN.,642,1120.0,18.666666666666668,Long
51189,ET,ITARSI,ACOI,CHHEOKI,610,1330.0,22.166666666666668,Long
51190,ACOI,CHHEOKI,ET,ITARSI,609,1210.0,20.166666666666668,Long
51195,WR,WARDHA JN.,BPQ,BALHARSHAH,132,225.0,3.75,Medium
51196,BPQ,BALHARSHAH,WR,WARDHA JN.,132,220.0,3.6666666666666665,Medium
51197,BSL,BHUSAVAL JN.,WR,WARDHA JN.,318,430.0,7.166666666666667,Medium
51198,WR,WARDHA JN.,BSL,BHUSAVAL JN.,318,540.0,9.0,Medium
51239,AMLA,AMLA JN.,BZU,BETUL,22,35.0,0.5833333333333334,Short
51240,BZU,BETUL,AMLA,AMLA JN.,22,40.0,0.6666666666666666,Short
51253,AMLA,AMLA JN.,CWA,CHHINWARA JN,115,240.0,4.0,Medium
51254,CWA,CHHINWARA JN,AMLA,AMLA JN.,115,190.0,3.1666666666666665,Medium
51255,BXY,BORDHAI,CWA,CHHINWARA JN,88,130.0,2.1666666666666665,Short
51256,CWA,CHHINWARA JN,BXY,BORDHAI,88,130.0,2.1666666666666665,Short
51259,WR,WARDHA JN.,NGP,NAGPUR JN.(C,78,120.0,2.0,Short
51260,NGP,NAGPUR JN.(C,WR,WARDHA JN.,78,105.0,1.75,Short
51261,AMI,AMRAVATI,WR,WARDHA JN.,104,175.0,2.9166666666666665,Medium
51262,WR,WARDHA JN.,AMI,AMRAVATI,104,255.0,4.25,Medium
51285,BSL,BHUSAVAL JN.,NGP,NAGPUR JN.(C,397,795.0,13.25,Medium
51286,NGP,NAGPUR JN.(C,BSL,BHUSAVAL JN.,397,605.0,10.083333333333334,Medium
51293,NGP,NAGPUR JN.(C,AMLA,AMLA JN.,167,265.0,4.416666666666667,Medium
51294,AMLA,AMLA JN.,NGP,NAGPUR JN.(C,167,285.0,4.75,Medium
51317,KJT,KARJAT,PUNE,PUNE JN.,91,185.0,3.0833333333333335,Short
51318,PUNE,PUNE JN.,KJT,KARJAT,91,180.0,3.0,Short
51347,PUNE,PUNE JN.,BRMT,BARAMATI,120,190.0,3.1666666666666665,Medium
51348,BRMT,BARAMATI,DD,DAUND JN.,43,75.0,1.25,Short
51350,DD,DAUND JN.,PUNE,PUNE JN.,77,105.0,1.75,Short
51401,PUNE,PUNE JN.,MMR,MANMAD JN.,314,560.0,9.333333333333334,Medium
51402,MMR,MANMAD JN.,PUNE,PUNE JN.,311,615.0,10.25,Medium
51405,MRJ,MIRAJ JN.,CLR,CASTLE ROCK,212,345.0,5.75,Medium
51406,CLR,CASTLE ROCK,MRJ,MIRAJ JN.,212,320.0,5.333333333333333,Medium
51407,MRJ,MIRAJ JN.,KOP,CHHATRAPATI,47,75.0,1.25,Short
51408,KOP,CHHATRAPATI,MRJ,MIRAJ JN.,47,80.0,1.3333333333333333,Short
51409,PUNE,PUNE JN.,KOP,CHHATRAPATI,325,615.0,10.25,Medium
51410,KOP,CHHATRAPATI,PUNE,PUNE JN.,326,700.0,11.666666666666666,Medium
51411,BAY,BELLARY JN.,DWR,DHARWAD,229,390.0,6.5,Medium
51412,UBL,HUBLI JN.,BAY,BELLARY JN.,208,370.0,6.166666666666667,Medium
51419,MRJ,MIRAJ JN.,UBL,HUBLI JN.,278,450.0,7.5,Medium
51420,UBL,HUBLI JN.,MRJ,MIRAJ JN.,279,445.0,7.416666666666667,Medium
51421,PUNE,PUNE JN.,NZB,NIZAMABAD,769,1210.0,20.166666666666668,Long
51422,NZB,NIZAMABAD,PUNE,PUNE JN.,769,1275.0,21.25,Long
51423,IGP,IGATPURI,MMR,MANMAD JN.,123,170.0,2.8333333333333335,Medium
51424,MMR,MANMAD JN.,IGP,IGATPURI,123,205.0,3.4166666666666665,Medium
51425,PRLI,PARLI VAIJNA,MRJ,MIRAJ JN.,427,655.0,10.916666666666666,Medium
51426,MRJ,MIRAJ JN.,PRLI,PARLI VAIJNA,437,585.0,9.75,Medium
51427,MRJ,MIRAJ JN.,KOP,CHHATRAPATI,47,85.0,1.4166666666666667,Short
51428,KOP,CHHATRAPATI,MRJ,MIRAJ JN.,47,75.0,1.25,Short
51429,SLI,SANGLI,KOP,CHHATRAPATI,54,100.0,1.6666666666666667,Short
51430,KOP,CHHATRAPATI,SLI,SANGLI,54,95.0,1.5833333333333333,Short
51431,MRJ,MIRAJ JN.,LD,LONDA JN.,188,315.0,5.25,Medium
51432,LD,LONDA JN.,MRJ,MIRAJ JN.,188,280.0,4.666666666666667,Medium
51433,NZB,NIZAMABAD,PVR,PANDHARPUR,523,935.0,15.583333333333334,Long
51434,PVR,PANDHARPUR,NZB,NIZAMABAD,511,1025.0,17.083333333333332,Long
51435,PUNE,PUNE JN.,STR,SATARA,145,275.0,4.583333333333333,Medium
51436,STR,SATARA,PUNE,PUNE JN.,145,260.0,4.333333333333333,Medium
51437,KWV,KURDUVADI JN,MRJ,MIRAJ JN.,189,275.0,4.583333333333333,Medium
51438,MRJ,MIRAJ JN.,KWV,KURDUVADI JN,189,260.0,4.333333333333333,Medium
51441,STR,SATARA,KOP,CHHATRAPATI,180,275.0,4.583333333333333,Medium
51442,KOP,CHHATRAPATI,STR,SATARA,180,300.0,5.0,Medium
51451,PUNE,PUNE JN.,BRMT,BARAMATI,120,190.0,3.1666666666666665,Medium
51452,BRMT,BARAMATI,PUNE,PUNE JN.,121,195.0,3.25,Medium
51458,DWR,DHARWAD,UBL,HUBLI JN.,20,45.0,0.75,Short
51461,MRJ,MIRAJ JN.,BGM,BELGAUM,137,205.0,3.4166666666666665,Medium
51462,BGM,BELGAUM,MRJ,MIRAJ JN.,137,190.0,3.1666666666666665,Medium
51463,MRJ,MIRAJ JN.,BGM,BELGAUM,137,205.0,3.4166666666666665,Medium
51464,BGM,BELGAUM,MRJ,MIRAJ JN.,137,210.0,3.5,Medium
51601,BINA,BINA,KMZ,KATNI MURWAR,261,435.0,7.25,Medium
51602,KMZ,KATNI MURWAR,BINA,BINA,264,490.0,8.166666666666666,Medium
51603,BINA,BINA,KTE,KATNI,263,390.0,6.5,Medium
51604,KTE,KATNI,BINA,BINA,266,460.0,7.666666666666667,Medium
51605,KMZ,KATNI MURWAR,CHRM,CHIRMIRI,256,480.0,8.0,Medium
51606,CHRM,CHIRMIRI,KMZ,KATNI MURWAR,253,495.0,8.25,Medium
51607,BINA,BINA,GUNA,GUNA,118,175.0,2.9166666666666665,Medium
51608,GUNA,GUNA,BINA,BINA,118,175.0,2.9166666666666665,Medium
51609,BINA,BINA,GUNA,GUNA,118,175.0,2.9166666666666665,Medium
51610,GUNA,GUNA,BINA,BINA,118,180.0,3.0,Medium
51611,KOTA,KOTA,BINA,BINA,303,530.0,8.833333333333334,Medium
51612,BINA,BINA,KOTA,KOTA,303,530.0,8.833333333333334,Medium
51671,ET,ITARSI,STA,SATNA,434,585.0,9.75,Medium
51672,STA,SATNA,ET,ITARSI,434,610.0,10.166666666666666,Medium
51673,ET,ITARSI,STA,SATNA,434,520.0,8.666666666666666,Medium
51674,STA,SATNA,ET,ITARSI,434,650.0,10.833333333333334,Medium
51675,KTE,KATNI,CPU,CHOPAN,316,545.0,9.083333333333334,Medium
51676,CPU,CHOPAN,KTE,KATNI,316,620.0,10.333333333333334,Medium
51678,SKTN,SHAKTINAGAR,CPU,CHOPAN,81,170.0,2.8333333333333335,Short
51679,KTE,KATNI,CPU,CHOPAN,316,595.0,9.916666666666666,Medium
51680,CPU,CHOPAN,KTE,KATNI,316,580.0,9.666666666666666,Medium
51685,KNW,KHANDWA JN.,BIR,BIR,32,50.0,0.8333333333333334,Short
51686,BIR,BIR,KNW,KHANDWA JN.,33,55.0,0.9166666666666666,Short
51687,KNW,KHANDWA JN.,BIR,BIR,32,55.0,0.9166666666666666,Short
51688,BIR,BIR,KNW,KHANDWA JN.,33,55.0,0.9166666666666666,Short
51701,JBP,JABALPUR,REWA,REWA,238,380.0,6.333333333333333,Medium
51702,REWA,REWA,JBP,JABALPUR,238,370.0,6.166666666666667,Medium
51703,JBP,JABALPUR,NIR,NAINPUR JN.,124,240.0,4.0,Medium
51704,NIR,NAINPUR JN.,MML,MADANMAHAL,121,215.0,3.5833333333333335,Medium
51705,MML,MADANMAHAL,NIR,NAINPUR JN.,121,235.0,3.9166666666666665,Medium
51706,NIR,NAINPUR JN.,MML,MADANMAHAL,121,225.0,3.75,Medium
51708,NIR,NAINPUR JN.,JBP,JABALPUR,124,250.0,4.166666666666667,Medium
51753,REWA,REWA,CHRM,CHIRMIRI,401,690.0,11.5,Medium
51754,CHRM,CHIRMIRI,REWA,REWA,403,820.0,13.666666666666666,Medium
51755,CHRM,CHIRMIRI,APR,ANUPPUR JN.,86,175.0,2.9166666666666665,Short
51756,APR,ANUPPUR JN.,CHRM,CHIRMIRI,86,195.0,3.25,Short
51763,STA,SATNA,MKP,MANIKPUR JN.,77,125.0,2.0833333333333335,Short
51764,MKP,MANIKPUR JN.,STA,SATNA,77,165.0,2.75,Short
51765,STA,SATNA,MKP,MANIKPUR JN.,77,185.0,3.0833333333333335,Short
51766,MKP,MANIKPUR JN.,STA,SATNA,77,120.0,2.0,Short
51803,JHS,JHANSI JN,CNB,KANPUR CENTR,221,375.0,6.25,Medium
51804,CNB,KANPUR CENTR,JHS,JHANSI JN,221,380.0,6.333333333333333,Medium
51805,JHS,JHANSI JN,MKP,MANIKPUR JN.,291,425.0,7.083333333333333,Medium
51806,MKP,MANIKPUR JN.,JHS,JHANSI JN,291,465.0,7.75,Medium
51807,JHS,JHANSI JN,BNDA,BANDA JN,191,260.0,4.333333333333333,Medium
51811,BINA,BINA,JHS,JHANSI JN,151,235.0,3.9166666666666665,Medium
51812,JHS,JHANSI JN,BINA,BINA,151,250.0,4.166666666666667,Medium
51813,JHS,JHANSI JN,LKO,LUCKNOW JN.,295,515.0,8.583333333333334,Medium
51814,LKO,LUCKNOW JN.,JHS,JHANSI JN,295,470.0,7.833333333333333,Medium
51815,JHS,JHANSI JN,AGC,AGRA CANTT,204,310.0,5.166666666666667,Medium
51816,AGC,AGRA CANTT,JHS,JHANSI JN,204,330.0,5.5,Medium
51817,KURJ,KHAJAURAHO,JHS,JHANSI JN,254,500.0,8.333333333333334,Medium
51818,JHS,JHANSI JN,KURJ,KHAJAURAHO,254,435.0,7.25,Medium
51821,MBA,MAHOBA,KURJ,KHAJAURAHO,63,75.0,1.25,Short
51822,KURJ,KHAJAURAHO,MBA,MAHOBA,63,75.0,1.25,Short
51827,ET,ITARSI,JHS,JHANSI JN,381,940.0,15.666666666666666,Medium
51828,JHS,JHANSI JN,ET,ITARSI,381,1030.0,17.166666666666668,Medium
51829,NGP,NAGPUR JN.(C,ET,ITARSI,297,585.0,9.75,Medium
51830,ET,ITARSI,NGP,NAGPUR JN.(C,297,515.0,8.583333333333334,Medium
51831,JHS,JHANSI JN,AGC,AGRA CANTT,204,460.0,7.666666666666667,Medium
51832,AGC,AGRA CANTT,JHS,JHANSI JN,204,305.0,5.083333333333333,Medium
51861,AIT,AIT JN,KNH,KONCH,13,35.0,0.5833333333333334,Short
51862,KNH,KONCH,AIT,AIT JN,13,35.0,0.5833333333333334,Short
51863,AIT,AIT JN,KNH,KONCH,13,35.0,0.5833333333333334,Short
51864,KNH,KONCH,AIT,AIT JN,13,35.0,0.5833333333333334,Short
51865,AIT,AIT JN,KNH,KONCH,13,35.0,0.5833333333333334,Short
51866,KNH,KONCH,AIT,AIT JN,13,35.0,0.5833333333333334,Short
51867,AIT,AIT JN,KNH,KONCH,13,35.0,0.5833333333333334,Short
51868,KNH,KONCH,AIT,AIT JN,13,35.0,0.5833333333333334,Short
51869,AIT,AIT JN,KNH,KONCH,13,35.0,0.5833333333333334,Short
51870,KNH,KONCH,AIT,AIT JN,13,35.0,0.5833333333333334,Short
51881,GWL,GWALIOR JN,AGC,AGRA CANTT,107,200.0,3.3333333333333335,Medium
51882,AGC,AGRA CANTT,GWL,GWALIOR JN,107,160.0,2.6666666666666665,Medium
51883,BINA,BINA,GWL,GWALIOR JN,345,630.0,10.5,Medium
51884,GWL,GWALIOR JN,BINA,BINA,345,555.0,9.25,Medium
51885,BINA,BINA,DMO,DAMOH,152,230.0,3.8333333333333335,Medium
51886,DMO,DAMOH,BINA,BINA,154,215.0,3.5833333333333335,Medium
51901,AGC,AGRA CANTT,DLI,DELHI JN.,190,420.0,7.0,Medium
51902,DLI,DELHI JN.,AGC,AGRA CANTT,194,385.0,6.416666666666667,Medium
51905,DLI,DELHI JN.,SMQL,SHAMLI,93,200.0,3.3333333333333335,Short
51906,SMQL,SHAMLI,DLI,DELHI JN.,90,150.0,2.5,Short
51907,SMQL,SHAMLI,SRE,SAHARANPUR J,70,125.0,2.0833333333333335,Short
51908,SRE,SAHARANPUR J,SMQL,SHAMLI,70,115.0,1.9166666666666667,Short
51909,DLI,DELHI JN.,SRE,SAHARANPUR J,163,340.0,5.666666666666667,Medium
51910,SRE,SAHARANPUR J,DLI,DELHI JN.,163,320.0,5.333333333333333,Medium
51911,DLI,DELHI JN.,SRE,SAHARANPUR J,163,305.0,5.083333333333333,Medium
51912,SRE,SAHARANPUR J,DLI,DELHI JN.,163,335.0,5.583333333333333,Medium
51913,DLI,DELHI JN.,SRE,SAHARANPUR J,163,330.0,5.5,Medium
51914,SRE,SAHARANPUR J,DLI,DELHI JN.,160,295.0,4.916666666666667,Medium
51915,DLI,DELHI JN.,FN,FARUKHNAGAR,52,105.0,1.75,Short
51916,FN,FARUKHNAGAR,DLI,DELHI JN.,51,125.0,2.0833333333333335,Short
51971,MTJ,MATHURA JN.,AWR,ALWAR JN.,122,185.0,3.0833333333333335,Medium
51972,AWR,ALWAR JN.,MTJ,MATHURA JN.,123,165.0,2.75,Medium
51973,MTJ,MATHURA JN.,JP,JAIPUR JN.,273,430.0,7.166666666666667,Medium
51974,JP,JAIPUR JN.,MTJ,MATHURA JN.,273,470.0,7.833333333333333,Medium
52073,MJ,MARWAR JN.,MVJ,MAVLI JN.,202,370.0,6.166666666666667,Medium
52074,MVJ,MAVLI JN.,MJ,MARWAR JN.,202,365.0,6.083333333333333,Medium
52075,MJ,MARWAR JN.,MVJ,MAVLI JN.,202,360.0,6.0,Medium
52076,MVJ,MAVLI JN.,MJ,MARWAR JN.,202,355.0,5.916666666666667,Medium
52171,GWO,GWALIOR (NG),SOE,SHEOPUR KALA,186,655.0,10.916666666666666,Medium
52172,SOE,SHEOPUR KALA,GWO,GWALIOR (NG),186,660.0,11.0,Medium
52173,GWO,GWALIOR (NG),SBL,SABALGARH,92,310.0,5.166666666666667,Short
52174,SBL,SABALGARH,GWO,GWALIOR (NG),92,300.0,5.0,Short
52175,GWO,GWALIOR (NG),SBL,SABALGARH,92,280.0,4.666666666666667,Short
52176,SBL,SABALGARH,GWO,GWALIOR (NG),92,280.0,4.666666666666667,Short
52177,SBL,SABALGARH,SOE,SHEOPUR KALA,103,340.0,5.666666666666667,Medium
52178,SOE,SHEOPUR KALA,SBL,SABALGARH,103,330.0,5.5,Medium
52179,DHOA,DHOLPUR (NG),SRMT,SIRMUTTRA,70,180.0,3.0,Short
52180,SRMT,SIRMUTTRA,DHOA,DHOLPUR (NG),70,175.0,2.9166666666666665,Short
52181,DHOA,DHOLPUR (NG),TPO,TANTPUR,58,145.0,2.4166666666666665,Short
52182,TPO,TANTPUR,BARI,BARI,27,70.0,1.1666666666666667,Short
52183,BARI,BARI,SRMT,SIRMUTTRA,39,100.0,1.6666666666666667,Short
52184,SRMT,SIRMUTTRA,DHOA,DHOLPUR (NG),70,175.0,2.9166666666666665,Short
52205,PBE,PILIBHIT JN.,MLN,MAILANI JN.,67,135.0,2.25,Short
52206,MLN,MAILANI JN.,PBE,PILIBHIT JN.,67,130.0,2.1666666666666665,Short
52207,PBE,PILIBHIT JN.,MLN,MAILANI JN.,67,135.0,2.25,Short
52208,MLN,MAILANI JN.,PBE,PILIBHIT JN.,67,150.0,2.5,Short
52221,PBE,PILIBHIT JN.,MLN,MAILANI JN.,67,145.0,2.4166666666666665,Short
52222,MLN,MAILANI JN.,PBE,PILIBHIT JN.,67,145.0,2.4166666666666665,Short
52223,PBE,PILIBHIT JN.,MLN,MAILANI JN.,67,140.0,2.3333333333333335,Short
52224,MLN,MAILANI JN.,PBE,PILIBHIT JN.,67,135.0,2.25,Short
52225,PBE,PILIBHIT JN.,MLN,MAILANI JN.,67,120.0,2.0,Short
52226,MLN,MAILANI JN.,PBE,PILIBHIT JN.,67,135.0,2.25,Short
52229,SZP,SHAHJAHANPUR,PBE,PILIBHIT JN.,84,170.0,2.8333333333333335,Short
52230,PBE,PILIBHIT JN.,SZP,SHAHJAHANPUR,84,195.0,3.25,Short
52231,PBE,PILIBHIT JN.,SZP,SHAHJAHANPUR,84,160.0,2.6666666666666665,Short
52232,SZP,SHAHJAHANPUR,PBE,PILIBHIT JN.,84,170.0,2.8333333333333335,Short
52233,PBE,PILIBHIT JN.,SZP,SHAHJAHANPUR,83,170.0,2.8333333333333335,Short
52234,SZP,SHAHJAHANPUR,PBE,PILIBHIT JN.,84,195.0,3.25,Short
52235,PBE,PILIBHIT JN.,SZP,SHAHJAHANPUR,83,185.0,3.0833333333333335,Short
52236,SZP,SHAHJAHANPUR,PBE,PILIBHIT JN.,84,165.0,2.75,Short
52239,TQN,TIKUNIA,MLN,MAILANI JN.,78,190.0,3.1666666666666665,Short
52240,MLN,MAILANI JN.,TQN,TIKUNIA,78,150.0,2.5,Short
52241,BRK,BAHRAICH,MLN,MAILANI JN.,205,450.0,7.5,Medium
52242,MLN,MAILANI JN.,BRK,BAHRAICH,205,420.0,7.0,Medium
52251,BRK,BAHRAICH,MLN,MAILANI JN.,205,435.0,7.25,Medium
52252,MLN,MAILANI JN.,BRK,BAHRAICH,205,435.0,7.25,Medium
52253,BRK,BAHRAICH,MLN,MAILANI JN.,205,480.0,8.0,Medium
52254,MLN,MAILANI JN.,BRK,BAHRAICH,205,410.0,6.833333333333333,Medium
52255,BRK,BAHRAICH,MLN,MAILANI JN.,205,435.0,7.25,Medium
52256,MLN,MAILANI JN.,BRK,BAHRAICH,205,390.0,6.5,Medium
52257,BRK,BAHRAICH,MLN,MAILANI JN.,205,390.0,6.5,Medium
52258,MLN,MAILANI JN.,BRK,BAHRAICH,205,380.0,6.333333333333333,Medium
52259,BRK,BAHRAICH,MLN,MAILANI JN.,205,435.0,7.25,Medium
52260,MLN,MAILANI JN.,BRK,BAHRAICH,205,410.0,6.833333333333333,Medium
52263,BRK,BAHRAICH,NPR,NEPALGANJ RO,54,120.0,2.0,Short
52264,NPR,NEPALGANJ RO,BRK,BAHRAICH,54,120.0,2.0,Short
52265,BRK,BAHRAICH,NPR,NEPALGANJ RO,54,120.0,2.0,Short
52266,NPR,NEPALGANJ RO,BRK,BAHRAICH,54,120.0,2.0,Short
52267,BRK,BAHRAICH,NPR,NEPALGANJ RO,54,135.0,2.25,Short
52268,NPR,NEPALGANJ RO,BRK,BAHRAICH,54,120.0,2.0,Short
52297,PBE,PILIBHIT JN.,SZP,SHAHJAHANPUR,84,135.0,2.25,Short
52298,SZP,SHAHJAHANPUR,PBE,PILIBHIT JN.,84,165.0,2.75,Short
52451,KLK,KALKA,SML,SHIMLA,95,280.0,4.666666666666667,Short
52452,SML,SHIMLA,KLK,KALKA,95,285.0,4.75,Short
52453,KLK,KALKA,SML,SHIMLA,95,305.0,5.083333333333333,Short
52454,SML,SHIMLA,KLK,KALKA,95,300.0,5.0,Short
52455,KLK,KALKA,SML,SHIMLA,95,320.0,5.333333333333333,Short
52456,SML,SHIMLA,KLK,KALKA,95,345.0,5.75,Short
52457,KLK,KALKA,SML,SHIMLA,95,325.0,5.416666666666667,Short
52458,SML,SHIMLA,KLK,KALKA,95,345.0,5.75,Short
52461,PTK,PATHANKOT JN,JMKR,JAWALAMUKHI,93,235.0,3.9166666666666665,Short
52462,JMKR,JAWALAMUKHI,PTK,PATHANKOT JN,104,225.0,3.75,Medium
52463,PTK,PATHANKOT JN,BJPL,BAIJNATH PAP,156,405.0,6.75,Medium
52464,BJPL,BAIJNATH PAP,PTK,PATHANKOT JN,176,410.0,6.833333333333333,Medium
52465,PTK,PATHANKOT JN,BJPL,BAIJNATH PAP,162,435.0,7.25,Medium
52466,BJPL,BAIJNATH PAP,PTK,PATHANKOT JN,185,420.0,7.0,Medium
52467,PTK,PATHANKOT JN,BJPL,BAIJNATH PAP,162,455.0,7.583333333333333,Medium
52468,BJPL,BAIJNATH PAP,PTK,PATHANKOT JN,185,375.0,6.25,Medium
52469,PTK,PATHANKOT JN,BJPL,BAIJNATH PAP,164,400.0,6.666666666666667,Medium
52470,BJPL,BAIJNATH PAP,PTK,PATHANKOT JN,169,380.0,6.333333333333333,Medium
52471,PTK,PATHANKOT JN,JDNX,JOGINDER NAG,192,550.0,9.166666666666666,Medium
52472,JDNX,JOGINDER NAG,PTK,PATHANKOT JN,215,610.0,10.166666666666666,Medium
52473,PTK,PATHANKOT JN,JDNX,JOGINDER NAG,191,585.0,9.75,Medium
52474,JDNX,JOGINDER NAG,PTK,PATHANKOT JN,213,615.0,10.25,Medium
52540,DJ,DARJEELING,NJP,NEW JALPAIGU,87,430.0,7.166666666666667,Short
52541,NJP,NEW JALPAIGU,DJ,DARJEELING,87,425.0,7.083333333333333,Short
52570,DJ,DARJEELING,KGN,KURSEONG,30,195.0,3.25,Short
52571,KGN,KURSEONG,DJ,DARJEELING,30,225.0,3.75,Short
52587,KGN,KURSEONG,DJ,DARJEELING,30,155.0,2.5833333333333335,Short
52588,DJ,DARJEELING,KGN,KURSEONG,30,150.0,2.5,Short
52591,DJ,DARJEELING,DJ,DARJEELING,12,105.0,1.75,Short
52592,DJ,DARJEELING,DJ,DARJEELING,12,125.0,2.0833333333333335,Short
52593,DJ,DARJEELING,DJ,DARJEELING,12,120.0,2.0,Short
52594,DJ,DARJEELING,DJ,DARJEELING,12,120.0,2.0,Short
52595,DJ,DARJEELING,DJ,DARJEELING,12,120.0,2.0,Short
52596,DJ,DARJEELING,DJ,DARJEELING,12,120.0,2.0,Short
52597,DJ,DARJEELING,DJ,DARJEELING,12,105.0,1.75,Short
52598,DJ,DARJEELING,DJ,DARJEELING,12,120.0,2.0,Short
52599,DJ,DARJEELING,DJ,DARJEELING,12,120.0,2.0,Short
52911,RUJ,RANUJ,ADIJ,AHMEDABAD JN,134,265.0,4.416666666666667,Medium
52912,ADIJ,AHMEDABAD JN,RUJ,RANUJ,134,235.0,3.9166666666666665,Medium
52913,RUJ,RANUJ,ADIJ,AHMEDABAD JN,134,290.0,4.833333333333333,Medium
52914,ADIJ,AHMEDABAD JN,RUJ,RANUJ,134,255.0,4.25,Medium
52929,VRLF,VERAVAL MG,DASF,DHASA JN (MG,189,420.0,7.0,Medium
52930,DASF,DHASA JN (MG,VRLF,VERAVAL MG,189,355.0,5.916666666666667,Medium
52931,JLRF,JETALSAR JN,DASF,DHASA JN (MG,104,155.0,2.5833333333333335,Medium
52932,DASF,DHASA JN (MG,JLRF,JETALSAR JN,104,145.0,2.4166666666666665,Medium
52933,VRLF,VERAVAL MG,DASF,DHASA JN (MG,189,380.0,6.333333333333333,Medium
52934,BTDF,BOTAD JN (MG,GG,GANDHIGRAM,154,285.0,4.75,Medium
52935,GG,GANDHIGRAM,BTDF,BOTAD JN (MG,154,265.0,4.416666666666667,Medium
52938,BTDF,BOTAD JN (MG,ADIJ,AHMEDABAD JN,175,300.0,5.0,Medium
52939,ADIJ,AHMEDABAD JN,BTDF,BOTAD JN (MG,175,310.0,5.166666666666667,Medium
52940,BTDF,BOTAD JN (MG,GG,GANDHIGRAM,154,285.0,4.75,Medium
52941,GG,GANDHIGRAM,BTDF,BOTAD JN (MG,154,265.0,4.416666666666667,Medium
52942,BTDF,BOTAD JN (MG,GG,GANDHIGRAM,154,220.0,3.6666666666666665,Medium
52943,GG,GANDHIGRAM,BTDF,BOTAD JN (MG,154,195.0,3.25,Medium
52944,BTDF,BOTAD JN (MG,GG,GANDHIGRAM,154,235.0,3.9166666666666665,Medium
52945,GG,GANDHIGRAM,BTDF,BOTAD JN (MG,154,225.0,3.75,Medium
52946,DASF,DHASA JN (MG,VRLF,VERAVAL MG,189,345.0,5.75,Medium
52947,JLRF,JETALSAR JN,DASF,DHASA JN (MG,104,140.0,2.3333333333333335,Medium
52948,DASF,DHASA JN (MG,JLRF,JETALSAR JN,104,135.0,2.25,Medium
52949,VRLF,VERAVAL MG,DVA,DELVADA,95,215.0,3.5833333333333335,Short
52950,DVA,DELVADA,VRLF,VERAVAL MG,95,195.0,3.25,Short
52951,DVA,DELVADA,JND,JUNAGADH JN,159,370.0,6.166666666666667,Medium
52952,JND,JUNAGADH JN,DVA,DELVADA,159,365.0,6.083333333333333,Medium
52953,KODR,KODINAR,VRLF,VERAVAL MG,70,225.0,3.75,Short
52954,VRLF,VERAVAL MG,KODR,KODINAR,70,155.0,2.5833333333333335,Short
52955,KJV,KHIJADIYA JN,JND,JUNAGADH JN,133,250.0,4.166666666666667,Medium
52956,JND,JUNAGADH JN,KJV,KHIJADIYA JN,133,230.0,3.8333333333333335,Medium
52963,DADN,MHOW,SWD,SANAWAD,63,140.0,2.3333333333333335,Short
52964,SWD,SANAWAD,DADN,MHOW,63,150.0,2.5,Short
52973,DADN,MHOW,SWD,SANAWAD,63,150.0,2.5,Short
52974,SWD,SANAWAD,DADN,MHOW,63,150.0,2.5,Short
52975,DADN,MHOW,SWD,SANAWAD,63,150.0,2.5,Short
52976,SWD,SANAWAD,DADN,MHOW,63,150.0,2.5,Short
52987,DADN,MHOW,SWD,SANAWAD,63,150.0,2.5,Short
52988,SWD,SANAWAD,DADN,MHOW,63,150.0,2.5,Short
53001,HWH,HOWRAH JN.,AZ,AZIMGANJ JN.,209,360.0,6.0,Medium
53002,AZ,AZIMGANJ JN.,HWH,HOWRAH JN.,216,405.0,6.75,Medium
53005,KWAE,KATWA JN.,AZ,AZIMGANJ JN.,65,135.0,2.25,Short
53006,AZ,AZIMGANJ JN.,KWAE,KATWA JN.,72,110.0,1.8333333333333333,Short
53007,KWAE,KATWA JN.,RPH,RAMPUR HAT,131,270.0,4.5,Medium
53008,RPH,RAMPUR HAT,KWAE,KATWA JN.,131,330.0,5.5,Medium
53009,KWAE,KATWA JN.,AZ,AZIMGANJ JN.,65,125.0,2.0833333333333335,Short
53010,AZ,AZIMGANJ JN.,KWAE,KATWA JN.,72,130.0,2.1666666666666665,Short
53011,KWAE,KATWA JN.,AZ,AZIMGANJ JN.,65,120.0,2.0,Short
53012,AZ,AZIMGANJ JN.,KWAE,KATWA JN.,72,135.0,2.25,Short
53013,KWAE,KATWA JN.,AZ,AZIMGANJ JN.,72,120.0,2.0,Short
53014,AZ,AZIMGANJ JN.,KWAE,KATWA JN.,72,120.0,2.0,Short
53015,KWAE,KATWA JN.,AZ,AZIMGANJ JN.,65,120.0,2.0,Short
53016,AZ,AZIMGANJ JN.,KWAE,KATWA JN.,72,140.0,2.3333333333333335,Short
53017,KWAE,KATWA JN.,AZ,AZIMGANJ JN.,72,135.0,2.25,Short
53018,AZ,AZIMGANJ JN.,KWAE,KATWA JN.,72,133.0,2.216666666666667,Short
53019,KWAE,KATWA JN.,AZ,AZIMGANJ JN.,65,110.0,1.8333333333333333,Short
53020,AZ,AZIMGANJ JN.,KWAE,KATWA JN.,65,122.0,2.033333333333333,Short
53021,AZ,AZIMGANJ JN.,SBG,SAHIBGANJ,142,310.0,5.166666666666667,Medium
53022,SBG,SAHIBGANJ,AZ,AZIMGANJ JN.,142,315.0,5.25,Medium
53023,AZ,AZIMGANJ JN.,RPH,RAMPUR HAT,59,115.0,1.9166666666666667,Short
53024,RPH,RAMPUR HAT,AZ,AZIMGANJ JN.,59,100.0,1.6666666666666667,Short
53025,AZ,AZIMGANJ JN.,RPH,RAMPUR HAT,59,110.0,1.8333333333333333,Short
53026,RPH,RAMPUR HAT,AZ,AZIMGANJ JN.,59,130.0,2.1666666666666665,Short
53027,AZ,AZIMGANJ JN.,MLDT,MALDA TOWN,112,220.0,3.6666666666666665,Medium
53028,MLDT,MALDA TOWN,AZ,AZIMGANJ JN.,112,230.0,3.8333333333333335,Medium
53029,AZ,AZIMGANJ JN.,BGP,BHAGALPUR,217,535.0,8.916666666666666,Medium
53030,BGP,BHAGALPUR,AZ,AZIMGANJ JN.,217,490.0,8.166666666666666,Medium
53031,AZ,AZIMGANJ JN.,RPH,RAMPUR HAT,59,120.0,2.0,Short
53034,RPH,RAMPUR HAT,AZ,AZIMGANJ JN.,59,105.0,1.75,Short
53035,AZ,AZIMGANJ JN.,BHW,BARHARWA JN.,87,255.0,4.25,Short
53036,BHW,BARHARWA JN.,AZ,AZIMGANJ JN.,87,165.0,2.75,Short
53037,SBG,SAHIBGANJ,BGP,BHAGALPUR,74,140.0,2.3333333333333335,Short
53038,BGP,BHAGALPUR,SBG,SAHIBGANJ,74,145.0,2.4166666666666665,Short
53041,HWH,HOWRAH JN.,JYG,JAYNAGAR,718,1760.0,29.333333333333332,Long
53042,JYG,JAYNAGAR,HWH,HOWRAH JN.,718,1610.0,26.833333333333332,Long
53043,HWH,HOWRAH JN.,RGD,RAJGIR,653,1425.0,23.75,Long
53044,RGD,RAJGIR,HWH,HOWRAH JN.,653,1420.0,23.666666666666668,Long
53045,HWH,HOWRAH JN.,RPH,RAMPUR HAT,286,350.0,5.833333333333333,Medium
53046,RPH,RAMPUR HAT,HWH,HOWRAH JN.,287,365.0,6.083333333333333,Medium
53047,HWH,HOWRAH JN.,RPH,RAMPUR HAT,218,285.0,4.75,Medium
53048,RPH,RAMPUR HAT,HWH,HOWRAH JN.,218,300.0,5.0,Medium
53049,HWH,HOWRAH JN.,MKA,MOKAMA JN.,453,720.0,12.0,Medium
53050,MKA,MOKAMA JN.,HWH,HOWRAH JN.,454,890.0,14.833333333333334,Medium
53061,BWN,BARDDHAMAN J,HTE,HATIA,348,715.0,11.916666666666666,Medium
53062,HTE,HATIA,BWN,BARDDHAMAN J,346,775.0,12.916666666666666,Medium
53063,BWN,BARDDHAMAN J,BHW,BARHARWA JN.,194,300.0,5.0,Medium
53064,BHW,BARHARWA JN.,BWN,BARDDHAMAN J,194,355.0,5.916666666666667,Medium
53068,RPH,RAMPUR HAT,BWN,BARDDHAMAN J,111,155.0,2.5833333333333335,Medium
53069,BWN,BARDDHAMAN J,RPH,RAMPUR HAT,111,160.0,2.6666666666666665,Medium
53073,RPH,RAMPUR HAT,SBG,SAHIBGANJ,137,215.0,3.5833333333333335,Medium
53074,SBG,SAHIBGANJ,RPH,RAMPUR HAT,137,215.0,3.5833333333333335,Medium
53075,RPH,RAMPUR HAT,BHW,BARHARWA JN.,82,115.0,1.9166666666666667,Short
53076,BHW,BARHARWA JN.,RPH,RAMPUR HAT,82,130.0,2.1666666666666665,Short
53081,RPH,RAMPUR HAT,DUMK,DUMKA,64,100.0,1.6666666666666667,Short
53131,SDAH,SEALDAH,MFP,MUZAFFARPUR,571,1105.0,18.416666666666668,Long
53132,MFP,MUZAFFARPUR,SDAH,SEALDAH,572,1185.0,19.75,Long
53137,RPH,RAMPUR HAT,BHW,BARHARWA JN.,82,115.0,1.9166666666666667,Short
53138,BHW,BARHARWA JN.,RPH,RAMPUR HAT,82,130.0,2.1666666666666665,Short
53139,KOAA,KOLKATA,JSME,JASIDIH JN.,324,445.0,7.416666666666667,Medium
53140,JSME,JASIDIH JN.,KOAA,KOLKATA,325,395.0,6.583333333333333,Medium
53171,SDAH,SEALDAH,LGL,LALGOLA,231,350.0,5.833333333333333,Medium
53172,LGL,LALGOLA,SDAH,SEALDAH,229,390.0,6.5,Medium
53175,SDAH,SEALDAH,LGL,LALGOLA,231,350.0,5.833333333333333,Medium
53176,LGL,LALGOLA,SDAH,SEALDAH,229,347.0,5.783333333333333,Medium
53177,SDAH,SEALDAH,LGL,LALGOLA,230,320.0,5.333333333333333,Medium
53178,LGL,LALGOLA,SDAH,SEALDAH,229,370.0,6.166666666666667,Medium
53179,KOAA,KOLKATA,LGL,LALGOLA,223,335.0,5.583333333333333,Medium
53180,LGL,LALGOLA,KOAA,KOLKATA,222,365.0,6.083333333333333,Medium
53181,SDAH,SEALDAH,LGL,LALGOLA,230,340.0,5.666666666666667,Medium
53186,LGL,LALGOLA,SDAH,SEALDAH,229,325.0,5.416666666666667,Medium
53207,IPR,ISLAMPUR,FUT,FATUHA,42,140.0,2.3333333333333335,Short
53208,FUT,FATUHA,IPR,ISLAMPUR,42,95.0,1.5833333333333333,Short
53209,RGD,RAJGIR,FUT,FATUHA,71,210.0,3.5,Short
53210,FUT,FATUHA,RGD,RAJGIR,71,230.0,3.8333333333333335,Short
53211,PNBE,PATNA JN.,SSM,SASARAM,146,270.0,4.5,Medium
53212,SSM,SASARAM,PNBE,PATNA JN.,146,350.0,5.833333333333333,Medium
53213,PNBE,PATNA JN.,GAYA,GAYA JN.,94,185.0,3.0833333333333335,Short
53214,GAYA,GAYA JN.,PNBE,PATNA JN.,88,190.0,3.1666666666666665,Short
53221,RGD,RAJGIR,BKP,BAKHTIYARPUR,53,150.0,2.5,Short
53222,BKP,BAKHTIYARPUR,RGD,RAJGIR,53,150.0,2.5,Short
53223,RGD,RAJGIR,BKP,BAKHTIYARPUR,53,180.0,3.0,Short
53224,BKP,BAKHTIYARPUR,RGD,RAJGIR,53,180.0,3.0,Short
53225,BKP,BAKHTIYARPUR,GAYA,GAYA JN.,140,330.0,5.5,Medium
53226,GAYA,GAYA JN.,BKP,BAKHTIYARPUR,140,353.0,5.883333333333334,Medium
53229,RGD,RAJGIR,DNR,DANAPUR,108,300.0,5.0,Medium
53230,DNR,DANAPUR,RGD,RAJGIR,108,295.0,4.916666666666667,Medium
53231,TIA,TILAIYA,DNR,DANAPUR,154,515.0,8.583333333333334,Medium
53232,DNR,DANAPUR,TIA,TILAIYA,154,385.0,6.416666666666667,Medium
53323,SNDT,SINDRI TOWN,DHN,DHANBAD JN.,27,80.0,1.3333333333333333,Short
53324,DHN,DHANBAD JN.,SNDT,SINDRI TOWN,27,85.0,1.4166666666666667,Short
53327,SNDT,SINDRI TOWN,GMO,NSC BOSE J G,56,125.0,2.0833333333333335,Short
53328,GMO,NSC BOSE J G,SNDT,SINDRI TOWN,56,135.0,2.25,Short
53333,SNDT,SINDRI TOWN,DHN,DHANBAD JN.,27,90.0,1.5,Short
53334,DHN,DHANBAD JN.,SNDT,SINDRI TOWN,27,70.0,1.1666666666666667,Short
53343,GMO,NSC BOSE J G,CPU,CHOPAN,460,800.0,13.333333333333334,Medium
53344,CPU,CHOPAN,GMO,NSC BOSE J G,460,790.0,13.166666666666666,Medium
53345,CPU,CHOPAN,ALD,ALLAHABAD JN,223,515.0,8.583333333333334,Medium
53346,ALD,ALLAHABAD JN,CPU,CHOPAN,223,475.0,7.916666666666667,Medium
53347,GMO,NSC BOSE J G,BRWD,BARWADIH JN,258,420.0,7.0,Medium
53348,BRWD,BARWADIH JN,GMO,NSC BOSE J G,258,485.0,8.083333333333334,Medium
53349,BRWD,BARWADIH JN,DOS,DEHRI-ON-SON,159,255.0,4.25,Medium
53350,DOS,DEHRI-ON-SON,BRWD,BARWADIH JN,159,275.0,4.583333333333333,Medium
53351,BRWD,BARWADIH JN,CAR,CHUNAR JN.,304,535.0,8.916666666666666,Medium
53352,CAR,CHUNAR JN.,BRWD,BARWADIH JN,304,560.0,9.333333333333334,Medium
53357,BRKA,BARKAKANA,DOS,DEHRI-ON-SON,316,490.0,8.166666666666666,Medium
53358,DOS,DEHRI-ON-SON,BRKA,BARKAKANA,316,495.0,8.25,Medium
53363,GAYA,GAYA JN.,DOS,DEHRI-ON-SON,85,125.0,2.0833333333333335,Short
53364,DOS,DEHRI-ON-SON,GAYA,GAYA JN.,85,130.0,2.1666666666666665,Short
53365,KWAR,KAWAR,KQR,KODERMA,87,150.0,2.5,Short
53366,KQR,KODERMA,KWAR,KAWAR,87,150.0,2.5,Short
53369,KWAR,KAWAR,KQR,KODERMA,87,150.0,2.5,Short
53370,KQR,KODERMA,KWAR,KAWAR,87,150.0,2.5,Short
53371,KQR,KODERMA,BRKA,BARKAKANA,139,270.0,4.5,Medium
53372,BRKA,BARKAKANA,KQR,KODERMA,139,260.0,4.333333333333333,Medium
53373,KQR,KODERMA,BRKA,BARKAKANA,139,250.0,4.166666666666667,Medium
53374,BRKA,BARKAKANA,KQR,KODERMA,139,260.0,4.333333333333333,Medium
53401,SBG,SAHIBGANJ,MLDT,MALDA TOWN,103,195.0,3.25,Medium
53402,MLDT,MALDA TOWN,SBG,SAHIBGANJ,103,185.0,3.0833333333333335,Medium
53403,RPH,RAMPUR HAT,GAYA,GAYA JN.,433,1102.0,18.366666666666667,Medium
53404,GAYA,GAYA JN.,JMP,JAMALPUR JN.,174,390.0,6.5,Medium
53405,RPH,RAMPUR HAT,SBG,SAHIBGANJ,137,206.0,3.433333333333333,Medium
53406,SBG,SAHIBGANJ,RPH,RAMPUR HAT,137,245.0,4.083333333333333,Medium
53408,JMP,JAMALPUR JN.,RPH,RAMPUR HAT,259,525.0,8.75,Medium
53411,BHW,BARHARWA JN.,SBG,SAHIBGANJ,54,90.0,1.5,Short
53412,SBG,SAHIBGANJ,BHW,BARHARWA JN.,54,90.0,1.5,Short
53415,SBG,SAHIBGANJ,JMP,JAMALPUR JN.,127,270.0,4.5,Medium
53416,JMP,JAMALPUR JN.,SBG,SAHIBGANJ,127,245.0,4.083333333333333,Medium
53417,BWN,BARDDHAMAN J,MLDT,MALDA TOWN,233,360.0,6.0,Medium
53418,MLDT,MALDA TOWN,BWN,BARDDHAMAN J,233,400.0,6.666666666666667,Medium
53423,JMP,JAMALPUR JN.,KIUL,KIUL JN.,45,75.0,1.25,Short
53424,KIUL,KIUL JN.,JMP,JAMALPUR JN.,44,85.0,1.4166666666666667,Short
53431,SBG,SAHIBGANJ,JMP,JAMALPUR JN.,127,290.0,4.833333333333333,Medium
53432,JMP,JAMALPUR JN.,SBG,SAHIBGANJ,127,235.0,3.9166666666666665,Medium
53433,AZ,AZIMGANJ JN.,BHW,BARHARWA JN.,87,195.0,3.25,Short
53434,BHW,BARHARWA JN.,AZ,AZIMGANJ JN.,87,165.0,2.75,Short
53435,KWAE,KATWA JN.,AZ,AZIMGANJ JN.,65,140.0,2.3333333333333335,Short
53436,AZ,AZIMGANJ JN.,KWAE,KATWA JN.,65,145.0,2.4166666666666665,Short
53441,HSDA,HANSDIHA,BGP,BHAGALPUR,71,175.0,2.9166666666666665,Short
53442,BGP,BHAGALPUR,HSDA,HANSDIHA,72,175.0,2.9166666666666665,Short
53443,HSDA,HANSDIHA,BGP,BHAGALPUR,71,165.0,2.75,Short
53444,BGP,BHAGALPUR,HSDA,HANSDIHA,73,180.0,3.0,Short
53445,HSDA,HANSDIHA,BGP,BHAGALPUR,71,180.0,3.0,Short
53446,BGP,BHAGALPUR,HSDA,HANSDIHA,72,175.0,2.9166666666666665,Short
53447,BAKA,BANKA,BGP,BHAGALPUR,50,135.0,2.25,Short
53448,BGP,BHAGALPUR,BAKA,BANKA,51,140.0,2.3333333333333335,Short
53449,BAKA,BANKA,BGP,BHAGALPUR,50,135.0,2.25,Short
53450,BGP,BHAGALPUR,BAKA,BANKA,51,140.0,2.3333333333333335,Short
53451,DUMK,DUMKA,HSDA,HANSDIHA,41,80.0,1.3333333333333333,Short
53452,HSDA,HANSDIHA,DUMK,DUMKA,41,85.0,1.4166666666666667,Short
53479,JMP,JAMALPUR JN.,KIUL,KIUL JN.,45,80.0,1.3333333333333333,Short
53480,KIUL,KIUL JN.,JMP,JAMALPUR JN.,44,85.0,1.4166666666666667,Short
53481,TPH,TINPAHAR JN.,RJL,RAJMAHAL,11,25.0,0.4166666666666667,Short
53482,RJL,RAJMAHAL,TPH,TINPAHAR JN.,11,25.0,0.4166666666666667,Short
53483,TPH,TINPAHAR JN.,RJL,RAJMAHAL,11,25.0,0.4166666666666667,Short
53484,RJL,RAJMAHAL,TPH,TINPAHAR JN.,11,25.0,0.4166666666666667,Short
53485,TPH,TINPAHAR JN.,RJL,RAJMAHAL,11,28.0,0.4666666666666667,Short
53486,RJL,RAJMAHAL,TPH,TINPAHAR JN.,11,25.0,0.4166666666666667,Short
53487,TPH,TINPAHAR JN.,RJL,RAJMAHAL,11,28.0,0.4666666666666667,Short
53488,RJL,RAJMAHAL,TPH,TINPAHAR JN.,11,25.0,0.4166666666666667,Short
53489,TPH,TINPAHAR JN.,RJL,RAJMAHAL,11,25.0,0.4166666666666667,Short
53490,RJL,RAJMAHAL,TPH,TINPAHAR JN.,11,25.0,0.4166666666666667,Short
53491,TPH,TINPAHAR JN.,RJL,RAJMAHAL,11,25.0,0.4166666666666667,Short
53492,RJL,RAJMAHAL,TPH,TINPAHAR JN.,11,28.0,0.4666666666666667,Short
53493,TPH,TINPAHAR JN.,RJL,RAJMAHAL,11,25.0,0.4166666666666667,Short
53494,RJL,RAJMAHAL,TPH,TINPAHAR JN.,11,25.0,0.4166666666666667,Short
53495,TPH,TINPAHAR JN.,RJL,RAJMAHAL,11,25.0,0.4166666666666667,Short
53496,RJL,RAJMAHAL,TPH,TINPAHAR JN.,11,25.0,0.4166666666666667,Short
53497,BGP,BHAGALPUR,JMP,JAMALPUR JN.,52,100.0,1.6666666666666667,Short
53498,JMP,JAMALPUR JN.,BGP,BHAGALPUR,52,127.0,2.1166666666666667,Short
53511,MDP,MADHUPUR JN.,GRD,GIRDIH,38,60.0,1.0,Short
53512,GRD,GIRDIH,MDP,MADHUPUR JN.,37,55.0,0.9166666666666666,Short
53513,MDP,MADHUPUR JN.,GRD,GIRDIH,38,60.0,1.0,Short
53514,GRD,GIRDIH,MDP,MADHUPUR JN.,37,60.0,1.0,Short
53515,MDP,MADHUPUR JN.,GRD,GIRDIH,38,60.0,1.0,Short
53516,GRD,GIRDIH,MDP,MADHUPUR JN.,37,60.0,1.0,Short
53517,MDP,MADHUPUR JN.,GRD,GIRDIH,38,60.0,1.0,Short
53518,GRD,GIRDIH,MDP,MADHUPUR JN.,37,55.0,0.9166666666666666,Short
53519,MDP,MADHUPUR JN.,GRD,GIRDIH,38,55.0,0.9166666666666666,Short
53520,GRD,GIRDIH,MDP,MADHUPUR JN.,37,55.0,0.9166666666666666,Short
53523,ASN,ASANSOL MAIN,BRKA,BARKAKANA,188,375.0,6.25,Medium
53524,BRKA,BARKAKANA,ASN,ASANSOL MAIN,188,410.0,6.833333333333333,Medium
53525,BRKA,BARKAKANA,BSB,VARANASI JN.,453,820.0,13.666666666666666,Medium
53526,BSB,VARANASI JN.,BRKA,BARKAKANA,453,810.0,13.5,Medium
53551,DUMK,DUMKA,JSME,JASIDIH JN.,70,100.0,1.6666666666666667,Short
53552,JSME,JASIDIH JN.,DUMK,DUMKA,70,100.0,1.6666666666666667,Short
53553,DUMK,DUMKA,JSME,JASIDIH JN.,70,100.0,1.6666666666666667,Short
53554,JSME,JASIDIH JN.,DUMK,DUMKA,70,100.0,1.6666666666666667,Short
53555,DUMK,DUMKA,JSME,JASIDIH JN.,70,105.0,1.75,Short
53556,JSME,JASIDIH JN.,DUMK,DUMKA,70,105.0,1.75,Short
53611,BRWD,BARWADIH JN,DOS,DEHRI-ON-SON,159,275.0,4.583333333333333,Medium
53612,DOS,DEHRI-ON-SON,BRWD,BARWADIH JN,159,285.0,4.75,Medium
53615,JMP,JAMALPUR JN.,GAYA,GAYA JN.,174,365.0,6.083333333333333,Medium
53616,GAYA,GAYA JN.,JMP,JAMALPUR JN.,174,320.0,5.333333333333333,Medium
53623,JAJ,JHAJHA,GAYA,GAYA JN.,183,385.0,6.416666666666667,Medium
53624,GAYA,GAYA JN.,JAJ,JHAJHA,183,475.0,7.916666666666667,Medium
53625,KIUL,KIUL JN.,GAYA,GAYA JN.,129,315.0,5.25,Medium
53626,GAYA,GAYA JN.,KIUL,KIUL JN.,129,290.0,4.833333333333333,Medium
53627,KIUL,KIUL JN.,GAYA,GAYA JN.,129,325.0,5.416666666666667,Medium
53628,GAYA,GAYA JN.,KIUL,KIUL JN.,129,345.0,5.75,Medium
53629,KIUL,KIUL JN.,GAYA,GAYA JN.,129,285.0,4.75,Medium
53630,GAYA,GAYA JN.,KIUL,KIUL JN.,129,285.0,4.75,Medium
53631,KIUL,KIUL JN.,GAYA,GAYA JN.,129,245.0,4.083333333333333,Medium
53632,GAYA,GAYA JN.,KIUL,KIUL JN.,129,275.0,4.583333333333333,Medium
53641,DLN,DILDARNAGAR,MGS,MUGHAL SARAI,53,145.0,2.4166666666666665,Short
53642,MGS,MUGHAL SARAI,DLN,DILDARNAGAR,53,90.0,1.5,Short
53643,DLN,DILDARNAGAR,TRG,TARIGHAT,18,60.0,1.0,Short
53644,TRG,TARIGHAT,DLN,DILDARNAGAR,18,60.0,1.0,Short
53645,DLN,DILDARNAGAR,TRG,TARIGHAT,18,60.0,1.0,Short
53646,TRG,TARIGHAT,DLN,DILDARNAGAR,18,60.0,1.0,Short
53647,DLN,DILDARNAGAR,TRG,TARIGHAT,18,60.0,1.0,Short
53648,TRG,TARIGHAT,DLN,DILDARNAGAR,18,60.0,1.0,Short
54001,TKJ,TILAK BRIDGE,ROK,ROHTAK JN.,73,160.0,2.6666666666666665,Short
54002,ROK,ROHTAK JN.,TKJ,TILAK BRIDGE,73,148.0,2.466666666666667,Short
54005,DLI,DELHI JN.,BNW,BHIWANI JN.,119,235.0,3.9166666666666665,Medium
54006,JIND,JIND JN,ROK,ROHTAK JN.,141,275.0,4.583333333333333,Medium
54007,ROK,ROHTAK JN.,JIND,JIND JN,141,260.0,4.333333333333333,Medium
54008,JIND,JIND JN,ROK,ROHTAK JN.,141,250.0,4.166666666666667,Medium
54009,ROK,ROHTAK JN.,JIND,JIND JN,141,280.0,4.666666666666667,Medium
54010,NRW,NARWANA JN.,JIND,JIND JN,33,45.0,0.75,Short
54011,TKJ,TILAK BRIDGE,SDLP,SADULPUR JN,227,400.0,6.666666666666667,Medium
54012,SDLP,SADULPUR JN,TKJ,TILAK BRIDGE,227,388.0,6.466666666666667,Medium
54013,ROK,ROHTAK JN.,BNW,BHIWANI JN.,49,65.0,1.0833333333333333,Short
54014,BNW,BHIWANI JN.,ROK,ROHTAK JN.,49,95.0,1.5833333333333333,Short
54015,ROK,ROHTAK JN.,BNW,BHIWANI JN.,49,95.0,1.5833333333333333,Short
54016,BNW,BHIWANI JN.,ROK,ROHTAK JN.,49,75.0,1.25,Short
54018,BNW,BHIWANI JN.,ROK,ROHTAK JN.,49,85.0,1.4166666666666667,Short
54019,RE,REWARI JN.,ROK,ROHTAK JN.,81,100.0,1.6666666666666667,Short
54023,ROK,ROHTAK JN.,JIND,JIND JN,57,80.0,1.3333333333333333,Short
54024,JIND,JIND JN,DLI,DELHI JN.,127,275.0,4.583333333333333,Medium
54025,ROK,ROHTAK JN.,PNP,PANIPAT JN.,60,165.0,2.75,Short
54026,PNP,PANIPAT JN.,ROK,ROHTAK JN.,71,105.0,1.75,Short
54031,DLI,DELHI JN.,JIND,JIND JN,127,215.0,3.5833333333333335,Medium
54032,JIND,JIND JN,DLI,DELHI JN.,127,220.0,3.6666666666666665,Medium
54033,DLI,DELHI JN.,NRW,NARWANA JN.,160,300.0,5.0,Medium
54034,JIND,JIND JN,DLI,DELHI JN.,127,235.0,3.9166666666666665,Medium
54035,DLI,DELHI JN.,JHL,JAKHAL JN.,199,360.0,6.0,Medium
54036,JHL,JAKHAL JN.,DLI,DELHI JN.,199,335.0,5.583333333333333,Medium
54037,KKDE,KURUKSHETRA,JIND,JIND JN,120,205.0,3.4166666666666665,Medium
54038,JIND,JIND JN,KKDE,KURUKSHETRA,119,180.0,3.0,Medium
54039,KKDE,KURUKSHETRA,JIND,JIND JN,120,195.0,3.25,Medium
54040,JIND,JIND JN,KKDE,KURUKSHETRA,119,185.0,3.0833333333333335,Medium
54041,KKDE,KURUKSHETRA,JIND,JIND JN,120,185.0,3.0833333333333335,Medium
54042,JIND,JIND JN,KKDE,KURUKSHETRA,119,190.0,3.1666666666666665,Medium
54043,JIND,JIND JN,HSR,HISAR JN,327,480.0,8.0,Medium
54044,HSR,HISAR JN,JIND,JIND JN,327,590.0,9.833333333333334,Medium
54045,JIND,JIND JN,FZR,FIROZPUR CAN,257,550.0,9.166666666666666,Medium
54046,FZR,FIROZPUR CAN,JIND,JIND JN,257,440.0,7.333333333333333,Medium
54047,KKDE,KURUKSHETRA,JIND,JIND JN,120,175.0,2.9166666666666665,Medium
54048,JIND,JIND JN,KKDE,KURUKSHETRA,119,200.0,3.3333333333333335,Medium
54049,ROK,ROHTAK JN.,JIND,JIND JN,141,260.0,4.333333333333333,Medium
54050,JIND,JIND JN,ROK,ROHTAK JN.,141,255.0,4.25,Medium
54051,LDH,LUDHIANA JN.,FZR,FIROZPUR CAN,123,185.0,3.0833333333333335,Medium
54052,FZR,FIROZPUR CAN,LDH,LUDHIANA JN.,123,170.0,2.8333333333333335,Medium
54053,JHL,JAKHAL JN.,LDH,LUDHIANA JN.,128,195.0,3.25,Medium
54054,LDH,LUDHIANA JN.,JHL,JAKHAL JN.,128,215.0,3.5833333333333335,Medium
54055,MB,MORADABAD JN,DLI,DELHI JN.,160,355.0,5.916666666666667,Medium
54056,DLI,DELHI JN.,MB,MORADABAD JN,160,335.0,5.583333333333333,Medium
54057,DLI,DELHI JN.,SMQL,SHAMLI,93,220.0,3.6666666666666665,Short
54058,SMQL,SHAMLI,DLI,DELHI JN.,93,220.0,3.6666666666666665,Short
54059,DLI,DELHI JN.,SMQL,SHAMLI,90,150.0,2.5,Short
54060,SMQL,SHAMLI,DLI,DELHI JN.,93,220.0,3.6666666666666665,Short
54075,SPC,SITAPUR CITY,DLI,DELHI JN.,408,795.0,13.25,Medium
54076,DLI,DELHI JN.,SPC,SITAPUR CITY,408,825.0,13.75,Medium
54077,BE,BAREILLY JN.,MB,MORADABAD JN,110,265.0,4.416666666666667,Medium
54078,MB,MORADABAD JN,BE,BAREILLY JN.,110,290.0,4.833333333333333,Medium
54085,DLI,DELHI JN.,RE,REWARI JN.,82,160.0,2.6666666666666665,Short
54086,RE,REWARI JN.,DLI,DELHI JN.,82,190.0,3.1666666666666665,Short
54091,NBD,NAJIBABAD JN,KTW,KOTDWARA,24,50.0,0.8333333333333334,Short
54092,KTW,KOTDWARA,NBD,NAJIBABAD JN,24,50.0,0.8333333333333334,Short
54101,PRG,PRAYAG JN.,CNB,KANPUR CENTR,208,375.0,6.25,Medium
54102,CNB,KANPUR CENTR,PRG,PRAYAG JN.,208,365.0,6.083333333333333,Medium
54103,CAR,CHUNAR JN.,ALD,ALLAHABAD JN,120,185.0,3.0833333333333335,Medium
54104,ALD,ALLAHABAD JN,CAR,CHUNAR JN.,120,190.0,3.1666666666666665,Medium
54107,ALD,ALLAHABAD JN,JNU,JAUNPUR JN.,113,310.0,5.166666666666667,Medium
54108,JNU,JAUNPUR JN.,ALD,ALLAHABAD JN,113,275.0,4.583333333333333,Medium
54109,MGS,MUGHAL SARAI,FD,FAIZABAD JN.,214,415.0,6.916666666666667,Medium
54110,FD,FAIZABAD JN.,MGS,MUGHAL SARAI,214,425.0,7.083333333333333,Medium
54152,CNB,KANPUR CENTR,FTP,FATEHPUR,77,165.0,2.75,Short
54153,RBL,RAE BARELI J,CNB,KANPUR CENTR,167,350.0,5.833333333333333,Medium
54154,CNB,KANPUR CENTR,RBL,RAE BARELI J,167,338.0,5.633333333333334,Medium
54155,CNB,KANPUR CENTR,FBD,FARRUKHABAD,138,265.0,4.416666666666667,Medium
54156,FBD,FARRUKHABAD,CNB,KANPUR CENTR,139,250.0,4.166666666666667,Medium
54158,FBD,FARRUKHABAD,CPA,KANPUR ANWAR,136,220.0,3.6666666666666665,Medium
54159,JHS,JHANSI JN,ALD,ALLAHABAD JN,397,695.0,11.583333333333334,Medium
54161,KURJ,KHAJAURAHO,CNB,KANPUR CENTR,261,395.0,6.583333333333333,Medium
54162,CNB,KANPUR CENTR,KURJ,KHAJAURAHO,261,400.0,6.666666666666667,Medium
54201,LKO,LUCKNOW JN.,RBD,RAHIMABAD,37,65.0,1.0833333333333333,Short
54211,RBL,RAE BARELI J,CNB,KANPUR CENTR,128,260.0,4.333333333333333,Medium
54212,CNB,KANPUR CENTR,RBL,RAE BARELI J,128,280.0,4.666666666666667,Medium
54221,RBL,RAE BARELI J,RRS,RAGHURAJ SIN,57,110.0,1.8333333333333333,Short
54222,RRS,RAGHURAJ SIN,RBL,RAE BARELI J,57,135.0,2.25,Short
54223,RBL,RAE BARELI J,RRS,RAGHURAJ SIN,57,145.0,2.4166666666666665,Short
54224,RRS,RAGHURAJ SIN,RBL,RAE BARELI J,57,120.0,2.0,Short
54225,UCR,UNCHAHAR JN.,RBL,RAE BARELI J,37,50.0,0.8333333333333334,Short
54226,RBL,RAE BARELI J,UCR,UNCHAHAR JN.,37,50.0,0.8333333333333334,Short
54227,UCR,UNCHAHAR JN.,RBL,RAE BARELI J,37,75.0,1.25,Short
54228,RBL,RAE BARELI J,UCR,UNCHAHAR JN.,37,50.0,0.8333333333333334,Short
54231,FD,FAIZABAD JN.,LKO,LUCKNOW JN.,127,220.0,3.6666666666666665,Medium
54232,LKO,LUCKNOW JN.,FD,FAIZABAD JN.,127,255.0,4.25,Medium
54233,FD,FAIZABAD JN.,LKO,LUCKNOW JN.,127,190.0,3.1666666666666665,Medium
54234,LKO,LUCKNOW JN.,FD,FAIZABAD JN.,127,260.0,4.333333333333333,Medium
54237,MUR,MANKAPUR JN.,FD,FAIZABAD JN.,46,90.0,1.5,Short
54238,FD,FAIZABAD JN.,MUR,MANKAPUR JN.,45,90.0,1.5,Short
54239,MUR,MANKAPUR JN.,AY,AYODHYA,38,60.0,1.0,Short
54240,AY,AYODHYA,MUR,MANKAPUR JN.,38,55.0,0.9166666666666666,Short
54243,MUR,MANKAPUR JN.,AY,AYODHYA,38,60.0,1.0,Short
54244,AY,AYODHYA,MUR,MANKAPUR JN.,38,65.0,1.0833333333333333,Short
54251,LKO,LUCKNOW JN.,SRE,SAHARANPUR J,508,1370.0,22.833333333333332,Long
54252,SRE,SAHARANPUR J,LKO,LUCKNOW JN.,518,1190.0,19.833333333333332,Long
54253,PRG,PRAYAG JN.,LKO,LUCKNOW JN.,225,550.0,9.166666666666666,Medium
54254,LKO,LUCKNOW JN.,PRG,PRAYAG JN.,225,440.0,7.333333333333333,Medium
54255,BSB,VARANASI JN.,LKO,LUCKNOW JN.,301,535.0,8.916666666666666,Medium
54256,LKO,LUCKNOW JN.,BSB,VARANASI JN.,301,610.0,10.166666666666666,Medium
54261,MGS,MUGHAL SARAI,JNU,JAUNPUR JN.,75,180.0,3.0,Short
54262,JNU,JAUNPUR JN.,BSB,VARANASI JN.,57,120.0,2.0,Short
54263,BSB,VARANASI JN.,SLN,SULTANPUR JN,143,210.0,3.5,Medium
54264,SLN,SULTANPUR JN,BSB,VARANASI JN.,143,220.0,3.6666666666666665,Medium
54265,BSB,VARANASI JN.,SLN,SULTANPUR JN,143,235.0,3.9166666666666665,Medium
54266,SLN,SULTANPUR JN,BSB,VARANASI JN.,143,255.0,4.25,Medium
54267,MGS,MUGHAL SARAI,BSB,VARANASI JN.,18,50.0,0.8333333333333334,Short
54268,BSB,VARANASI JN.,MGS,MUGHAL SARAI,18,50.0,0.8333333333333334,Short
54270,BSB,VARANASI JN.,MGS,MUGHAL SARAI,18,47.0,0.7833333333333333,Short
54271,ARA,ARA,MGS,MUGHAL SARAI,198,430.0,7.166666666666667,Medium
54272,MGS,MUGHAL SARAI,ARA,ARA,198,348.0,5.8,Medium
54273,ARA,ARA,SSM,SASARAM,97,205.0,3.4166666666666665,Short
54274,SSM,SASARAM,ARA,ARA,97,260.0,4.333333333333333,Short
54281,SLN,SULTANPUR JN,LKO,LUCKNOW JN.,139,245.0,4.083333333333333,Medium
54282,LKO,LUCKNOW JN.,SLN,SULTANPUR JN,139,255.0,4.25,Medium
54283,SLN,SULTANPUR JN,LKO,LUCKNOW JN.,139,310.0,5.166666666666667,Medium
54284,LKO,LUCKNOW JN.,SLN,SULTANPUR JN,139,230.0,3.8333333333333335,Medium
54291,BSB,VARANASI JN.,PBH,PARTAPGARH J,128,220.0,3.6666666666666665,Medium
54292,PBH,PARTAPGARH J,BSB,VARANASI JN.,128,255.0,4.25,Medium
54293,PBH,PARTAPGARH J,LKO,LUCKNOW JN.,172,335.0,5.583333333333333,Medium
54294,LKO,LUCKNOW JN.,PBH,PARTAPGARH J,172,395.0,6.583333333333333,Medium
54303,DLI,DELHI JN.,KLK,KALKA,266,510.0,8.5,Medium
54304,KLK,KALKA,DLI,DELHI JN.,331,755.0,12.583333333333334,Medium
54307,MB,MORADABAD JN,DLI,DELHI JN.,160,370.0,6.166666666666667,Medium
54308,DLI,DELHI JN.,MB,MORADABAD JN,160,380.0,6.333333333333333,Medium
54309,DLI,DELHI JN.,RE,REWARI JN.,82,170.0,2.8333333333333335,Short
54310,RE,REWARI JN.,DLI,DELHI JN.,82,170.0,2.8333333333333335,Short
54311,BE,BAREILLY JN.,MB,MORADABAD JN,110,210.0,3.5,Medium
54312,MB,MORADABAD JN,BE,BAREILLY JN.,110,225.0,3.75,Medium
54313,CH,CHANDAUSI JN,MB,MORADABAD JN,43,115.0,1.9166666666666667,Short
54314,MB,MORADABAD JN,CH,CHANDAUSI JN,43,105.0,1.75,Short
54321,BLM,BALAMAU JN.,SCC,SITAPUR CANT,64,293.0,4.883333333333334,Short
54322,SCC,SITAPUR CANT,BLM,BALAMAU JN.,64,170.0,2.8333333333333335,Short
54323,BUW,BURHWAL JN.,SCC,SITAPUR CANT,98,145.0,2.4166666666666665,Short
54324,SCC,SITAPUR CANT,BUW,BURHWAL JN.,97,140.0,2.3333333333333335,Short
54325,SPC,SITAPUR CITY,CNB,KANPUR CENTR,176,545.0,9.083333333333334,Medium
54326,CNB,KANPUR CENTR,SPC,SITAPUR CITY,176,540.0,9.0,Medium
54327,SPC,SITAPUR CITY,SPN,SHAHJAHANPUR,86,170.0,2.8333333333333335,Short
54328,SPN,SHAHJAHANPUR,SPC,SITAPUR CITY,86,140.0,2.3333333333333335,Short
54329,BLM,BALAMAU JN.,SPN,SHAHJAHANPUR,95,205.0,3.4166666666666665,Short
54330,SPN,SHAHJAHANPUR,BLM,BALAMAU JN.,95,195.0,3.25,Short
54331,LKO,LUCKNOW JN.,BLM,BALAMAU JN.,68,145.0,2.4166666666666665,Short
54332,BLM,BALAMAU JN.,LKO,LUCKNOW JN.,68,145.0,2.4166666666666665,Short
54333,BSB,VARANASI JN.,LKO,LUCKNOW JN.,323,750.0,12.5,Medium
54334,LKO,LUCKNOW JN.,BSB,VARANASI JN.,323,640.0,10.666666666666666,Medium
54335,BLM,BALAMAU JN.,CNB,KANPUR CENTR,117,230.0,3.8333333333333335,Medium
54336,CNB,KANPUR CENTR,BLM,BALAMAU JN.,117,235.0,3.9166666666666665,Medium
54341,SRE,SAHARANPUR J,DDN,DEHRA DUN,131,385.0,6.416666666666667,Medium
54342,DDN,DEHRA DUN,SRE,SAHARANPUR J,131,320.0,5.333333333333333,Medium
54351,ALJN,ALIGARH JN.,BE,BAREILLY JN.,164,370.0,6.166666666666667,Medium
54352,BE,BAREILLY JN.,ALJN,ALIGARH JN.,164,345.0,5.75,Medium
54353,ALJN,ALIGARH JN.,BE,BAREILLY JN.,164,350.0,5.833333333333333,Medium
54354,BE,BAREILLY JN.,ALJN,ALIGARH JN.,164,350.0,5.833333333333333,Medium
54355,ROZA,ROZA JN,BE,BAREILLY JN.,78,135.0,2.25,Short
54356,BE,BAREILLY JN.,ROZA,ROZA JN,78,190.0,3.1666666666666665,Short
54371,PRG,PRAYAG JN.,FD,FAIZABAD JN.,150,405.0,6.75,Medium
54372,FD,FAIZABAD JN.,PRG,PRAYAG JN.,150,310.0,5.166666666666667,Medium
54373,PRG,PRAYAG JN.,FD,FAIZABAD JN.,150,295.0,4.916666666666667,Medium
54374,FD,FAIZABAD JN.,PRG,PRAYAG JN.,150,330.0,5.5,Medium
54375,PRG,PRAYAG JN.,JNU,JAUNPUR JN.,107,245.0,4.083333333333333,Medium
54376,JNU,JAUNPUR JN.,PRG,PRAYAG JN.,107,235.0,3.9166666666666665,Medium
54377,PRG,PRAYAG JN.,BE,BAREILLY JN.,429,870.0,14.5,Medium
54378,BE,BAREILLY JN.,PRG,PRAYAG JN.,429,930.0,15.5,Medium
54381,GJL,GAJRAULA JN.,NBD,NAJIBABAD JN,106,225.0,3.75,Medium
54382,NBD,NAJIBABAD JN,GJL,GAJRAULA JN.,106,275.0,4.583333333333333,Medium
54383,GJL,GAJRAULA JN.,NBD,NAJIBABAD JN,106,240.0,4.0,Medium
54384,NBD,NAJIBABAD JN,GJL,GAJRAULA JN.,106,230.0,3.8333333333333335,Medium
54385,NBD,NAJIBABAD JN,KTW,KOTDWARA,24,50.0,0.8333333333333334,Short
54386,KTW,KOTDWARA,NBD,NAJIBABAD JN,24,50.0,0.8333333333333334,Short
54387,NBD,NAJIBABAD JN,KTW,KOTDWARA,24,50.0,0.8333333333333334,Short
54388,KTW,KOTDWARA,NBD,NAJIBABAD JN,24,50.0,0.8333333333333334,Short
54389,NBD,NAJIBABAD JN,KTW,KOTDWARA,24,50.0,0.8333333333333334,Short
54390,KTW,KOTDWARA,NBD,NAJIBABAD JN,24,50.0,0.8333333333333334,Short
54391,ALJN,ALIGARH JN.,MB,MORADABAD JN,142,275.0,4.583333333333333,Medium
54392,MB,MORADABAD JN,ALJN,ALIGARH JN.,142,285.0,4.75,Medium
54393,MB,MORADABAD JN,GJL,GAJRAULA JN.,53,130.0,2.1666666666666665,Short
54394,GJL,GAJRAULA JN.,MB,MORADABAD JN,53,140.0,2.3333333333333335,Short
54395,MB,MORADABAD JN,NBD,NAJIBABAD JN,159,375.0,6.25,Medium
54396,NBD,NAJIBABAD JN,MB,MORADABAD JN,159,330.0,5.5,Medium
54397,SHTS,SAMBAHAL HAT,MB,MORADABAD JN,47,160.0,2.6666666666666665,Short
54398,MB,MORADABAD JN,SHTS,SAMBAHAL HAT,47,140.0,2.3333333333333335,Short
54401,KRJ,KHURJA JN,MTC,MEERUT CITY,92,215.0,3.5833333333333335,Short
54402,MTC,MEERUT CITY,KRJ,KHURJA JN,92,260.0,4.333333333333333,Short
54403,KRJ,KHURJA JN,MTC,MEERUT CITY,92,190.0,3.1666666666666665,Short
54404,MTC,MEERUT CITY,KRJ,KHURJA JN,92,175.0,2.9166666666666665,Short
54405,KRJ,KHURJA JN,MTC,MEERUT CITY,92,210.0,3.5,Short
54406,MTC,MEERUT CITY,KRJ,KHURJA JN,92,175.0,2.9166666666666665,Short
54411,RE,REWARI JN.,MUT,MEERUT CANT,160,345.0,5.75,Medium
54412,MUT,MEERUT CANT,RE,REWARI JN.,160,325.0,5.416666666666667,Medium
54413,DLI,DELHI JN.,RE,REWARI JN.,82,150.0,2.5,Short
54414,RE,REWARI JN.,DLI,DELHI JN.,82,155.0,2.5833333333333335,Short
54416,RE,REWARI JN.,DLI,DELHI JN.,82,150.0,2.5,Short
54417,DLI,DELHI JN.,RE,REWARI JN.,82,155.0,2.5833333333333335,Short
54420,RE,REWARI JN.,DLI,DELHI JN.,82,175.0,2.9166666666666665,Short
54421,DLI,DELHI JN.,RE,REWARI JN.,82,190.0,3.1666666666666665,Short
54423,DLI,DELHI JN.,BNW,BHIWANI JN.,119,215.0,3.5833333333333335,Medium
54424,BNW,BHIWANI JN.,DLI,DELHI JN.,119,220.0,3.6666666666666665,Medium
54461,BKI,BANDIKUI JN.,BE,BAREILLY JN.,415,940.0,15.666666666666666,Medium
54462,BE,BAREILLY JN.,BKI,BANDIKUI JN.,416,885.0,14.75,Medium
54463,CH,CHANDAUSI JN,RKSH,RISHIKESH,233,580.0,9.666666666666666,Medium
54464,RKSH,RISHIKESH,CH,CHANDAUSI JN,233,670.0,11.166666666666666,Medium
54465,FBD,FARRUKHABAD,TDL,TUNDLA JN,142,250.0,4.166666666666667,Medium
54466,TDL,TUNDLA JN,FBD,FARRUKHABAD,142,275.0,4.583333333333333,Medium
54467,TDL,TUNDLA JN,ETAH,ETAH,73,140.0,2.3333333333333335,Short
54468,ETAH,ETAH,TDL,TUNDLA JN,73,100.0,1.6666666666666667,Short
54469,TDL,TUNDLA JN,ETAH,ETAH,73,110.0,1.8333333333333333,Short
54470,ETAH,ETAH,TDL,TUNDLA JN,73,110.0,1.8333333333333333,Short
54471,DLI,DELHI JN.,RKSH,RISHIKESH,283,665.0,11.083333333333334,Medium
54472,RKSH,RISHIKESH,DLI,DELHI JN.,283,715.0,11.916666666666666,Medium
54473,DLI,DELHI JN.,SRE,SAHARANPUR J,189,355.0,5.916666666666667,Medium
54474,SRE,SAHARANPUR J,DLI,DELHI JN.,189,305.0,5.083333333333333,Medium
54475,DLI,DELHI JN.,HW,HARIDWAR JN,243,720.0,12.0,Medium
54476,HW,HARIDWAR JN,DLI,DELHI JN.,243,710.0,11.833333333333334,Medium
54481,HW,HARIDWAR JN,RKSH,RISHIKESH,22,65.0,1.0833333333333333,Short
54482,RKSH,RISHIKESH,HW,HARIDWAR JN,22,60.0,1.0,Short
54483,HW,HARIDWAR JN,RKSH,RISHIKESH,22,60.0,1.0,Short
54484,RKSH,RISHIKESH,HW,HARIDWAR JN,22,70.0,1.1666666666666667,Short
54485,HW,HARIDWAR JN,RKSH,RISHIKESH,22,70.0,1.1666666666666667,Short
54486,RKSH,RISHIKESH,HW,HARIDWAR JN,22,55.0,0.9166666666666666,Short
54531,UMB,AMBALA CANTT,KLK,KALKA,69,110.0,1.8333333333333333,Short
54532,KLK,KALKA,UMB,AMBALA CANTT,69,100.0,1.6666666666666667,Short
54539,NZM,HAZRAT NIZAM,UMB,AMBALA CANTT,272,675.0,11.25,Medium
54540,UMB,AMBALA CANTT,NZM,HAZRAT NIZAM,272,625.0,10.416666666666666,Medium
54541,MTC,MEERUT CITY,UMB,AMBALA CANTT,194,355.0,5.916666666666667,Medium
54542,UMB,AMBALA CANTT,MTC,MEERUT CITY,194,425.0,7.083333333333333,Medium
54551,UMB,AMBALA CANTT,BTI,BATHINDA JN,201,305.0,5.083333333333333,Medium
54552,BTI,BATHINDA JN,UMB,AMBALA CANTT,201,315.0,5.25,Medium
54553,UMB,AMBALA CANTT,DUI,DHURI JN.,106,150.0,2.5,Medium
54555,DUI,DHURI JN.,BTI,BATHINDA JN,95,140.0,2.3333333333333335,Short
54556,BTI,BATHINDA JN,UMB,AMBALA CANTT,201,320.0,5.333333333333333,Medium
54557,UMB,AMBALA CANTT,PTA,PATIALA,53,80.0,1.3333333333333333,Short
54558,PTA,PATIALA,UMB,AMBALA CANTT,53,80.0,1.3333333333333333,Short
54559,BTI,BATHINDA JN,FKA,FAZILKA JN.,116,180.0,3.0,Medium
54560,FKA,FAZILKA JN.,BTI,BATHINDA JN,116,185.0,3.0833333333333335,Medium
54561,BTI,BATHINDA JN,FZR,FIROZPUR CAN,87,125.0,2.0833333333333335,Short
54562,FZR,FIROZPUR CAN,BTI,BATHINDA JN,87,145.0,2.4166666666666665,Short
54563,BTI,BATHINDA JN,FZR,FIROZPUR CAN,87,130.0,2.1666666666666665,Short
54564,FZR,FIROZPUR CAN,BTI,BATHINDA JN,87,140.0,2.3333333333333335,Short
54571,LDH,LUDHIANA JN.,FZR,FIROZPUR CAN,123,205.0,3.4166666666666665,Medium
54572,FZR,FIROZPUR CAN,LDH,LUDHIANA JN.,123,230.0,3.8333333333333335,Medium
54575,LDH,LUDHIANA JN.,LNK,LOHIAN KHAS,77,145.0,2.4166666666666665,Short
54576,LNK,LOHIAN KHAS,LDH,LUDHIANA JN.,77,150.0,2.5,Short
54581,NLDM,NANGAL DAM,AADR,AMB  ANDAURA,43,70.0,1.1666666666666667,Short
54582,AADR,AMB  ANDAURA,NLDM,NANGAL DAM,43,75.0,1.25,Short
54601,HSR,HISAR JN,ASR,AMRITSAR JN.,345,560.0,9.333333333333334,Medium
54602,ASR,AMRITSAR JN.,SDLP,SADULPUR JN,415,750.0,12.5,Medium
54603,HSR,HISAR JN,LDH,LUDHIANA JN.,209,345.0,5.75,Medium
54604,LDH,LUDHIANA JN.,HSR,HISAR JN,209,335.0,5.583333333333333,Medium
54605,SDLP,SADULPUR JN,LDH,LUDHIANA JN.,279,465.0,7.75,Medium
54606,LDH,LUDHIANA JN.,HSR,HISAR JN,209,345.0,5.75,Medium
54611,ASR,AMRITSAR JN.,PTK,PATHANKOT JN,106,175.0,2.9166666666666665,Medium
54612,PTK,PATHANKOT JN,ASR,AMRITSAR JN.,106,175.0,2.9166666666666665,Medium
54613,ASR,AMRITSAR JN.,PTK,PATHANKOT JN,106,180.0,3.0,Medium
54614,PTK,PATHANKOT JN,ASR,AMRITSAR JN.,106,180.0,3.0,Medium
54615,ASR,AMRITSAR JN.,PTK,PATHANKOT JN,106,200.0,3.3333333333333335,Medium
54616,PTK,PATHANKOT JN,ASR,AMRITSAR JN.,106,185.0,3.0833333333333335,Medium
54621,JUC,JALANDHAR CI,PTK,PATHANKOT JN,115,180.0,3.0,Medium
54622,PTK,PATHANKOT JN,JUC,JALANDHAR CI,115,200.0,3.3333333333333335,Medium
54625,JJJ,JAIJON DOABA,JUC,JALANDHAR CI,87,195.0,3.25,Short
54626,JUC,JALANDHAR CI,JJJ,JAIJON DOABA,87,200.0,3.3333333333333335,Short
54631,BNW,BHIWANI JN.,DUI,DHURI JN.,207,330.0,5.5,Medium
54632,DUI,DHURI JN.,SSA,SIRSA,229,375.0,6.25,Medium
54633,SSA,SIRSA,LDH,LUDHIANA JN.,291,425.0,7.083333333333333,Medium
54634,LDH,LUDHIANA JN.,BNW,BHIWANI JN.,269,495.0,8.25,Medium
54635,HSR,HISAR JN,LDH,LUDHIANA JN.,209,365.0,6.083333333333333,Medium
54636,LDH,LUDHIANA JN.,HSR,HISAR JN,209,335.0,5.583333333333333,Medium
54637,HSX,HOSHIARPUR,JUC,JALANDHAR CI,42,90.0,1.5,Short
54638,JUC,JALANDHAR CI,HSX,HOSHIARPUR,42,70.0,1.1666666666666667,Short
54641,DLI,DELHI JN.,FZR,FIROZPUR CAN,384,745.0,12.416666666666666,Medium
54642,FZR,FIROZPUR CAN,DLI,DELHI JN.,384,680.0,11.333333333333334,Medium
54643,JUC,JALANDHAR CI,FZR,FIROZPUR CAN,117,210.0,3.5,Medium
54644,FZR,FIROZPUR CAN,JUC,JALANDHAR CI,117,205.0,3.4166666666666665,Medium
54645,LDH,LUDHIANA JN.,FZR,FIROZPUR CAN,123,170.0,2.8333333333333335,Medium
54646,FZR,FIROZPUR CAN,LDH,LUDHIANA JN.,123,205.0,3.4166666666666665,Medium
54651,JAT,JAMMU TAWI,UHP,UDHAMPUR,53,80.0,1.3333333333333333,Short
54654,UHP,UDHAMPUR,JAT,JAMMU TAWI,53,90.0,1.5,Short
54701,BTI,BATHINDA JN,LGH,LALGARH JN.,319,450.0,7.5,Medium
54702,LGH,LALGARH JN.,ABS,ABOHAR,394,610.0,10.166666666666666,Medium
54703,ABS,ABOHAR,JU,JODHPUR JN.,661,1100.0,18.333333333333332,Long
54704,JU,JODHPUR JN.,BTI,BATHINDA JN,601,890.0,14.833333333333334,Long
54751,RE,REWARI JN.,SGNR,SHRI GANGANA,413,695.0,11.583333333333334,Medium
54752,SGNR,SHRI GANGANA,RE,REWARI JN.,412,645.0,10.75,Medium
54753,BTI,BATHINDA JN,SGNR,SHRI GANGANA,126,190.0,3.1666666666666665,Medium
54754,SGNR,SHRI GANGANA,BTI,BATHINDA JN,126,185.0,3.0833333333333335,Medium
54755,BTI,BATHINDA JN,SGNR,SHRI GANGANA,126,185.0,3.0833333333333335,Medium
54756,SGNR,SHRI GANGANA,BTI,BATHINDA JN,126,190.0,3.1666666666666665,Medium
54757,UMB,AMBALA CANTT,SGNR,SHRI GANGANA,327,570.0,9.5,Medium
54758,SGNR,SHRI GANGANA,UMB,AMBALA CANTT,327,520.0,8.666666666666666,Medium
54759,SGNR,SHRI GANGANA,SOG,SURATGARH JN,137,180.0,3.0,Medium
54760,SOG,SURATGARH JN,SGNR,SHRI GANGANA,125,175.0,2.9166666666666665,Medium
54761,SGNR,SHRI GANGANA,SOG,SURATGARH JN,125,180.0,3.0,Medium
54762,SOG,SURATGARH JN,SGNR,SHRI GANGANA,125,180.0,3.0,Medium
54763,SDLP,SADULPUR JN,SGNR,SHRI GANGANA,190,370.0,6.166666666666667,Medium
54764,SGNR,SHRI GANGANA,SDLP,SADULPUR JN,190,345.0,5.75,Medium
54765,DUI,DHURI JN.,BTI,BATHINDA JN,95,135.0,2.25,Short
54766,BTI,BATHINDA JN,DUI,DHURI JN.,95,160.0,2.6666666666666665,Short
54781,BTI,BATHINDA JN,RE,REWARI JN.,300,500.0,8.333333333333334,Medium
54782,RE,REWARI JN.,BTI,BATHINDA JN,300,460.0,7.666666666666667,Medium
54783,FKA,FAZILKA JN.,RE,REWARI JN.,422,735.0,12.25,Medium
54784,RE,REWARI JN.,FKA,FAZILKA JN.,423,685.0,11.416666666666666,Medium
54785,FZR,FIROZPUR CAN,FKA,FAZILKA JN.,88,155.0,2.5833333333333335,Short
54786,FKA,FAZILKA JN.,FZR,FIROZPUR CAN,88,145.0,2.4166666666666665,Short
54787,BNW,BHIWANI JN.,RE,REWARI JN.,82,120.0,2.0,Short
54788,RE,REWARI JN.,BNW,BHIWANI JN.,82,110.0,1.8333333333333333,Short
54789,RE,REWARI JN.,BKN,BIKANER JN.,384,520.0,8.666666666666666,Medium
54790,BKN,BIKANER JN.,RE,REWARI JN.,384,525.0,8.75,Medium
54791,MTJ,MATHURA JN.,BNW,BHIWANI JN.,279,450.0,7.5,Medium
54792,BNW,BHIWANI JN.,MTJ,MATHURA JN.,279,485.0,8.083333333333334,Medium
54793,SWM,SAWAI MADHOP,MTJ,MATHURA JN.,212,365.0,6.083333333333333,Medium
54794,MTJ,MATHURA JN.,SWM,SAWAI MADHOP,212,345.0,5.75,Medium
54803,JU,JODHPUR JN.,ADI,AHMEDABAD,457,770.0,12.833333333333334,Medium
54804,ADI,AHMEDABAD,JU,JODHPUR JN.,455,850.0,14.166666666666666,Medium
54805,ADI,AHMEDABAD,JP,JAIPUR JN.,618,1400.0,23.333333333333332,Long
54806,JP,JAIPUR JN.,ADI,AHMEDABAD,621,1330.0,22.166666666666668,Long
54809,RE,REWARI JN.,JU,JODHPUR JN.,542,775.0,12.916666666666666,Long
54810,JU,JODHPUR JN.,RE,REWARI JN.,543,815.0,13.583333333333334,Long
54813,JU,JODHPUR JN.,BME,BARMER,208,290.0,4.833333333333333,Medium
54819,JSM,JAISALMER,JU,JODHPUR JN.,300,420.0,7.0,Medium
54820,JU,JODHPUR JN.,JSM,JAISALMER,300,450.0,7.5,Medium
54822,MKN,MAKRANA JN.,PBC,PARVATSAR CI,21,60.0,1.0,Short
54825,JU,JODHPUR JN.,BARA,BILARA,88,195.0,3.25,Short
54826,BARA,BILARA,JU,JODHPUR JN.,87,225.0,3.75,Short
54833,JP,JAIPUR JN.,HSR,HISAR JN,367,580.0,9.666666666666666,Medium
54834,HSR,HISAR JN,JP,JAIPUR JN.,367,580.0,9.666666666666666,Medium
54835,HSR,HISAR JN,RE,REWARI JN.,142,220.0,3.6666666666666665,Medium
54836,RE,REWARI JN.,HSR,HISAR JN,143,225.0,3.75,Medium
54881,BME,BARMER,MBF,MUNABAO,118,130.0,2.1666666666666665,Medium
54882,MBF,MUNABAO,BME,BARMER,118,135.0,2.25,Medium
55001,GKP,GORAKHPUR JN,AY,AYODHYA,164,335.0,5.583333333333333,Medium
55002,AY,AYODHYA,GKP,GORAKHPUR JN,164,310.0,5.166666666666667,Medium
55007,PPTA,PATLIPUTRA,GKP,GORAKHPUR JN,290,645.0,10.75,Medium
55008,GKP,GORAKHPUR JN,PPTA,PATLIPUTRA,290,567.0,9.45,Medium
55009,CPR,CHHAPRA JN.,BTT,BHATNI JN.,108,170.0,2.8333333333333335,Medium
55010,BTT,BHATNI JN.,CPR,CHHAPRA JN.,109,225.0,3.75,Medium
55011,SV,SIWAN JN.,GKP,GORAKHPUR JN,118,225.0,3.75,Medium
55012,GKP,GORAKHPUR JN,SV,SIWAN JN.,119,230.0,3.8333333333333335,Medium
55013,CPR,CHHAPRA JN.,BCY,VARANASI CIT,200,490.0,8.166666666666666,Medium
55014,BCY,VARANASI CIT,CPR,CHHAPRA JN.,201,490.0,8.166666666666666,Medium
55017,CPR,CHHAPRA JN.,MAU,MAU JN.,132,255.0,4.25,Medium
55018,MAU,MAU JN.,CPR,CHHAPRA JN.,134,281.0,4.683333333333334,Medium
55019,CPR,CHHAPRA JN.,GKP,GORAKHPUR JN,178,345.0,5.75,Medium
55020,GKP,GORAKHPUR JN,CPR,CHHAPRA JN.,179,350.0,5.833333333333333,Medium
55021,SPJ,SAMASTIPUR J,SV,SIWAN JN.,225,440.0,7.333333333333333,Medium
55022,SV,SIWAN JN.,SPJ,SAMASTIPUR J,225,480.0,8.0,Medium
55025,GKP,GORAKHPUR JN,GD,GONDA JN.,152,280.0,4.666666666666667,Medium
55026,GD,GONDA JN.,GKP,GORAKHPUR JN,153,310.0,5.166666666666667,Medium
55027,GKP,GORAKHPUR JN,GD,GONDA JN.,152,330.0,5.5,Medium
55028,GD,GONDA JN.,GKP,GORAKHPUR JN,153,240.0,4.0,Medium
55029,NKE,NARKATIAGANJ,GKP,GORAKHPUR JN,150,290.0,4.833333333333333,Medium
55030,GKP,GORAKHPUR JN,NKE,NARKATIAGANJ,150,330.0,5.5,Medium
55031,JEA,NAKAHA JUNGL,LJN,LUCKNOW JN.,339,815.0,13.583333333333334,Medium
55032,DAL,DALIGANJ JN,JEA,NAKAHA JUNGL,332,710.0,11.833333333333334,Medium
55033,GD,GONDA JN.,SCC,SITAPUR CANT,160,230.0,3.8333333333333335,Medium
55034,SPC,SITAPUR CITY,GD,GONDA JN.,163,310.0,5.166666666666667,Medium
55035,GD,GONDA JN.,SCC,SITAPUR CANT,159,255.0,4.25,Medium
55036,SCC,SITAPUR CANT,GD,GONDA JN.,158,260.0,4.333333333333333,Medium
55037,BUW,BURHWAL JN.,SPC,SITAPUR CITY,103,175.0,2.9166666666666665,Medium
55038,SCC,SITAPUR CANT,BUW,BURHWAL JN.,97,140.0,2.3333333333333335,Short
55041,NKE,NARKATIAGANJ,GKP,GORAKHPUR JN,150,255.0,4.25,Medium
55042,GKP,GORAKHPUR JN,BTH,BETTIAH,189,335.0,5.583333333333333,Medium
55043,GKP,GORAKHPUR JN,NTV,NAUTANWA,81,195.0,3.25,Short
55044,NTV,NAUTANWA,GKP,GORAKHPUR JN,81,200.0,3.3333333333333335,Short
55045,SCC,SITAPUR CANT,SPN,SHAHJAHANPUR,90,235.0,3.9166666666666665,Short
55046,SPN,SHAHJAHANPUR,SCC,SITAPUR CANT,90,195.0,3.25,Short
55049,JEA,NAKAHA JUNGL,DAL,DALIGANJ JN,332,635.0,10.583333333333334,Medium
55050,LJN,LUCKNOW JN.,JEA,NAKAHA JUNGL,340,765.0,12.75,Medium
55051,GKP,GORAKHPUR JN,NTV,NAUTANWA,81,190.0,3.1666666666666665,Short
55052,NTV,NAUTANWA,GKP,GORAKHPUR JN,81,185.0,3.0833333333333335,Short
55055,CPJ,KAPTANGANJ J,GKP,GORAKHPUR JN,39,135.0,2.25,Short
55056,GKP,GORAKHPUR JN,CPJ,KAPTANGANJ J,38,60.0,1.0,Short
55071,NKE,NARKATIAGANJ,GKP,GORAKHPUR JN,150,300.0,5.0,Medium
55072,GKP,GORAKHPUR JN,NKE,NARKATIAGANJ,150,295.0,4.916666666666667,Medium
55073,NKE,NARKATIAGANJ,GKP,GORAKHPUR JN,150,300.0,5.0,Medium
55074,GKP,GORAKHPUR JN,NKE,NARKATIAGANJ,150,270.0,4.5,Medium
55075,SV,SIWAN JN.,GKP,GORAKHPUR JN,166,390.0,6.5,Medium
55076,GKP,GORAKHPUR JN,SV,SIWAN JN.,166,365.0,6.083333333333333,Medium
55077,GKP,GORAKHPUR JN,BNY,BARHNI,112,235.0,3.9166666666666665,Medium
55078,BNY,BARHNI,GKP,GORAKHPUR JN,112,210.0,3.5,Medium
55079,BTH,BETTIAH,GKP,GORAKHPUR JN,189,375.0,6.25,Medium
55080,GKP,GORAKHPUR JN,NKE,NARKATIAGANJ,150,285.0,4.75,Medium
55081,NKE,NARKATIAGANJ,GKP,GORAKHPUR JN,150,370.0,6.166666666666667,Medium
55082,GKP,GORAKHPUR JN,NKE,NARKATIAGANJ,150,290.0,4.833333333333333,Medium
55101,BTT,BHATNI JN.,BHJ,BARHAJ BAZAR,30,70.0,1.1666666666666667,Short
55102,BHJ,BARHAJ BAZAR,BTT,BHATNI JN.,30,95.0,1.5833333333333333,Short
55103,BTT,BHATNI JN.,BHJ,BARHAJ BAZAR,30,80.0,1.3333333333333333,Short
55104,BHJ,BARHAJ BAZAR,BTT,BHATNI JN.,30,75.0,1.25,Short
55105,SRU,SALEMPUR JN.,BHJ,BARHAJ BAZAR,20,55.0,0.9166666666666666,Short
55106,BHJ,BARHAJ BAZAR,SRU,SALEMPUR JN.,20,55.0,0.9166666666666666,Short
55107,SV,SIWAN JN.,THE,THAWE JN.,28,50.0,0.8333333333333334,Short
55108,THE,THAWE JN.,SV,SIWAN JN.,28,50.0,0.8333333333333334,Short
55109,SV,SIWAN JN.,THE,THAWE JN.,28,60.0,1.0,Short
55110,THE,THAWE JN.,SV,SIWAN JN.,28,55.0,0.9166666666666666,Short
55111,SV,SIWAN JN.,THE,THAWE JN.,28,50.0,0.8333333333333334,Short
55112,THE,THAWE JN.,SV,SIWAN JN.,28,50.0,0.8333333333333334,Short
55113,SV,SIWAN JN.,THE,THAWE JN.,28,55.0,0.9166666666666666,Short
55114,THE,THAWE JN.,SV,SIWAN JN.,28,55.0,0.9166666666666666,Short
55115,CPR,CHHAPRA JN.,BTT,BHATNI JN.,108,250.0,4.166666666666667,Medium
55116,BTT,BHATNI JN.,CPR,CHHAPRA JN.,109,195.0,3.25,Medium
55119,GKP,GORAKHPUR JN,BCY,VARANASI CIT,227,500.0,8.333333333333334,Medium
55120,BCY,VARANASI CIT,GKP,GORAKHPUR JN,227,600.0,10.0,Medium
55122,MUV,MANDUADIH,BTT,BHATNI JN.,164,330.0,5.5,Medium
55123,BTT,BHATNI JN.,BCY,VARANASI CIT,156,325.0,5.416666666666667,Medium
55125,MUV,MANDUADIH,ALY,ALLAHABAD CI,118,240.0,4.0,Medium
55126,ALY,ALLAHABAD CI,MUV,MANDUADIH,118,245.0,4.083333333333333,Medium
55127,MUV,MANDUADIH,ALY,ALLAHABAD CI,118,245.0,4.083333333333333,Medium
55128,ALY,ALLAHABAD CI,MUV,MANDUADIH,118,240.0,4.0,Medium
55129,MUV,MANDUADIH,ALY,ALLAHABAD CI,118,200.0,3.3333333333333335,Medium
55130,ALY,ALLAHABAD CI,MUV,MANDUADIH,118,250.0,4.166666666666667,Medium
55131,CPR,CHHAPRA JN.,BCY,VARANASI CIT,200,480.0,8.0,Medium
55132,BCY,VARANASI CIT,CPR,CHHAPRA JN.,201,445.0,7.416666666666667,Medium
55133,BUI,BALLIA,BCY,VARANASI CIT,136,220.0,3.6666666666666665,Medium
55134,BCY,VARANASI CIT,BUI,BALLIA,136,275.0,4.583333333333333,Medium
55135,AMH,AZAMGARH,BCY,VARANASI CIT,131,295.0,4.916666666666667,Medium
55136,BCY,VARANASI CIT,AMH,AZAMGARH,131,280.0,4.666666666666667,Medium
55137,BUI,BALLIA,SHG,SHAHGANJ JN.,167,350.0,5.833333333333333,Medium
55138,SHG,SHAHGANJ JN.,BUI,BALLIA,168,285.0,4.75,Medium
55139,BUI,BALLIA,SHG,SHAHGANJ JN.,167,305.0,5.083333333333333,Medium
55140,SHG,SHAHGANJ JN.,BUI,BALLIA,168,430.0,7.166666666666667,Medium
55141,GKP,GORAKHPUR JN,NTV,NAUTANWA,81,190.0,3.1666666666666665,Short
55142,NTV,NAUTANWA,GKP,GORAKHPUR JN,81,165.0,2.75,Short
55143,ARJ,AUNRIHAR JN.,JNU,JAUNPUR JN.,56,105.0,1.75,Short
55144,JNU,JAUNPUR JN.,ARJ,AUNRIHAR JN.,58,90.0,1.5,Short
55145,SRU,SALEMPUR JN.,BHJ,BARHAJ BAZAR,20,50.0,0.8333333333333334,Short
55146,BHJ,BARHAJ BAZAR,SRU,SALEMPUR JN.,20,55.0,0.9166666666666666,Short
55149,GKP,GORAKHPUR JN,BCY,VARANASI CIT,227,425.0,7.083333333333333,Medium
55150,BCY,VARANASI CIT,GKP,GORAKHPUR JN,227,450.0,7.5,Medium
55159,ARJ,AUNRIHAR JN.,JNU,JAUNPUR JN.,56,105.0,1.75,Short
55160,JNU,JAUNPUR JN.,ARJ,AUNRIHAR JN.,58,90.0,1.5,Short
55163,SHG,SHAHGANJ JN.,ARJ,AUNRIHAR JN.,157,355.0,5.916666666666667,Medium
55164,ARJ,AUNRIHAR JN.,SHG,SHAHGANJ JN.,157,355.0,5.916666666666667,Medium
55165,CPR,CHHAPRA JN.,DDA,DURAUNDHA JN,43,70.0,1.1666666666666667,Short
55166,DDA,DURAUNDHA JN,CPR,CHHAPRA JN.,43,100.0,1.6666666666666667,Short
55167,DDA,DURAUNDHA JN,SV,SIWAN JN.,17,25.0,0.4166666666666667,Short
55168,SV,SIWAN JN.,DDA,DURAUNDHA JN,17,25.0,0.4166666666666667,Short
55169,DDA,DURAUNDHA JN,SV,SIWAN JN.,17,30.0,0.5,Short
55170,SV,SIWAN JN.,DDA,DURAUNDHA JN,17,20.0,0.3333333333333333,Short
55171,DDA,DURAUNDHA JN,MGZ,MAHARAJGANJ,6,25.0,0.4166666666666667,Short
55172,MGZ,MAHARAJGANJ,DDA,DURAUNDHA JN,6,25.0,0.4166666666666667,Short
55173,DDA,DURAUNDHA JN,MGZ,MAHARAJGANJ,6,25.0,0.4166666666666667,Short
55174,MGZ,MAHARAJGANJ,DDA,DURAUNDHA JN,6,25.0,0.4166666666666667,Short
55175,DDA,DURAUNDHA JN,MGZ,MAHARAJGANJ,6,25.0,0.4166666666666667,Short
55176,MGZ,MAHARAJGANJ,DDA,DURAUNDHA JN,6,25.0,0.4166666666666667,Short
55177,DDA,DURAUNDHA JN,MGZ,MAHARAJGANJ,6,25.0,0.4166666666666667,Short
55178,MGZ,MAHARAJGANJ,DDA,DURAUNDHA JN,6,25.0,0.4166666666666667,Short
55179,DDA,DURAUNDHA JN,MGZ,MAHARAJGANJ,6,20.0,0.3333333333333333,Short
55180,MGZ,MAHARAJGANJ,DDA,DURAUNDHA JN,6,25.0,0.4166666666666667,Short
55181,THE,THAWE JN.,CI,CHHAPRA KACH,106,215.0,3.5833333333333335,Medium
55182,CI,CHHAPRA KACH,THE,THAWE JN.,106,215.0,3.5833333333333335,Medium
55183,THE,THAWE JN.,CI,CHHAPRA KACH,106,220.0,3.6666666666666665,Medium
55184,CI,CHHAPRA KACH,THE,THAWE JN.,106,220.0,3.6666666666666665,Medium
55207,MFP,MUZAFFARPUR,NKE,NARKATIAGANJ,159,257.0,4.283333333333333,Medium
55208,NKE,NARKATIAGANJ,MFP,MUZAFFARPUR,159,305.0,5.083333333333333,Medium
55209,MFP,MUZAFFARPUR,NKE,NARKATIAGANJ,159,360.0,6.0,Medium
55211,MFP,MUZAFFARPUR,RXL,RAXAUL JN.,129,280.0,4.666666666666667,Medium
55212,RXL,RAXAUL JN.,MFP,MUZAFFARPUR,129,285.0,4.75,Medium
55213,MFP,MUZAFFARPUR,NKE,NARKATIAGANJ,159,370.0,6.166666666666667,Medium
55214,NKE,NARKATIAGANJ,MFP,MUZAFFARPUR,159,315.0,5.25,Medium
55215,MFP,MUZAFFARPUR,PPTA,PATLIPUTRA,74,155.0,2.5833333333333335,Short
55216,PPTA,PATLIPUTRA,MFP,MUZAFFARPUR,74,190.0,3.1666666666666665,Short
55217,MFP,MUZAFFARPUR,PPTA,PATLIPUTRA,74,160.0,2.6666666666666665,Short
55218,PPTA,PATLIPUTRA,MFP,MUZAFFARPUR,74,190.0,3.1666666666666665,Short
55220,NKE,NARKATIAGANJ,MFP,MUZAFFARPUR,159,365.0,6.083333333333333,Medium
55221,KIR,KATIHAR JN.,BJU,BARAUNI JN.,179,280.0,4.666666666666667,Medium
55222,BJU,BARAUNI JN.,KIR,KATIHAR JN.,179,345.0,5.75,Medium
55223,KIR,KATIHAR JN.,DBG,DARBHANGA JN,267,582.0,9.7,Medium
55224,DBG,DARBHANGA JN,KIR,KATIHAR JN.,267,627.0,10.45,Medium
55225,MFP,MUZAFFARPUR,RXL,RAXAUL JN.,129,255.0,4.25,Medium
55226,RXL,RAXAUL JN.,MFP,MUZAFFARPUR,129,290.0,4.833333333333333,Medium
55227,SPJ,SAMASTIPUR J,MFP,MUZAFFARPUR,51,78.0,1.3,Short
55228,MFP,MUZAFFARPUR,SPJ,SAMASTIPUR J,51,100.0,1.6666666666666667,Short
55229,BJU,BARAUNI JN.,PPTA,PATLIPUTRA,108,235.0,3.9166666666666665,Medium
55230,PPTA,PATLIPUTRA,BJU,BARAUNI JN.,108,270.0,4.5,Medium
55231,PPTA,PATLIPUTRA,PNBE,PATNA JN.,12,90.0,1.5,Short
55232,PNBE,PATNA JN.,PPTA,PATLIPUTRA,12,60.0,1.0,Short
55237,BJU,BARAUNI JN.,SPJ,SAMASTIPUR J,50,110.0,1.8333333333333333,Short
55238,SPJ,SAMASTIPUR J,BJU,BARAUNI JN.,50,90.0,1.5,Short
55239,SPJ,SAMASTIPUR J,MFP,MUZAFFARPUR,51,130.0,2.1666666666666665,Short
55240,MFP,MUZAFFARPUR,SPJ,SAMASTIPUR J,51,120.0,2.0,Short
55301,MB,MORADABAD JN,KGM,KATHGODAM,116,245.0,4.083333333333333,Medium
55302,KGM,KATHGODAM,MB,MORADABAD JN,116,315.0,5.25,Medium
55303,MB,MORADABAD JN,KGM,KATHGODAM,125,335.0,5.583333333333333,Medium
55304,KGM,KATHGODAM,MB,MORADABAD JN,125,340.0,5.666666666666667,Medium
55305,MB,MORADABAD JN,RMR,RAMNAGAR,76,120.0,2.0,Short
55306,RMR,RAMNAGAR,MB,MORADABAD JN,85,150.0,2.5,Short
55307,MB,MORADABAD JN,RMR,RAMNAGAR,76,135.0,2.25,Short
55308,RMR,RAMNAGAR,MB,MORADABAD JN,85,140.0,2.3333333333333335,Short
55309,MB,MORADABAD JN,RMR,RAMNAGAR,85,150.0,2.5,Short
55310,RMR,RAMNAGAR,MB,MORADABAD JN,76,130.0,2.1666666666666665,Short
55311,MB,MORADABAD JN,KPV,KASHIPUR JN,58,95.0,1.5833333333333333,Short
55312,KPV,KASHIPUR JN,MB,MORADABAD JN,58,100.0,1.6666666666666667,Short
55313,KPV,KASHIPUR JN,RMR,RAMNAGAR,27,35.0,0.5833333333333334,Short
55314,RMR,RAMNAGAR,KPV,KASHIPUR JN,27,35.0,0.5833333333333334,Short
55315,LKU,LALKUA JN.,KPV,KASHIPUR JN,54,80.0,1.3333333333333333,Short
55316,KPV,KASHIPUR JN,LKU,LALKUA JN.,54,80.0,1.3333333333333333,Short
55317,LKU,LALKUA JN.,KPV,KASHIPUR JN,54,80.0,1.3333333333333333,Short
55318,KPV,KASHIPUR JN,LKU,LALKUA JN.,54,75.0,1.25,Short
55319,LKU,LALKUA JN.,KPV,KASHIPUR JN,54,75.0,1.25,Short
55320,KPV,KASHIPUR JN,LKU,LALKUA JN.,54,90.0,1.5,Short
55321,MB,MORADABAD JN,RMR,RAMNAGAR,85,135.0,2.25,Short
55322,RMR,RAMNAGAR,MB,MORADABAD JN,76,145.0,2.4166666666666665,Short
55323,MB,MORADABAD JN,RMR,RAMNAGAR,76,135.0,2.25,Short
55324,RMR,RAMNAGAR,MB,MORADABAD JN,76,120.0,2.0,Short
55325,LJN,LUCKNOW JN.,KSJ,KASGANJ JN.,319,615.0,10.25,Medium
55326,KSJ,KASGANJ JN.,LJN,LUCKNOW JN.,320,595.0,9.916666666666666,Medium
55327,CNB,KANPUR CENTR,FBD,FARRUKHABAD,138,235.0,3.9166666666666665,Medium
55328,FBD,FARRUKHABAD,CNB,KANPUR CENTR,139,245.0,4.083333333333333,Medium
55329,SKB,SHIKOHABAD J,KSJ,KASGANJ JN.,213,455.0,7.583333333333333,Medium
55330,KSJ,KASGANJ JN.,SKB,SHIKOHABAD J,214,350.0,5.833333333333333,Medium
55331,FBD,FARRUKHABAD,KSJ,KASGANJ JN.,107,155.0,2.5833333333333335,Medium
55332,KSJ,KASGANJ JN.,FBD,FARRUKHABAD,107,170.0,2.8333333333333335,Medium
55333,KSJ,KASGANJ JN.,AF,AGRA  FORT,166,285.0,4.75,Medium
55334,AF,AGRA  FORT,KSJ,KASGANJ JN.,166,305.0,5.083333333333333,Medium
55335,BC,BAREILLY CIT,LKU,LALKUA JN.,81,135.0,2.25,Short
55336,LKU,LALKUA JN.,BC,BAREILLY CIT,81,135.0,2.25,Short
55337,KSJ,KASGANJ JN.,AH,ACHHNERA JN.,139,240.0,4.0,Medium
55338,AH,ACHHNERA JN.,KSJ,KASGANJ JN.,139,240.0,4.0,Medium
55339,KSJ,KASGANJ JN.,MTJ,MATHURA JN.,105,155.0,2.5833333333333335,Medium
55340,MTJ,MATHURA JN.,KSJ,KASGANJ JN.,105,145.0,2.4166666666666665,Medium
55341,KSJ,KASGANJ JN.,BTE,BHARATPUR JN,167,325.0,5.416666666666667,Medium
55342,BTE,BHARATPUR JN,KSJ,KASGANJ JN.,167,335.0,5.583333333333333,Medium
55343,KSJ,KASGANJ JN.,BC,BAREILLY CIT,141,210.0,3.5,Medium
55344,BC,BAREILLY CIT,KSJ,KASGANJ JN.,141,210.0,3.5,Medium
55345,KSJ,KASGANJ JN.,BC,BAREILLY CIT,141,210.0,3.5,Medium
55346,BC,BAREILLY CIT,KSJ,KASGANJ JN.,141,220.0,3.6666666666666665,Medium
55347,BC,BAREILLY CIT,LKU,LALKUA JN.,81,150.0,2.5,Short
55348,LKU,LALKUA JN.,BC,BAREILLY CIT,81,135.0,2.25,Short
55349,BC,BAREILLY CIT,LKU,LALKUA JN.,81,150.0,2.5,Short
55350,LKU,LALKUA JN.,BC,BAREILLY CIT,81,145.0,2.4166666666666665,Short
55351,BC,BAREILLY CIT,LKU,LALKUA JN.,81,145.0,2.4166666666666665,Short
55352,LKU,LALKUA JN.,BC,BAREILLY CIT,81,150.0,2.5,Short
55353,KSJ,KASGANJ JN.,MTJ,MATHURA JN.,105,135.0,2.25,Medium
55354,MTJ,MATHURA JN.,KSJ,KASGANJ JN.,105,150.0,2.5,Medium
55355,KSJ,KASGANJ JN.,BC,BAREILLY CIT,141,215.0,3.5833333333333335,Medium
55356,BC,BAREILLY CIT,KSJ,KASGANJ JN.,141,200.0,3.3333333333333335,Medium
55357,KSJ,KASGANJ JN.,BC,BAREILLY CIT,141,200.0,3.3333333333333335,Medium
55358,BC,BAREILLY CIT,KSJ,KASGANJ JN.,141,225.0,3.75,Medium
55359,KSJ,KASGANJ JN.,BC,BAREILLY CIT,119,165.0,2.75,Medium
55360,BC,BAREILLY CIT,KSJ,KASGANJ JN.,119,180.0,3.0,Medium
55361,BC,BAREILLY CIT,PBE,PILIBHIT JN.,55,120.0,2.0,Short
55362,PBE,PILIBHIT JN.,BC,BAREILLY CIT,55,115.0,1.9166666666666667,Short
55363,BC,BAREILLY CIT,PBE,PILIBHIT JN.,55,120.0,2.0,Short
55364,PBE,PILIBHIT JN.,BC,BAREILLY CIT,55,115.0,1.9166666666666667,Short
55365,BC,BAREILLY CIT,PBE,PILIBHIT JN.,55,120.0,2.0,Short
55366,PBE,PILIBHIT JN.,BC,BAREILLY CIT,55,115.0,1.9166666666666667,Short
55367,BC,BAREILLY CIT,PBE,PILIBHIT JN.,55,120.0,2.0,Short
55368,PBE,PILIBHIT JN.,BC,BAREILLY CIT,55,120.0,2.0,Short
55369,BC,BAREILLY CIT,PBE,PILIBHIT JN.,55,100.0,1.6666666666666667,Short
55370,PBE,PILIBHIT JN.,BC,BAREILLY CIT,55,110.0,1.8333333333333333,Short
55371,PBE,PILIBHIT JN.,MJZ,MAJHOLA PAKA,25,45.0,0.75,Short
55372,MJZ,MAJHOLA PAKA,PBE,PILIBHIT JN.,25,45.0,0.75,Short
55373,PBE,PILIBHIT JN.,MJZ,MAJHOLA PAKA,25,45.0,0.75,Short
55374,MJZ,MAJHOLA PAKA,PBE,PILIBHIT JN.,25,45.0,0.75,Short
55375,PBE,PILIBHIT JN.,MJZ,MAJHOLA PAKA,25,45.0,0.75,Short
55376,MJZ,MAJHOLA PAKA,PBE,PILIBHIT JN.,25,45.0,0.75,Short
55421,MLDT,MALDA TOWN,BLGT,BALURGHAT,106,175.0,2.9166666666666665,Medium
55422,BLGT,BALURGHAT,MLDT,MALDA TOWN,106,185.0,3.0833333333333335,Medium
55465,APDJ,ALIPUR DUAR,BXT,BAMANHAT,72,155.0,2.5833333333333335,Short
55466,BXT,BAMANHAT,APDJ,ALIPUR DUAR,72,165.0,2.75,Short
55467,SGUJ,SILIGURI JN.,BXT,BAMANHAT,233,495.0,8.25,Medium
55468,BXT,BAMANHAT,SGUJ,SILIGURI JN.,233,530.0,8.833333333333334,Medium
55513,SPJ,SAMASTIPUR J,JYG,JAYNAGAR,105,240.0,4.0,Medium
55514,JYG,JAYNAGAR,SPJ,SAMASTIPUR J,105,240.0,4.0,Medium
55517,DBG,DARBHANGA JN,JYG,JAYNAGAR,68,210.0,3.5,Short
55518,JYG,JAYNAGAR,DBG,DARBHANGA JN,68,180.0,3.0,Short
55519,SPJ,SAMASTIPUR J,JYG,JAYNAGAR,105,235.0,3.9166666666666665,Medium
55520,JYG,JAYNAGAR,SPJ,SAMASTIPUR J,105,225.0,3.75,Medium
55525,BJU,BARAUNI JN.,SPJ,SAMASTIPUR J,50,100.0,1.6666666666666667,Short
55526,SPJ,SAMASTIPUR J,BJU,BARAUNI JN.,50,120.0,2.0,Short
55527,JYG,JAYNAGAR,PNBE,PATNA JN.,266,660.0,11.0,Medium
55528,PNBE,PATNA JN.,JYG,JAYNAGAR,266,620.0,10.333333333333334,Medium
55533,SHC,SAHARSA JN.,SPJ,SAMASTIPUR J,138,285.0,4.75,Medium
55534,SPJ,SAMASTIPUR J,SHC,SAHARSA JN.,139,285.0,4.75,Medium
55537,KIR,KATIHAR JN.,SPJ,SAMASTIPUR J,230,450.0,7.5,Medium
55538,SPJ,SAMASTIPUR J,KIR,KATIHAR JN.,230,450.0,7.5,Medium
55539,KIR,KATIHAR JN.,HJP,HAJIPUR JN.,267,685.0,11.416666666666666,Medium
55540,HJP,HAJIPUR JN.,KIR,KATIHAR JN.,267,595.0,9.916666666666666,Medium
55541,HJP,HAJIPUR JN.,BHBR,BATHUA BAZAR,159,385.0,6.416666666666667,Medium
55542,BHBR,BATHUA BAZAR,HJP,HAJIPUR JN.,159,458.0,7.633333333333334,Medium
55549,BJU,BARAUNI JN.,HJP,HAJIPUR JN.,87,300.0,5.0,Short
55550,HJP,HAJIPUR JN.,BJU,BARAUNI JN.,87,185.0,3.0833333333333335,Short
55553,SHC,SAHARSA JN.,SPJ,SAMASTIPUR J,138,320.0,5.333333333333333,Medium
55554,SPJ,SAMASTIPUR J,SHC,SAHARSA JN.,139,265.0,4.416666666666667,Medium
55555,SHC,SAHARSA JN.,SPJ,SAMASTIPUR J,139,245.0,4.083333333333333,Medium
55556,SPJ,SAMASTIPUR J,SHC,SAHARSA JN.,139,345.0,5.75,Medium
55559,SHC,SAHARSA JN.,SPJ,SAMASTIPUR J,139,330.0,5.5,Medium
55560,SPJ,SAMASTIPUR J,SHC,SAHARSA JN.,139,280.0,4.666666666666667,Medium
55563,PRNA,PURNEA JN.,SHC,SAHARSA JN.,100,225.0,3.75,Short
55564,SHC,SAHARSA JN.,PRNA,PURNEA JN.,100,210.0,3.5,Short
55565,SHC,SAHARSA JN.,SPJ,SAMASTIPUR J,139,285.0,4.75,Medium
55566,SPJ,SAMASTIPUR J,SHC,SAHARSA JN.,139,305.0,5.083333333333333,Medium
55567,SHC,SAHARSA JN.,SPJ,SAMASTIPUR J,139,335.0,5.583333333333333,Medium
55568,SPJ,SAMASTIPUR J,SHC,SAHARSA JN.,139,330.0,5.5,Medium
55569,DMH,DAURAM MADHE,SHC,SAHARSA JN.,21,45.0,0.75,Short
55570,SHC,SAHARSA JN.,DMH,DAURAM MADHE,21,40.0,0.6666666666666666,Short
55571,PRNA,PURNEA JN.,SHC,SAHARSA JN.,100,235.0,3.9166666666666665,Short
55572,SHC,SAHARSA JN.,PRNA,PURNEA JN.,100,225.0,3.75,Short
55575,DBG,DARBHANGA JN,BIRL,BIRAUL,54,150.0,2.5,Short
55576,BIRL,BIRAUL,DBG,DARBHANGA JN,54,180.0,3.0,Short
55577,DBG,DARBHANGA JN,BIRL,BIRAUL,54,140.0,2.3333333333333335,Short
55578,BIRL,BIRAUL,DBG,DARBHANGA JN,54,165.0,2.75,Short
55583,PRNA,PURNEA JN.,SHC,SAHARSA JN.,100,200.0,3.3333333333333335,Short
55584,SHC,SAHARSA JN.,PRNA,PURNEA JN.,100,195.0,3.25,Short
55601,GHY,GUWAHATI,LMG,LUMDING JN.,181,355.0,5.916666666666667,Medium
55602,LMG,LUMDING JN.,GHY,GUWAHATI,180,405.0,6.75,Medium
55603,GHY,GUWAHATI,MBO,MAIRABARI,160,300.0,5.0,Medium
55604,MBO,MAIRABARI,GHY,GUWAHATI,160,300.0,5.0,Medium
55615,GHY,GUWAHATI,SCL,SILCHAR,380,845.0,14.083333333333334,Medium
55616,SCL,SILCHAR,GHY,GUWAHATI,379,795.0,13.25,Medium
55661,MSSN,MAISHASHAN,SCL,SILCHAR,60,170.0,2.8333333333333335,Short
55662,SCL,SILCHAR,MSSN,MAISHASHAN,60,145.0,2.4166666666666665,Short
55663,AGTL,AGARTALA,SCL,SILCHAR,256,555.0,9.25,Medium
55664,SCL,SILCHAR,AGTL,AGARTALA,255,510.0,8.5,Medium
55665,SCL,SILCHAR,VNGP,VANGAICHUNGP,67,150.0,2.5,Short
55666,JRBM,JIRIBAM,SCL,SILCHAR,56,140.0,2.3333333333333335,Short
55667,SCL,SILCHAR,BHRB,BHAIRABI,103,245.0,4.083333333333333,Medium
55668,BHRB,BHAIRABI,SCL,SILCHAR,103,230.0,3.8333333333333335,Medium
55675,AGTL,AGARTALA,DMR,DHARMANAGAR,140,240.0,4.0,Medium
55676,DMR,DHARMANAGAR,AGTL,AGARTALA,140,240.0,4.0,Medium
55677,SCL,SILCHAR,DMR,DHARMANAGAR,115,315.0,5.25,Medium
55678,DMR,DHARMANAGAR,SCL,SILCHAR,115,290.0,4.833333333333333,Medium
55679,AGTL,AGARTALA,DMR,DHARMANAGAR,140,225.0,3.75,Medium
55680,DMR,DHARMANAGAR,AGTL,AGARTALA,140,255.0,4.25,Medium
55681,UDPU,UDAIPUR,AGTL,AGARTALA,42,75.0,1.25,Short
55682,AGTL,AGARTALA,UDPU,UDAIPUR,42,70.0,1.1666666666666667,Short
55683,UDPU,UDAIPUR,AGTL,AGARTALA,42,75.0,1.25,Short
55684,AGTL,AGARTALA,UDPU,UDAIPUR,42,65.0,1.0833333333333333,Short
55685,MSSN,MAISHASHAN,SCL,SILCHAR,60,175.0,2.9166666666666665,Short
55686,SCL,SILCHAR,MSSN,MAISHASHAN,60,160.0,2.6666666666666665,Short
55687,DLCR,DULLABCHERRA,SCL,SILCHAR,101,280.0,4.666666666666667,Medium
55688,SCL,SILCHAR,DLCR,DULLABCHERRA,101,225.0,3.75,Medium
55689,DLCR,DULLABCHERRA,BPB,BADARPUR JN.,71,225.0,3.75,Short
55690,BPB,BADARPUR JN.,DLCR,DULLABCHERRA,71,180.0,3.0,Short
55701,MLDT,MALDA TOWN,KIR,KATIHAR JN.,90,225.0,3.75,Short
55702,KIR,KATIHAR JN.,MLDT,MALDA TOWN,90,180.0,3.0,Short
55703,MLFC,MALDA COURT,KIR,KATIHAR JN.,90,194.0,3.2333333333333334,Short
55704,KIR,KATIHAR JN.,MLFC,MALDA COURT,90,200.0,3.3333333333333335,Short
55707,RDP,RADHIKAPUR,KIR,KATIHAR JN.,109,225.0,3.75,Medium
55708,KIR,KATIHAR JN.,RDP,RADHIKAPUR,109,225.0,3.75,Medium
55709,SQB,SINGHABAD,OMLF,OLD MALDA,24,70.0,1.1666666666666667,Short
55710,OMLF,OLD MALDA,SQB,SINGHABAD,24,65.0,1.0833333333333333,Short
55711,MLDT,MALDA TOWN,NJP,NEW JALPAIGU,232,450.0,7.5,Medium
55712,NJP,NEW JALPAIGU,MLDT,MALDA TOWN,232,480.0,8.0,Medium
55713,NJP,NEW JALPAIGU,RNY,RANGIYA JN.,363,900.0,15.0,Medium
55714,RNY,RANGIYA JN.,NJP,NEW JALPAIGU,363,745.0,12.416666666666666,Medium
55719,DKGN,DEKARGAON,BHNG,BHALUKPONG,49,130.0,2.1666666666666665,Short
55720,BHNG,BHALUKPONG,DKGN,DEKARGAON,49,130.0,2.1666666666666665,Short
55721,RNY,RANGIYA JN.,DKGN,DEKARGAON,95,270.0,4.5,Short
55722,DKGN,DEKARGAON,RNY,RANGIYA JN.,94,270.0,4.5,Short
55725,NJP,NEW JALPAIGU,APDJ,ALIPUR DUAR,168,335.0,5.583333333333333,Medium
55726,APDJ,ALIPUR DUAR,NJP,NEW JALPAIGU,168,305.0,5.083333333333333,Medium
55727,KIR,KATIHAR JN.,RDP,RADHIKAPUR,93,180.0,3.0,Short
55728,RDP,RADHIKAPUR,KIR,KATIHAR JN.,94,175.0,2.9166666666666665,Short
55729,KIR,KATIHAR JN.,RDP,RADHIKAPUR,93,180.0,3.0,Short
55730,RDP,RADHIKAPUR,KIR,KATIHAR JN.,94,200.0,3.3333333333333335,Short
55733,KIR,KATIHAR JN.,JBN,JOGBANI,108,170.0,2.8333333333333335,Medium
55734,JBN,JOGBANI,KIR,KATIHAR JN.,108,185.0,3.0833333333333335,Medium
55735,KIR,KATIHAR JN.,JBN,JOGBANI,107,175.0,2.9166666666666665,Medium
55736,JBN,JOGBANI,KIR,KATIHAR JN.,108,180.0,3.0,Medium
55740,JBN,JOGBANI,KIR,KATIHAR JN.,108,180.0,3.0,Medium
55741,KIR,KATIHAR JN.,JBN,JOGBANI,108,165.0,2.75,Medium
55742,JBN,JOGBANI,KIR,KATIHAR JN.,108,180.0,3.0,Medium
55743,KIR,KATIHAR JN.,JBN,JOGBANI,107,180.0,3.0,Medium
55744,JBN,JOGBANI,KIR,KATIHAR JN.,108,175.0,2.9166666666666665,Medium
55749,NJP,NEW JALPAIGU,HDB,HALDIBARI,56,105.0,1.75,Short
55750,HDB,HALDIBARI,NJP,NEW JALPAIGU,56,110.0,1.8333333333333333,Short
55751,NJP,NEW JALPAIGU,HDB,HALDIBARI,56,100.0,1.6666666666666667,Short
55752,HDB,HALDIBARI,NJP,NEW JALPAIGU,56,95.0,1.5833333333333333,Short
55753,APDJ,ALIPUR DUAR,GHY,GUWAHATI,268,520.0,8.666666666666666,Medium
55754,GHY,GUWAHATI,APDJ,ALIPUR DUAR,268,470.0,7.833333333333333,Medium
55755,KIR,KATIHAR JN.,JBN,JOGBANI,107,185.0,3.0833333333333335,Medium
55756,JBN,JOGBANI,KIR,KATIHAR JN.,108,185.0,3.0833333333333335,Medium
55763,KIR,KATIHAR JN.,JBN,JOGBANI,107,180.0,3.0,Medium
55764,JBN,JOGBANI,KIR,KATIHAR JN.,108,180.0,3.0,Medium
55769,MLFC,MALDA COURT,KIR,KATIHAR JN.,90,225.0,3.75,Short
55770,KIR,KATIHAR JN.,MLFC,MALDA COURT,90,200.0,3.3333333333333335,Short
55771,MLFC,MALDA COURT,BNDP,BUNIYADPUR,61,105.0,1.75,Short
55772,BNDP,BUNIYADPUR,MLFC,MALDA COURT,60,105.0,1.75,Short
55801,NBQ,NEW BONGAIGA,GHY,GUWAHATI,156,265.0,4.416666666666667,Medium
55802,GHY,GUWAHATI,NBQ,NEW BONGAIGA,156,270.0,4.5,Medium
55803,NBQ,NEW BONGAIGA,GHY,GUWAHATI,208,275.0,4.583333333333333,Medium
55804,GHY,GUWAHATI,NBQ,NEW BONGAIGA,208,280.0,4.666666666666667,Medium
55809,NBQ,NEW BONGAIGA,GHY,GUWAHATI,156,280.0,4.666666666666667,Medium
55810,GHY,GUWAHATI,NBQ,NEW BONGAIGA,156,305.0,5.083333333333333,Medium
55811,DBB,DHUBRI,KYQ,KAMAKHYA JN,309,490.0,8.166666666666666,Medium
55812,KYQ,KAMAKHYA JN,DBB,DHUBRI,309,500.0,8.333333333333334,Medium
55813,DKGN,DEKARGAON,MZS,MURKEONG SEL,343,580.0,9.666666666666666,Medium
55814,MZS,MURKEONG SEL,DKGN,DEKARGAON,343,580.0,9.666666666666666,Medium
55817,NBQ,NEW BONGAIGA,GHY,GUWAHATI,156,345.0,5.75,Medium
55818,GHY,GUWAHATI,NBQ,NEW BONGAIGA,156,295.0,4.916666666666667,Medium
55819,MNDP,MENDIPATHAR,GHY,GUWAHATI,126,280.0,4.666666666666667,Medium
55820,GHY,GUWAHATI,MNDP,MENDIPATHAR,126,230.0,3.8333333333333335,Medium
55823,RPAN,RANGAPARA NO,DKGN,DEKARGAON,6,40.0,0.6666666666666666,Short
55824,DKGN,DEKARGAON,RPAN,RANGAPARA NO,6,40.0,0.6666666666666666,Short
55861,RNY,RANGIYA JN.,DKGN,DEKARGAON,95,250.0,4.166666666666667,Short
55862,DKGN,DEKARGAON,RNY,RANGIYA JN.,94,270.0,4.5,Short
55893,RNY,RANGIYA JN.,RPAN,RANGAPARA NO,89,185.0,3.0833333333333335,Short
55894,RPAN,RANGAPARA NO,RNY,RANGIYA JN.,88,165.0,2.75,Short
55895,RNY,RANGIYA JN.,MZS,MURKEONG SEL,426,725.0,12.083333333333334,Medium
55896,MZS,MURKEONG SEL,RNY,RANGIYA JN.,425,705.0,11.75,Medium
55901,LMG,LUMDING JN.,TSK,TINSUKIA JN.,336,810.0,13.5,Medium
55902,TSK,TINSUKIA JN.,LMG,LUMDING JN.,335,820.0,13.666666666666666,Medium
55903,DMV,DIMAPUR,MXN,MARIANI JN.,155,360.0,6.0,Medium
55904,MXN,MARIANI JN.,DMV,DIMAPUR,155,360.0,6.0,Medium
55909,SLGR,SIMALUGURI J,DBRT,DIBRUGARH TO,102,160.0,2.6666666666666665,Medium
55910,DBRT,DIBRUGARH TO,SLGR,SIMALUGURI J,102,160.0,2.6666666666666665,Medium
55913,JTTN,JORHAT TOWN,TSK,TINSUKIA JN.,176,385.0,6.416666666666667,Medium
55914,TSK,TINSUKIA JN.,JTTN,JORHAT TOWN,176,365.0,6.083333333333333,Medium
56001,MAS,CHENNAI CENT,AJJ,ARAKKONAM JN,68,90.0,1.5,Short
56002,AJJ,ARAKKONAM JN,MAS,CHENNAI CENT,68,95.0,1.5833333333333333,Short
56003,AJJ,ARAKKONAM JN,CGL,CHENGALPATTU,62,85.0,1.4166666666666667,Short
56004,CGL,CHENGALPATTU,AJJ,ARAKKONAM JN,62,95.0,1.5833333333333333,Short
56005,AJJ,ARAKKONAM JN,CGL,CHENGALPATTU,62,100.0,1.6666666666666667,Short
56006,CGL,CHENGALPATTU,AJJ,ARAKKONAM JN,62,95.0,1.5833333333333333,Short
56007,AJJ,ARAKKONAM JN,KPD,KATPADI JN,60,105.0,1.75,Short
56008,KPD,KATPADI JN,AJJ,ARAKKONAM JN,60,110.0,1.8333333333333333,Short
56009,AJJ,ARAKKONAM JN,VLR,VELLORE CANT,70,115.0,1.9166666666666667,Short
56010,VLR,VELLORE CANT,AJJ,ARAKKONAM JN,70,130.0,2.1666666666666665,Short
56011,AJJ,ARAKKONAM JN,HX,CUDDAPAH,193,335.0,5.583333333333333,Medium
56012,HX,CUDDAPAH,AJJ,ARAKKONAM JN,193,370.0,6.166666666666667,Medium
56013,AJJ,ARAKKONAM JN,VLR,VELLORE CANT,70,140.0,2.3333333333333335,Short
56014,VLR,VELLORE CANT,AJJ,ARAKKONAM JN,70,135.0,2.25,Short
56033,MV,MAYILADUTURA,MQ,MANNARGUDI,76,135.0,2.25,Short
56034,MQ,MANNARGUDI,MV,MAYILADUTURA,76,150.0,2.5,Short
56035,TCN,TIRUCHENDUR,TEN,TIRUNELVELI,61,105.0,1.75,Short
56036,TEN,TIRUNELVELI,TCN,TIRUCHENDUR,61,100.0,1.6666666666666667,Short
56037,MS,CHENNAI EGMO,PDY,PONDICHERRY,196,260.0,4.333333333333333,Medium
56038,PDY,PONDICHERRY,MS,CHENNAI EGMO,196,275.0,4.583333333333333,Medium
56041,TPTY,TIRUPATI,PDY,PONDICHERRY,279,585.0,9.75,Medium
56042,PDY,PONDICHERRY,TPTY,TIRUPATI,284,565.0,9.416666666666666,Medium
56043,GUV,GURUVAYUR,TCR,TRICHUR,22,30.0,0.5,Short
56044,TCR,TRICHUR,GUV,GURUVAYUR,22,35.0,0.5833333333333334,Short
56100,ED,ERODE JN.,MTDM,METTUR DAM,99,205.0,3.4166666666666665,Short
56101,MTDM,METTUR DAM,ED,ERODE JN.,99,185.0,3.0833333333333335,Short
56102,SA,SALEM JN.,MTDM,METTUR DAM,40,65.0,1.0833333333333333,Short
56103,MTDM,METTUR DAM,SA,SALEM JN.,40,65.0,1.0833333333333333,Short
56105,SA,SALEM JN.,KRR,KARUR JN.,84,130.0,2.1666666666666665,Short
56106,KRR,KARUR JN.,SA,SALEM JN.,85,130.0,2.1666666666666665,Short
56107,SA,SALEM JN.,KRR,KARUR JN.,85,120.0,2.0,Short
56108,KRR,KARUR JN.,SA,SALEM JN.,85,120.0,2.0,Short
56109,TPJ,TIRUCHIRAPPA,ED,ERODE JN.,141,230.0,3.8333333333333335,Medium
56110,ED,ERODE JN.,TPJ,TIRUCHIRAPPA,141,240.0,4.0,Medium
56111,JTJ,JOLARPETTAI,ED,ERODE JN.,178,275.0,4.583333333333333,Medium
56112,ED,ERODE JN.,JTJ,JOLARPETTAI,180,360.0,6.0,Medium
56113,MV,MAYILADUTURA,TPJ,TIRUCHIRAPPA,120,205.0,3.4166666666666665,Medium
56114,TPJ,TIRUCHIRAPPA,MV,MAYILADUTURA,120,195.0,3.25,Medium
56115,MV,MAYILADUTURA,TJ,THANJAVUR JN,70,120.0,2.0,Short
56116,TJ,THANJAVUR JN,MV,MAYILADUTURA,70,135.0,2.25,Short
56136,MTP,METTUPALAIYA,UAM,UDHAGAMANDAL,45,290.0,4.833333333333333,Short
56137,UAM,UDHAGAMANDAL,MTP,METTUPALAIYA,45,215.0,3.5833333333333335,Short
56138,ONR,COONOOR,UAM,UDHAGAMANDAL,18,75.0,1.25,Short
56139,UAM,UDHAGAMANDAL,ONR,COONOOR,18,70.0,1.1666666666666667,Short
56140,UAM,UDHAGAMANDAL,ONR,COONOOR,18,70.0,1.1666666666666667,Short
56141,ONR,COONOOR,UAM,UDHAGAMANDAL,18,80.0,1.3333333333333333,Short
56142,UAM,UDHAGAMANDAL,ONR,COONOOR,18,65.0,1.0833333333333333,Short
56143,ONR,COONOOR,UAM,UDHAGAMANDAL,18,75.0,1.25,Short
56144,CBE,COIMBATORE,MTP,METTUPALAIYA,35,50.0,0.8333333333333334,Short
56145,MTP,METTUPALAIYA,CBE,COIMBATORE,35,50.0,0.8333333333333334,Short
56146,CBE,COIMBATORE,MTP,METTUPALAIYA,35,50.0,0.8333333333333334,Short
56147,MTP,METTUPALAIYA,CBE,COIMBATORE,35,50.0,0.8333333333333334,Short
56148,CBE,COIMBATORE,MTP,METTUPALAIYA,35,50.0,0.8333333333333334,Short
56149,MTP,METTUPALAIYA,CBE,COIMBATORE,35,55.0,0.9166666666666666,Short
56150,CBE,COIMBATORE,MTP,METTUPALAIYA,35,50.0,0.8333333333333334,Short
56151,MTP,METTUPALAIYA,CBE,COIMBATORE,35,50.0,0.8333333333333334,Short
56201,CMNR,CHAMRAJANAGA,MYS,MYSORE JN.,60,100.0,1.6666666666666667,Short
56202,MYS,MYSORE JN.,CMNR,CHAMRAJANAGA,60,100.0,1.6666666666666667,Short
56203,CMNR,CHAMRAJANAGA,MYS,MYSORE JN.,60,105.0,1.75,Short
56204,MYS,MYSORE JN.,CMNR,CHAMRAJANAGA,60,110.0,1.8333333333333333,Short
56205,NTW,NANJANGUD TO,MYS,MYSORE JN.,25,55.0,0.9166666666666666,Short
56206,MYS,MYSORE JN.,NTW,NANJANGUD TO,25,50.0,0.8333333333333334,Short
56207,CMNR,CHAMRAJANAGA,MYS,MYSORE JN.,60,100.0,1.6666666666666667,Short
56208,MYS,MYSORE JN.,CMNR,CHAMRAJANAGA,60,110.0,1.8333333333333333,Short
56209,CMNR,CHAMRAJANAGA,MYS,MYSORE JN.,60,110.0,1.8333333333333333,Short
56210,MYS,MYSORE JN.,CMNR,CHAMRAJANAGA,60,105.0,1.75,Short
56215,YPR,YESVANTPUR J,MYS,MYSORE JN.,294,435.0,7.25,Medium
56216,MYS,MYSORE JN.,YPR,YESVANTPUR J,294,435.0,7.25,Medium
56217,TLGP,TALGUPPA,SMET,SHIMOGA TOWN,96,150.0,2.5,Short
56218,SMET,SHIMOGA TOWN,TLGP,TALGUPPA,96,170.0,2.8333333333333335,Short
56221,SBC,KRANTIVIRA S,TK,TUMKUR,69,105.0,1.75,Short
56222,TK,TUMKUR,SBC,KRANTIVIRA S,69,105.0,1.75,Short
56223,SBC,KRANTIVIRA S,ASK,ARSIKERE JN.,165,270.0,4.5,Medium
56224,ASK,ARSIKERE JN.,SBC,KRANTIVIRA S,165,250.0,4.166666666666667,Medium
56225,SBC,KRANTIVIRA S,TK,TUMKUR,69,125.0,2.0833333333333335,Short
56226,TK,TUMKUR,SBC,KRANTIVIRA S,69,110.0,1.8333333333333333,Short
56227,SBC,KRANTIVIRA S,SMET,SHIMOGA TOWN,273,425.0,7.083333333333333,Medium
56228,SMET,SHIMOGA TOWN,SBC,KRANTIVIRA S,273,440.0,7.333333333333333,Medium
56231,MYS,MYSORE JN.,SBC,KRANTIVIRA S,138,205.0,3.4166666666666665,Medium
56232,SBC,KRANTIVIRA S,MYS,MYSORE JN.,138,195.0,3.25,Medium
56237,MYS,MYSORE JN.,SBC,KRANTIVIRA S,138,200.0,3.3333333333333335,Medium
56238,SBC,KRANTIVIRA S,MYS,MYSORE JN.,138,200.0,3.3333333333333335,Medium
56241,SA,SALEM JN.,YPR,YESVANTPUR J,220,325.0,5.416666666666667,Medium
56242,YPR,YESVANTPUR J,SA,SALEM JN.,219,335.0,5.583333333333333,Medium
56261,AJJ,ARAKKONAM JN,SBC,KRANTIVIRA S,290,645.0,10.75,Medium
56262,SBC,KRANTIVIRA S,AJJ,ARAKKONAM JN,290,510.0,8.5,Medium
56263,MYS,MYSORE JN.,SBC,KRANTIVIRA S,138,260.0,4.333333333333333,Medium
56264,SBC,KRANTIVIRA S,MYS,MYSORE JN.,138,245.0,4.083333333333333,Medium
56265,ASK,ARSIKERE JN.,MYS,MYSORE JN.,167,235.0,3.9166666666666665,Medium
56266,MYS,MYSORE JN.,ASK,ARSIKERE JN.,167,235.0,3.9166666666666665,Medium
56267,ASK,ARSIKERE JN.,MYS,MYSORE JN.,167,265.0,4.416666666666667,Medium
56268,MYS,MYSORE JN.,ASK,ARSIKERE JN.,167,250.0,4.166666666666667,Medium
56269,SMET,SHIMOGA TOWN,MYS,MYSORE JN.,275,370.0,6.166666666666667,Medium
56270,MYS,MYSORE JN.,SMET,SHIMOGA TOWN,275,380.0,6.333333333333333,Medium
56271,SMET,SHIMOGA TOWN,CMGR,CHIKMAGALURU,114,190.0,3.1666666666666665,Medium
56272,CMGR,CHIKMAGALURU,SMET,SHIMOGA TOWN,114,170.0,2.8333333333333335,Medium
56273,ASK,ARSIKERE JN.,UBL,HUBLI JN.,305,495.0,8.25,Medium
56274,UBL,HUBLI JN.,ASK,ARSIKERE JN.,303,435.0,7.25,Medium
56275,TLGP,TALGUPPA,MYS,MYSORE JN.,372,555.0,9.25,Medium
56276,MYS,MYSORE JN.,TLGP,TALGUPPA,372,545.0,9.083333333333334,Medium
56277,CMGR,CHIKMAGALURU,YPR,YESVANTPUR J,244,395.0,6.583333333333333,Medium
56278,YPR,YESVANTPUR J,CMGR,CHIKMAGALURU,244,405.0,6.75,Medium
56281,CMNR,CHAMRAJANAGA,SBC,KRANTIVIRA S,198,315.0,5.25,Medium
56282,SBC,KRANTIVIRA S,CMNR,CHAMRAJANAGA,198,305.0,5.083333333333333,Medium
56300,QLN,QUILON,ALLP,ALLEPPEY,84,130.0,2.1666666666666665,Short
56301,ALLP,ALLEPPEY,QLN,QUILON,85,120.0,2.0,Short
56302,ALLP,ALLEPPEY,ERS,ERNAKULAM. J,56,95.0,1.5833333333333333,Short
56303,ERS,ERNAKULAM. J,ALLP,ALLEPPEY,56,95.0,1.5833333333333333,Short
56304,NCJ,NAGERCOIL JN,KTYM,KOTTAYAM,231,450.0,7.5,Medium
56305,KTYM,KOTTAYAM,QLN,QUILON,96,160.0,2.6666666666666665,Short
56307,QLN,QUILON,TVC,TRIVANDRUM C,64,125.0,2.0833333333333335,Short
56308,TVC,TRIVANDRUM C,QLN,QUILON,64,120.0,2.0,Short
56309,QLN,QUILON,TVC,TRIVANDRUM C,64,110.0,1.8333333333333333,Short
56310,NCJ,NAGERCOIL JN,TVC,TRIVANDRUM C,71,120.0,2.0,Short
56311,TVC,TRIVANDRUM C,NCJ,NAGERCOIL JN,72,120.0,2.0,Short
56313,TVC,TRIVANDRUM C,NCJ,NAGERCOIL JN,72,110.0,1.8333333333333333,Short
56315,TVC,TRIVANDRUM C,NCJ,NAGERCOIL JN,72,120.0,2.0,Short
56316,NCJ,NAGERCOIL JN,TVC,TRIVANDRUM C,71,115.0,1.9166666666666667,Short
56317,KCVL,KOCHUVELI,NCJ,NAGERCOIL JN,78,165.0,2.75,Short
56318,NCJ,NAGERCOIL JN,KCVL,KOCHUVELI,77,145.0,2.4166666666666665,Short
56319,NCJ,NAGERCOIL JN,CBE,COIMBATORE,531,820.0,13.666666666666666,Long
56320,CBE,COIMBATORE,NCJ,NAGERCOIL JN,532,780.0,13.0,Long
56323,CBE,COIMBATORE,MAQ,MANGALORE CE,404,680.0,11.333333333333334,Medium
56324,MAQ,MANGALORE CE,CBE,COIMBATORE,404,720.0,12.0,Medium
56331,PUU,PUNALUR,QLN,QUILON,44,80.0,1.3333333333333333,Short
56332,QLN,QUILON,PUU,PUNALUR,44,85.0,1.4166666666666667,Short
56333,EDN,EDAMANN,QLN,QUILON,52,120.0,2.0,Short
56334,QLN,QUILON,EDN,EDAMANN,52,110.0,1.8333333333333333,Short
56335,EDN,EDAMANN,QLN,QUILON,52,115.0,1.9166666666666667,Short
56336,QLN,QUILON,EDN,EDAMANN,52,105.0,1.75,Short
56337,PUU,PUNALUR,QLN,QUILON,44,85.0,1.4166666666666667,Short
56338,QLN,QUILON,PUU,PUNALUR,44,85.0,1.4166666666666667,Short
56361,SRR,SHORANUR JN.,ERS,ERNAKULAM. J,107,190.0,3.1666666666666665,Medium
56362,ERS,ERNAKULAM. J,NIL,NILAMBUR ROA,173,335.0,5.583333333333333,Medium
56363,NIL,NILAMBUR ROA,ERS,ERNAKULAM. J,173,310.0,5.166666666666667,Medium
56364,ERS,ERNAKULAM. J,SRR,SHORANUR JN.,107,210.0,3.5,Medium
56365,GUV,GURUVAYUR,EDN,EDAMANN,302,565.0,9.416666666666666,Medium
56366,EDN,EDAMANN,GUV,GURUVAYUR,302,635.0,10.583333333333334,Medium
56370,ERS,ERNAKULAM. J,GUV,GURUVAYUR,96,160.0,2.6666666666666665,Short
56371,GUV,GURUVAYUR,ERS,ERNAKULAM. J,96,155.0,2.5833333333333335,Short
56373,GUV,GURUVAYUR,TCR,TRICHUR,22,30.0,0.5,Short
56374,TCR,TRICHUR,GUV,GURUVAYUR,22,35.0,0.5833333333333334,Short
56375,GUV,GURUVAYUR,ERS,ERNAKULAM. J,96,175.0,2.9166666666666665,Short
56376,ERS,ERNAKULAM. J,GUV,GURUVAYUR,96,165.0,2.75,Short
56377,ALLP,ALLEPPEY,KYJ,KAYANKULAM J,43,65.0,1.0833333333333333,Short
56378,KYJ,KAYANKULAM J,ALLP,ALLEPPEY,43,65.0,1.0833333333333333,Short
56379,ERS,ERNAKULAM. J,ALLP,ALLEPPEY,56,105.0,1.75,Short
56380,KYJ,KAYANKULAM J,ERS,ERNAKULAM. J,100,155.0,2.5833333333333335,Short
56381,ERS,ERNAKULAM. J,KYJ,KAYANKULAM J,100,145.0,2.4166666666666665,Short
56382,KYJ,KAYANKULAM J,ERS,ERNAKULAM. J,100,145.0,2.4166666666666665,Short
56383,ERS,ERNAKULAM. J,KYJ,KAYANKULAM J,100,175.0,2.9166666666666665,Short
56384,ALLP,ALLEPPEY,ERS,ERNAKULAM. J,56,95.0,1.5833333333333333,Short
56385,ERS,ERNAKULAM. J,KTYM,KOTTAYAM,58,105.0,1.75,Short
56386,KTYM,KOTTAYAM,ERS,ERNAKULAM. J,59,105.0,1.75,Short
56387,ERS,ERNAKULAM. J,KYJ,KAYANKULAM J,114,175.0,2.9166666666666665,Medium
56388,KYJ,KAYANKULAM J,ERS,ERNAKULAM. J,114,175.0,2.9166666666666665,Medium
56389,ERS,ERNAKULAM. J,KTYM,KOTTAYAM,58,110.0,1.8333333333333333,Short
56390,KTYM,KOTTAYAM,ERS,ERNAKULAM. J,59,110.0,1.8333333333333333,Short
56391,ERS,ERNAKULAM. J,QLN,QUILON,155,260.0,4.333333333333333,Medium
56392,QLN,QUILON,ERS,ERNAKULAM. J,155,275.0,4.583333333333333,Medium
56393,KTYM,KOTTAYAM,QLN,QUILON,96,155.0,2.5833333333333335,Short
56394,QLN,QUILON,KTYM,KOTTAYAM,95,150.0,2.5,Short
56501,BZA,VIJAYWADA JN,UBL,HUBLI JN.,693,1345.0,22.416666666666668,Long
56502,UBL,HUBLI JN.,BZA,VIJAYWADA JN,691,1180.0,19.666666666666668,Long
56503,BNC,BANGALORE CA,BZA,VIJAYWADA JN,747,1355.0,22.583333333333332,Long
56504,BZA,VIJAYWADA JN,BNC,BANGALORE CA,749,1230.0,20.5,Long
56505,BWT,BANGARPET JN,MKM,MARIKUPPAM,17,35.0,0.5833333333333334,Short
56506,MKM,MARIKUPPAM,BWT,BANGARPET JN,16,35.0,0.5833333333333334,Short
56507,MKM,MARIKUPPAM,SBC,KRANTIVIRA S,84,185.0,3.0833333333333335,Short
56508,SBC,KRANTIVIRA S,MKM,MARIKUPPAM,85,155.0,2.5833333333333335,Short
56509,MKM,MARIKUPPAM,SBC,KRANTIVIRA S,84,180.0,3.0,Short
56510,SBC,KRANTIVIRA S,MKM,MARIKUPPAM,85,150.0,2.5,Short
56511,BWT,BANGARPET JN,MKM,MARIKUPPAM,17,35.0,0.5833333333333334,Short
56512,MKM,MARIKUPPAM,BWT,BANGARPET JN,16,35.0,0.5833333333333334,Short
56513,KIK,KARAIKAL,SBC,KRANTIVIRA S,568,920.0,15.333333333333334,Long
56514,SBC,KRANTIVIRA S,KIK,KARAIKAL,567,915.0,15.25,Long
56515,SBC,KRANTIVIRA S,UBL,HUBLI JN.,470,780.0,13.0,Medium
56516,UBL,HUBLI JN.,SBC,KRANTIVIRA S,469,790.0,13.166666666666666,Medium
56517,CTA,CHITRADURG,HRR,HARIHAR JN.,93,150.0,2.5,Short
56518,HRR,HARIHAR JN.,CTA,CHITRADURG,93,155.0,2.5833333333333335,Short
56519,JRU,CHIKJAJUR JN,CTA,CHITRADURG,33,75.0,1.25,Short
56520,CTA,CHITRADURG,JRU,CHIKJAJUR JN,33,60.0,1.0,Short
56600,CLT,CALICUT,SRR,SHORANUR JN.,85,140.0,2.3333333333333335,Short
56601,SRR,SHORANUR JN.,CLT,CALICUT,85,135.0,2.25,Short
56602,CAN,KANNUR,SRR,SHORANUR JN.,175,355.0,5.916666666666667,Medium
56603,TCR,TRICHUR,CAN,KANNUR,207,380.0,6.333333333333333,Medium
56604,SRR,SHORANUR JN.,CBE,COIMBATORE,98,170.0,2.8333333333333335,Short
56605,CBE,COIMBATORE,TCR,TRICHUR,131,245.0,4.083333333333333,Medium
56610,NIL,NILAMBUR ROA,PGT,PALAKKAD JN,110,220.0,3.6666666666666665,Medium
56611,PGT,PALAKKAD JN,NIL,NILAMBUR ROA,109,165.0,2.75,Medium
56612,NIL,NILAMBUR ROA,SRR,SHORANUR JN.,66,100.0,1.6666666666666667,Short
56613,SRR,SHORANUR JN.,NIL,NILAMBUR ROA,66,95.0,1.5833333333333333,Short
56614,NIL,NILAMBUR ROA,SRR,SHORANUR JN.,66,95.0,1.5833333333333333,Short
56616,NIL,NILAMBUR ROA,SRR,SHORANUR JN.,66,100.0,1.6666666666666667,Short
56617,SRR,SHORANUR JN.,NIL,NILAMBUR ROA,66,95.0,1.5833333333333333,Short
56619,SRR,SHORANUR JN.,NIL,NILAMBUR ROA,66,95.0,1.5833333333333333,Short
56620,NIL,NILAMBUR ROA,SRR,SHORANUR JN.,66,100.0,1.6666666666666667,Short
56621,SRR,SHORANUR JN.,NIL,NILAMBUR ROA,66,100.0,1.6666666666666667,Short
56640,MAQ,MANGALORE CE,MAO,MADGOAN JN.,326,410.0,6.833333333333333,Medium
56641,MAO,MADGOAN JN.,MAQ,MANGALORE CE,324,475.0,7.916666666666667,Medium
56642,KBPR,KABAKA PUTTU,MAQ,MANGALORE CE,49,90.0,1.5,Short
56643,MAQ,MANGALORE CE,KBPR,KABAKA PUTTU,48,85.0,1.4166666666666667,Short
56644,KBPR,KABAKA PUTTU,MAQ,MANGALORE CE,49,90.0,1.5,Short
56645,MAQ,MANGALORE CE,KBPR,KABAKA PUTTU,48,80.0,1.3333333333333333,Short
56646,SBHR,SUBRAHMANYA,MAQ,MANGALORE CE,91,160.0,2.6666666666666665,Short
56647,MAQ,MANGALORE CE,SBHR,SUBRAHMANYA,90,140.0,2.3333333333333335,Short
56650,CAN,KANNUR,CBE,COIMBATORE,273,465.0,7.75,Medium
56651,CBE,COIMBATORE,CAN,KANNUR,273,445.0,7.416666666666667,Medium
56652,CAN,KANNUR,CLT,CALICUT,89,165.0,2.75,Short
56653,CLT,CALICUT,CAN,KANNUR,89,145.0,2.4166666666666665,Short
56654,MAQ,MANGALORE CE,CLT,CALICUT,220,360.0,6.0,Medium
56655,CAN,KANNUR,MAQ,MANGALORE CE,131,200.0,3.3333333333333335,Medium
56656,MAQ,MANGALORE CE,CAN,KANNUR,131,205.0,3.4166666666666665,Medium
56657,CLT,CALICUT,CAN,KANNUR,89,135.0,2.25,Short
56659,CAN,KANNUR,CHV,CHERVATTUR,48,70.0,1.1666666666666667,Short
56661,CHV,CHERVATTUR,MAQ,MANGALORE CE,83,130.0,2.1666666666666665,Short
56663,TCR,TRICHUR,CLT,CALICUT,118,230.0,3.8333333333333335,Medium
56664,CLT,CALICUT,TCR,TRICHUR,119,205.0,3.4166666666666665,Medium
56665,KGQ,KASARAGOD,BYNR,BYNDOOR,182,315.0,5.25,Medium
56666,BYNR,BYNDOOR,KGQ,KASARAGOD,179,305.0,5.083333333333333,Medium
56700,MDU,MADURAI JN,PUU,PUNALUR,410,710.0,11.833333333333334,Medium
56701,PUU,PUNALUR,MDU,MADURAI JN,409,895.0,14.916666666666666,Medium
56703,TPJ,TIRUCHIRAPPA,DG,DINDIGUL JN,93,145.0,2.4166666666666665,Short
56704,DG,DINDIGUL JN,TPJ,TIRUCHIRAPPA,94,135.0,2.25,Short
56705,VM,VILLUPURAM J,MDU,MADURAI JN,333,550.0,9.166666666666666,Medium
56706,MDU,MADURAI JN,VM,VILLUPURAM J,334,505.0,8.416666666666666,Medium
56707,DG,DINDIGUL JN,MDU,MADURAI JN,62,80.0,1.3333333333333333,Short
56708,MDU,MADURAI JN,DG,DINDIGUL JN,62,90.0,1.5,Short
56709,PLNI,PALANI,MDU,MADURAI JN,120,205.0,3.4166666666666665,Medium
56710,MDU,MADURAI JN,PLNI,PALANI,120,175.0,2.9166666666666665,Medium
56711,KIK,KARAIKAL,TPJ,TIRUCHIRAPPA,145,300.0,5.0,Medium
56714,TPJ,TIRUCHIRAPPA,KIK,KARAIKAL,145,305.0,5.083333333333333,Medium
56715,PUU,PUNALUR,CAPE,KANNIYAKUMAR,196,350.0,5.833333333333333,Medium
56716,CAPE,KANNIYAKUMAR,PUU,PUNALUR,188,335.0,5.583333333333333,Medium
56717,CAPE,KANNIYAKUMAR,TEN,TIRUNELVELI,88,145.0,2.4166666666666665,Short
56718,TEN,TIRUNELVELI,NCJ,NAGERCOIL JN,73,115.0,1.9166666666666667,Short
56719,NCJ,NAGERCOIL JN,CAPE,KANNIYAKUMAR,15,20.0,0.3333333333333333,Short
56721,MDU,MADURAI JN,RMM,RAMESWARAM,161,235.0,3.9166666666666665,Medium
56722,RMM,RAMESWARAM,MDU,MADURAI JN,161,230.0,3.8333333333333335,Medium
56723,MDU,MADURAI JN,RMM,RAMESWARAM,161,220.0,3.6666666666666665,Medium
56724,RMM,RAMESWARAM,MDU,MADURAI JN,161,230.0,3.8333333333333335,Medium
56725,MDU,MADURAI JN,RMM,RAMESWARAM,161,270.0,4.5,Medium
56726,RMM,RAMESWARAM,MDU,MADURAI JN,161,240.0,4.0,Medium
56731,MDU,MADURAI JN,SCT,SENGOTTAI JN,173,210.0,3.5,Medium
56732,SCT,SENGOTTAI JN,MDU,MADURAI JN,173,225.0,3.75,Medium
56733,MDU,MADURAI JN,SCT,SENGOTTAI JN,173,220.0,3.6666666666666665,Medium
56734,SCT,SENGOTTAI JN,MDU,MADURAI JN,173,225.0,3.75,Medium
56735,MDU,MADURAI JN,SCT,SENGOTTAI JN,173,250.0,4.166666666666667,Medium
56736,SCT,SENGOTTAI JN,MDU,MADURAI JN,173,235.0,3.9166666666666665,Medium
56741,TN,TUTICORIN,TEN,TIRUNELVELI,59,170.0,2.8333333333333335,Short
56742,TEN,TIRUNELVELI,TN,TUTICORIN,60,125.0,2.0833333333333335,Short
56761,TEN,TIRUNELVELI,TCN,TIRUCHENDUR,61,105.0,1.75,Short
56762,TCN,TIRUCHENDUR,TEN,TIRUNELVELI,61,105.0,1.75,Short
56763,TEN,TIRUNELVELI,TCN,TIRUCHENDUR,61,90.0,1.5,Short
56764,TCN,TIRUCHENDUR,TEN,TIRUNELVELI,61,95.0,1.5833333333333333,Short
56765,TEN,TIRUNELVELI,TCN,TIRUCHENDUR,61,115.0,1.9166666666666667,Short
56766,TCN,TIRUCHENDUR,TEN,TIRUNELVELI,61,105.0,1.75,Short
56767,TN,TUTICORIN,TCN,TIRUCHENDUR,121,265.0,4.416666666666667,Medium
56768,TCN,TIRUCHENDUR,TN,TUTICORIN,121,250.0,4.166666666666667,Medium
56769,PGT,PALAKKAD JN,TCN,TIRUCHENDUR,459,690.0,11.5,Medium
56770,TCN,TIRUCHENDUR,PGT,PALAKKAD JN,458,680.0,11.333333333333334,Medium
56796,SCT,SENGOTTAI JN,TEN,TIRUNELVELI,72,125.0,2.0833333333333335,Short
56797,TEN,TIRUNELVELI,BJM,BAGAVATHIPUR,78,155.0,2.5833333333333335,Short
56798,BJM,BAGAVATHIPUR,TEN,TIRUNELVELI,78,180.0,3.0,Short
56799,TEN,TIRUNELVELI,SCT,SENGOTTAI JN,72,135.0,2.25,Short
56800,SCT,SENGOTTAI JN,TEN,TIRUNELVELI,72,135.0,2.25,Short
56801,TEN,TIRUNELVELI,SCT,SENGOTTAI JN,72,140.0,2.3333333333333335,Short
56802,SCT,SENGOTTAI JN,TEN,TIRUNELVELI,72,135.0,2.25,Short
56803,TEN,TIRUNELVELI,SCT,SENGOTTAI JN,72,160.0,2.6666666666666665,Short
56811,MV,MAYILADUTURA,TPJ,TIRUCHIRAPPA,120,210.0,3.5,Medium
56812,TPJ,TIRUCHIRAPPA,MV,MAYILADUTURA,120,195.0,3.25,Medium
56819,KMU,KUMBAKONAM,TJ,THANJAVUR JN,39,70.0,1.1666666666666667,Short
56820,TJ,THANJAVUR JN,KMU,KUMBAKONAM,39,80.0,1.3333333333333333,Short
56821,MV,MAYILADUTURA,DG,DINDIGUL JN,214,295.0,4.916666666666667,Medium
56822,DG,DINDIGUL JN,MV,MAYILADUTURA,214,310.0,5.166666666666667,Medium
56823,MV,MAYILADUTURA,TPJ,TIRUCHIRAPPA,120,220.0,3.6666666666666665,Medium
56824,TPJ,TIRUCHIRAPPA,MV,MAYILADUTURA,120,215.0,3.5833333333333335,Medium
56825,ED,ERODE JN.,TEN,TIRUNELVELI,358,575.0,9.583333333333334,Medium
56826,TEN,TIRUNELVELI,ED,ERODE JN.,358,550.0,9.166666666666666,Medium
56829,TPJ,TIRUCHIRAPPA,RMM,RAMESWARAM,263,365.0,6.083333333333333,Medium
56830,RMM,RAMESWARAM,TPJ,TIRUCHIRAPPA,264,390.0,6.5,Medium
56839,JTJ,JOLARPETTAI,ED,ERODE JN.,178,265.0,4.416666666666667,Medium
56840,ED,ERODE JN.,JTJ,JOLARPETTAI,180,365.0,6.083333333333333,Medium
56841,TPJ,TIRUCHIRAPPA,ED,ERODE JN.,141,260.0,4.333333333333333,Medium
56842,ED,ERODE JN.,TPJ,TIRUCHIRAPPA,141,220.0,3.6666666666666665,Medium
56843,TPJ,TIRUCHIRAPPA,ED,ERODE JN.,141,230.0,3.8333333333333335,Medium
56844,ED,ERODE JN.,TPJ,TIRUCHIRAPPA,141,225.0,3.75,Medium
56845,JTJ,JOLARPETTAI,ED,ERODE JN.,178,305.0,5.083333333333333,Medium
56846,ED,ERODE JN.,JTJ,JOLARPETTAI,180,310.0,5.166666666666667,Medium
56859,TBM,TAMBARAM,VM,VILLUPURAM J,133,180.0,3.0,Medium
56860,VM,VILLUPURAM J,TBM,TAMBARAM,133,185.0,3.0833333333333335,Medium
56861,VM,VILLUPURAM J,PDY,PONDICHERRY,37,50.0,0.8333333333333334,Short
56862,PDY,PONDICHERRY,VM,VILLUPURAM J,37,45.0,0.75,Short
56863,VM,VILLUPURAM J,PDY,PONDICHERRY,37,50.0,0.8333333333333334,Short
56864,PDY,PONDICHERRY,VM,VILLUPURAM J,37,55.0,0.9166666666666666,Short
56865,VM,VILLUPURAM J,PDY,PONDICHERRY,37,45.0,0.75,Short
56866,PDY,PONDICHERRY,VM,VILLUPURAM J,37,50.0,0.8333333333333334,Short
56871,MV,MAYILADUTURA,TVR,THIRUVARUR J,38,65.0,1.0833333333333333,Short
56872,TVR,THIRUVARUR J,MV,MAYILADUTURA,38,65.0,1.0833333333333333,Short
56873,VM,VILLUPURAM J,MV,MAYILADUTURA,121,195.0,3.25,Medium
56874,MV,MAYILADUTURA,VM,VILLUPURAM J,121,210.0,3.5,Medium
56875,VM,VILLUPURAM J,MV,MAYILADUTURA,121,190.0,3.1666666666666665,Medium
56876,MV,MAYILADUTURA,VM,VILLUPURAM J,121,180.0,3.0,Medium
56877,VM,VILLUPURAM J,MV,MAYILADUTURA,121,195.0,3.25,Medium
56878,MV,MAYILADUTURA,VM,VILLUPURAM J,121,185.0,3.0833333333333335,Medium
56879,MV,MAYILADUTURA,TVR,THIRUVARUR J,38,60.0,1.0,Short
56880,TVR,THIRUVARUR J,MV,MAYILADUTURA,38,60.0,1.0,Short
56881,KPD,KATPADI JN,VM,VILLUPURAM J,160,260.0,4.333333333333333,Medium
56882,VM,VILLUPURAM J,TPTY,TIRUPATI,264,470.0,7.833333333333333,Medium
56883,KPD,KATPADI JN,VM,VILLUPURAM J,160,270.0,4.5,Medium
56884,VM,VILLUPURAM J,TPTY,TIRUPATI,264,425.0,7.083333333333333,Medium
56885,TPTY,TIRUPATI,VM,VILLUPURAM J,264,430.0,7.166666666666667,Medium
56886,VM,VILLUPURAM J,KPD,KATPADI JN,160,250.0,4.166666666666667,Medium
56889,TPTY,TIRUPATI,KPD,KATPADI JN,104,165.0,2.75,Medium
56902,DWR,DHARWAD,UBL,HUBLI JN.,20,50.0,0.8333333333333334,Short
56903,SUR,SOLAPUR,DWR,DHARWAD,378,570.0,9.5,Medium
56904,DWR,DHARWAD,SUR,SOLAPUR,377,590.0,9.833333333333334,Medium
56905,SUR,SOLAPUR,UBL,HUBLI JN.,357,555.0,9.25,Medium
56906,UBL,HUBLI JN.,SUR,SOLAPUR,356,580.0,9.666666666666666,Medium
56907,UBL,HUBLI JN.,DWR,DHARWAD,20,40.0,0.6666666666666666,Short
56909,SBC,KRANTIVIRA S,HPT,HOSPET JN.,516,805.0,13.416666666666666,Long
56910,HPT,HOSPET JN.,SBC,KRANTIVIRA S,516,915.0,15.25,Long
56911,JRU,CHIKJAJUR JN,UBL,HUBLI JN.,191,290.0,4.833333333333333,Medium
56912,UBL,HUBLI JN.,JRU,CHIKJAJUR JN,189,310.0,5.166666666666667,Medium
56913,SBC,KRANTIVIRA S,UBL,HUBLI JN.,470,735.0,12.25,Medium
56914,UBL,HUBLI JN.,SBC,KRANTIVIRA S,468,720.0,12.0,Medium
56915,JRU,CHIKJAJUR JN,UBL,HUBLI JN.,191,295.0,4.916666666666667,Medium
56916,UBL,HUBLI JN.,JRU,CHIKJAJUR JN,189,300.0,5.0,Medium
56917,RRB,BIRUR JN.,SMET,SHIMOGA TOWN,62,85.0,1.4166666666666667,Short
56918,SMET,SHIMOGA TOWN,RRB,BIRUR JN.,62,78.0,1.3,Short
56921,UBL,HUBLI JN.,BGM,BELGAUM,141,210.0,3.5,Medium
56922,BGM,BELGAUM,UBL,HUBLI JN.,141,220.0,3.6666666666666665,Medium
56925,SBC,KRANTIVIRA S,TK,TUMKUR,69,80.0,1.3333333333333333,Short
56926,TK,TUMKUR,SBC,KRANTIVIRA S,69,100.0,1.6666666666666667,Short
56961,QLM,KULEM,VSG,VASCO-DA-GAM,61,110.0,1.8333333333333333,Short
56962,VSG,VASCO-DA-GAM,QLM,KULEM,58,90.0,1.5,Short
56963,QLM,KULEM,VSG,VASCO-DA-GAM,61,105.0,1.75,Short
56964,VSG,VASCO-DA-GAM,QLM,KULEM,58,110.0,1.8333333333333333,Short
56965,QLM,KULEM,VSG,VASCO-DA-GAM,61,105.0,1.75,Short
56966,VSG,VASCO-DA-GAM,QLM,KULEM,58,100.0,1.6666666666666667,Short
57121,KZJ,KAZIPET JN.,BPQ,BALHARSHAH,243,330.0,5.5,Medium
57122,SRUR,SIRPUR TOWN,KZJ,KAZIPET JN.,191,285.0,4.75,Medium
57123,BDCR,BHADRACHALAM,SRUR,SIRPUR TOWN,332,540.0,9.0,Medium
57124,BPQ,BALHARSHAH,BDCR,BHADRACHALAM,381,615.0,10.25,Medium
57129,BJP,BIJAPUR JN,BMO,BOLARUM,455,855.0,14.25,Medium
57130,HYB,HYDERABAD DE,BJP,BIJAPUR JN,445,925.0,15.416666666666666,Medium
57131,BMO,BOLARUM,HYB,HYDERABAD DE,22,70.0,1.1666666666666667,Short
57133,BJP,BIJAPUR JN,RC,RAICHUR,366,585.0,9.75,Medium
57134,RC,RAICHUR,BJP,BIJAPUR JN,366,630.0,10.5,Medium
57135,AJNI,AJNI,KZJ,KAZIPET JN.,450,750.0,12.5,Medium
57136,KZJ,KAZIPET JN.,AJNI,AJNI,453,850.0,14.166666666666666,Medium
57145,DKJ,DORNAKAL JN.,BDCR,BHADRACHALAM,56,80.0,1.3333333333333333,Short
57146,BDCR,BHADRACHALAM,DKJ,DORNAKAL JN.,56,80.0,1.3333333333333333,Short
57155,GR,GULBARGA,HYB,HYDERABAD DE,223,425.0,7.083333333333333,Medium
57156,HYB,HYDERABAD DE,GR,GULBARGA,223,345.0,5.75,Medium
57225,BZA,VIJAYWADA JN,VSKP,VISAKHAPATNA,350,635.0,10.583333333333334,Medium
57226,VSKP,VISAKHAPATNA,BZA,VIJAYWADA JN,350,555.0,9.25,Medium
57229,MTM,MACHILIPATNA,VSKP,VISAKHAPATNA,372,700.0,11.666666666666666,Medium
57230,VSKP,VISAKHAPATNA,MTM,MACHILIPATNA,371,730.0,12.166666666666666,Medium
57231,BZA,VIJAYWADA JN,COA,KAKINADA POR,217,305.0,5.083333333333333,Medium
57232,COA,KAKINADA POR,BZA,VIJAYWADA JN,217,345.0,5.75,Medium
57237,KZJ,KAZIPET JN.,BZA,VIJAYWADA JN,225,315.0,5.25,Medium
57238,BZA,VIJAYWADA JN,KZJ,KAZIPET JN.,226,365.0,6.083333333333333,Medium
57239,MAS,CHENNAI CENT,GDR,GUDUR JN.,137,380.0,6.333333333333333,Medium
57240,BTTR,BITRAGUNTA,MAS,CHENNAI CENT,209,440.0,7.333333333333333,Medium
57241,BTTR,BITRAGUNTA,BZA,VIJAYWADA JN,220,315.0,5.25,Medium
57242,BZA,VIJAYWADA JN,BTTR,BITRAGUNTA,220,330.0,5.5,Medium
57255,COA,KAKINADA POR,VSKP,VISAKHAPATNA,168,315.0,5.25,Medium
57256,VSKP,VISAKHAPATNA,COA,KAKINADA POR,168,270.0,4.5,Medium
57257,TPTY,TIRUPATI,COA,KAKINADA POR,602,1180.0,19.666666666666668,Long
57258,COA,KAKINADA POR,TPTY,TIRUPATI,603,1185.0,19.75,Long
57264,NS,NARASAPUR,BVRM,BHIMAVARAM J,29,65.0,1.0833333333333333,Short
57265,BVRM,BHIMAVARAM J,NS,NARASAPUR,29,75.0,1.25,Short
57271,BZA,VIJAYWADA JN,RGDA,RAYAGADA JN.,535,1045.0,17.416666666666668,Long
57272,RGDA,RAYAGADA JN.,BZA,VIJAYWADA JN,535,1065.0,17.75,Long
57273,UBL,HUBLI JN.,TPTY,TIRUPATI,578,945.0,15.75,Long
57274,TPTY,TIRUPATI,UBL,HUBLI JN.,577,910.0,15.166666666666666,Long
57277,GDR,GUDUR JN.,BZA,VIJAYWADA JN,292,405.0,6.75,Medium
57278,BZA,VIJAYWADA JN,BTTR,BITRAGUNTA,220,315.0,5.25,Medium
57305,KCG,KACHEGUDA,GNT,GUNTUR JN.,622,1085.0,18.083333333333332,Long
57306,GNT,GUNTUR JN.,KCG,KACHEGUDA,622,975.0,16.25,Long
57307,KCG,KACHEGUDA,MED,MEDCHAL,32,85.0,1.4166666666666667,Short
57308,MED,MEDCHAL,KCG,KACHEGUDA,32,90.0,1.5,Short
57317,GNT,GUNTUR JN.,MCLA,MACHERLA,130,225.0,3.75,Medium
57320,MCLA,MACHERLA,GNT,GUNTUR JN.,130,195.0,3.25,Medium
57323,NDKD,NADIKUDE JN.,MCLA,MACHERLA,35,60.0,1.0,Short
57324,MCLA,MACHERLA,NDKD,NADIKUDE JN.,35,60.0,1.0,Short
57325,KCG,KACHEGUDA,GNT,GUNTUR JN.,622,1040.0,17.333333333333332,Long
57326,GNT,GUNTUR JN.,KCG,KACHEGUDA,622,1080.0,18.0,Long
57327,DHNE,DHONE JN,GNT,GUNTUR JN.,333,530.0,8.833333333333334,Medium
57328,GNT,GUNTUR JN.,DHNE,DHONE JN,333,555.0,9.25,Medium
57329,TPTY,TIRUPATI,GNT,GUNTUR JN.,379,720.0,12.0,Medium
57330,GNT,GUNTUR JN.,TPTY,TIRUPATI,380,650.0,10.833333333333334,Medium
57381,GNT,GUNTUR JN.,NS,NARASAPUR,171,365.0,6.083333333333333,Medium
57382,NS,NARASAPUR,GNT,GUNTUR JN.,171,335.0,5.583333333333333,Medium
57401,TPTY,TIRUPATI,KPD,KATPADI JN,104,165.0,2.75,Medium
57402,KPD,KATPADI JN,TPTY,TIRUPATI,104,215.0,3.5833333333333335,Medium
57403,TPTY,TIRUPATI,KPD,KATPADI JN,104,170.0,2.8333333333333335,Medium
57404,KPD,KATPADI JN,TPTY,TIRUPATI,104,175.0,2.9166666666666665,Medium
57405,TPTY,TIRUPATI,KPD,KATPADI JN,104,180.0,3.0,Medium
57406,KPD,KATPADI JN,TPTY,TIRUPATI,104,235.0,3.9166666666666665,Medium
57411,RU,RENIGUNTA JN,GDR,GUDUR JN.,83,135.0,2.25,Short
57412,GDR,GUDUR JN.,RU,RENIGUNTA JN,83,95.0,1.5833333333333333,Short
57425,KCG,KACHEGUDA,GTL,GUNTAKAL JN.,358,580.0,9.666666666666666,Medium
57426,GTL,GUNTAKAL JN.,KCG,KACHEGUDA,356,605.0,10.083333333333334,Medium
57429,TPTY,TIRUPATI,GDR,GUDUR JN.,92,160.0,2.6666666666666665,Short
57430,GDR,GUDUR JN.,TPTY,TIRUPATI,93,140.0,2.3333333333333335,Short
57435,KCG,KACHEGUDA,KRNT,KURNOOL TOWN,236,365.0,6.083333333333333,Medium
57436,KRNT,KURNOOL TOWN,KCG,KACHEGUDA,236,350.0,5.833333333333333,Medium
57447,KCG,KACHEGUDA,MBNR,MAHBUBNAGAR,105,155.0,2.5833333333333335,Medium
57448,MBNR,MAHBUBNAGAR,MZL,MIRZAPALI,182,365.0,6.083333333333333,Medium
57451,JRU,CHIKJAJUR JN,GTL,GUNTAKAL JN.,234,435.0,7.25,Medium
57452,GTL,GUNTAKAL JN.,JRU,CHIKJAJUR JN,234,365.0,6.083333333333333,Medium
57456,MBNR,MAHBUBNAGAR,KCG,KACHEGUDA,105,145.0,2.4166666666666665,Medium
57473,KCG,KACHEGUDA,BDHN,BODHAN,191,405.0,6.75,Medium
57474,BDHN,BODHAN,MBNR,MAHBUBNAGAR,297,530.0,8.833333333333334,Medium
57475,TPTY,TIRUPATI,GTL,GUNTAKAL JN.,370,720.0,12.0,Medium
57476,GTL,GUNTAKAL JN.,TPTY,TIRUPATI,370,605.0,10.083333333333334,Medium
57477,TPTY,TIRUPATI,RDG,RAYA DRUG,473,810.0,13.5,Medium
57478,RDG,RAYA DRUG,TPTY,TIRUPATI,474,955.0,15.916666666666666,Medium
57486,MZL,MIRZAPALI,KCG,KACHEGUDA,77,170.0,2.8333333333333335,Short
57501,NZB,NIZAMABAD,BDHN,BODHAN,26,60.0,1.0,Short
57502,BDHN,BODHAN,MZL,MIRZAPALI,114,210.0,3.5,Medium
57503,MZL,MIRZAPALI,BDHN,BODHAN,114,210.0,3.5,Medium
57504,BDHN,BODHAN,NZB,NIZAMABAD,26,65.0,1.0833333333333333,Short
57512,PBN,PARBHANI JN.,NED,NANDED,58,125.0,2.0833333333333335,Short
57515,DD,DAUND JN.,NED,NANDED,581,925.0,15.416666666666666,Long
57516,NED,NANDED,DD,DAUND JN.,581,905.0,15.083333333333334,Long
57517,HYB,HYDERABAD DE,TDU,TANDUR,115,165.0,2.75,Medium
57518,TDU,TANDUR,HYB,HYDERABAD DE,114,175.0,2.9166666666666665,Medium
57521,PRLI,PARLI VAIJNA,PAU,PURNA  JN.,92,165.0,2.75,Short
57522,PAU,PURNA  JN.,PRLI,PARLI VAIJNA,92,165.0,2.75,Short
57539,AK,AKOLA JN.,PRLI,PARLI VAIJNA,298,505.0,8.416666666666666,Medium
57540,PRLI,PARLI VAIJNA,AK,AKOLA JN.,299,475.0,7.916666666666667,Medium
57541,NSL,NAGARSOL,NED,NANDED,325,600.0,10.0,Medium
57542,NED,NANDED,MMR,MANMAD JN.,347,595.0,9.916666666666666,Medium
57547,HYB,HYDERABAD DE,PAU,PURNA  JN.,435,790.0,13.166666666666666,Medium
57548,PAU,PURNA  JN.,HYB,HYDERABAD DE,435,755.0,12.583333333333334,Medium
57549,HYB,HYDERABAD DE,AWB,AURANGABAD,583,1000.0,16.666666666666668,Long
57550,AWB,AURANGABAD,HYB,HYDERABAD DE,583,930.0,15.5,Long
57551,PAU,PURNA  JN.,ADB,ADILABAD,223,325.0,5.416666666666667,Medium
57552,ADB,ADILABAD,PAU,PURNA  JN.,225,330.0,5.5,Medium
57553,PRLI,PARLI VAIJNA,ADB,ADILABAD,316,505.0,8.416666666666666,Medium
57554,ADB,ADILABAD,PRLI,PARLI VAIJNA,317,555.0,9.25,Medium
57557,NZB,NIZAMABAD,NED,NANDED,110,230.0,3.8333333333333335,Medium
57558,NED,NANDED,NZB,NIZAMABAD,110,170.0,2.8333333333333335,Medium
57561,KCG,KACHEGUDA,MMR,MANMAD JN.,623,1090.0,18.166666666666668,Long
57562,MMR,MANMAD JN.,KCG,KACHEGUDA,620,1045.0,17.416666666666668,Long
57563,HYB,HYDERABAD DE,PBN,PARBHANI JN.,340,635.0,10.583333333333334,Medium
57564,NED,NANDED,HYB,HYDERABAD DE,279,495.0,8.25,Medium
57581,AK,AKOLA JN.,PAU,PURNA  JN.,206,290.0,4.833333333333333,Medium
57582,PAU,PURNA  JN.,AK,AKOLA JN.,206,330.0,5.5,Medium
57583,AK,AKOLA JN.,PAU,PURNA  JN.,206,375.0,6.25,Medium
57584,PAU,PURNA  JN.,AK,AKOLA JN.,206,300.0,5.0,Medium
57590,MMR,MANMAD JN.,NSL,NAGARSOL,19,65.0,1.0833333333333333,Short
57593,MED,MEDCHAL,NED,NANDED,243,430.0,7.166666666666667,Medium
57594,NED,NANDED,MED,MEDCHAL,243,435.0,7.25,Medium
57601,KCG,KACHEGUDA,NZB,NIZAMABAD,165,275.0,4.583333333333333,Medium
57602,NZB,NIZAMABAD,KCG,KACHEGUDA,165,250.0,4.166666666666667,Medium
57605,SC,SECUNDERABAD,VKB,VIKRABAD JN.,72,130.0,2.1666666666666665,Short
57606,VKB,VIKRABAD JN.,KCG,KACHEGUDA,79,170.0,2.8333333333333335,Short
57625,SC,SECUNDERABAD,MUGR,MANUGURU,341,590.0,9.833333333333334,Medium
57626,MUGR,MANUGURU,SC,SECUNDERABAD,341,580.0,9.666666666666666,Medium
57628,GR,GULBARGA,SUR,SOLAPUR,112,200.0,3.3333333333333335,Medium
57631,SUR,SOLAPUR,GTL,GUNTAKAL JN.,377,550.0,9.166666666666666,Medium
57632,GTL,GUNTAKAL JN.,GR,GULBARGA,265,370.0,6.166666666666667,Medium
57641,SUR,SOLAPUR,GDG,GADAG JN.,299,470.0,7.833333333333333,Medium
57642,GDG,GADAG JN.,SUR,SOLAPUR,299,450.0,7.5,Medium
57649,GR,GULBARGA,WADI,WADI JN.,36,50.0,0.8333333333333334,Short
57650,WADI,WADI JN.,SUR,SOLAPUR,149,240.0,4.0,Medium
57651,SC,SECUNDERABAD,RAL,REPALLE,341,560.0,9.333333333333334,Medium
57652,RAL,REPALLE,SC,SECUNDERABAD,341,600.0,10.0,Medium
57657,MUGR,MANUGURU,KZJ,KAZIPET JN.,209,335.0,5.583333333333333,Medium
57658,KZJ,KAZIPET JN.,MUGR,MANUGURU,209,325.0,5.416666666666667,Medium
57659,SUR,SOLAPUR,FM,FALAKNUMA,347,560.0,9.333333333333334,Medium
57660,FM,FALAKNUMA,GR,GULBARGA,235,460.0,7.666666666666667,Medium
57685,SUR,SOLAPUR,BJP,BIJAPUR JN,108,160.0,2.6666666666666665,Medium
57686,BJP,BIJAPUR JN,SUR,SOLAPUR,108,155.0,2.5833333333333335,Medium
57687,NZB,NIZAMABAD,KCG,KACHEGUDA,165,245.0,4.083333333333333,Medium
57688,KCG,KACHEGUDA,NZB,NIZAMABAD,165,290.0,4.833333333333333,Medium
57689,NZB,NIZAMABAD,KCG,KACHEGUDA,165,265.0,4.416666666666667,Medium
57690,KCG,KACHEGUDA,NZB,NIZAMABAD,165,245.0,4.083333333333333,Medium
58001,HWH,HOWRAH JN.,PURI,PURI,526,925.0,15.416666666666666,Long
58002,PURI,PURI,SRC,SANTRAGACHI,518,960.0,16.0,Long
58003,HWH,HOWRAH JN.,BHC,BHADRAKH,299,425.0,7.083333333333333,Medium
58004,BHC,BHADRAKH,HWH,HOWRAH JN.,298,415.0,6.916666666666667,Medium
58005,KGP,KHARAGPUR,KUR,KHURDA ROAD,366,455.0,7.583333333333333,Medium
58006,KUR,KHURDA ROAD,KGP,KHARAGPUR,366,450.0,7.5,Medium
58007,KGP,KHARAGPUR,BHC,BHADRAKH,182,265.0,4.416666666666667,Medium
58008,BHC,BHADRAKH,KGP,KHARAGPUR,182,240.0,4.0,Medium
58009,KGP,KHARAGPUR,JJKR,JAJPUR KEONJ,226,380.0,6.333333333333333,Medium
58010,JJKR,JAJPUR KEONJ,KGP,KHARAGPUR,226,325.0,5.416666666666667,Medium
58011,HWH,HOWRAH JN.,CKP,CHAKARADHARP,442,615.0,10.25,Medium
58012,CKP,CHAKARADHARP,HWH,HOWRAH JN.,441,670.0,11.166666666666666,Medium
58013,ADRA,ADRA,BKSC,BOKARO STEEL,82,175.0,2.9166666666666665,Short
58014,BKSC,BOKARO STEEL,ADRA,ADRA,82,145.0,2.4166666666666665,Short
58015,HWH,HOWRAH JN.,ADRA,ADRA,284,335.0,5.583333333333333,Medium
58016,ADRA,ADRA,HWH,HOWRAH JN.,284,340.0,5.666666666666667,Medium
58017,KGP,KHARAGPUR,ASN,ASANSOL MAIN,209,350.0,5.833333333333333,Medium
58018,ASN,ASANSOL MAIN,KGP,KHARAGPUR,210,320.0,5.333333333333333,Medium
58019,ADRA,ADRA,ASN,ASANSOL MAIN,41,85.0,1.4166666666666667,Short
58020,ASN,ASANSOL MAIN,ADRA,ADRA,41,75.0,1.25,Short
58021,KGP,KHARAGPUR,TATA,TATANAGAR JN,137,235.0,3.9166666666666665,Medium
58022,TATA,TATANAGAR JN,KGP,KHARAGPUR,137,170.0,2.8333333333333335,Medium
58023,TATA,TATANAGAR JN,BRKA,BARKAKANA,161,360.0,6.0,Medium
58024,BRKA,BARKAKANA,TATA,TATANAGAR JN,162,360.0,6.0,Medium
58025,KGP,KHARAGPUR,HTE,HATIA,339,650.0,10.833333333333334,Medium
58026,HTE,HATIA,KGP,KHARAGPUR,336,535.0,8.916666666666666,Medium
58029,BLS,BALASORE,BHC,BHADRAKH,62,115.0,1.9166666666666667,Short
58030,BHC,BHADRAKH,BLS,BALASORE,62,85.0,1.4166666666666667,Short
58031,CKU,CHAKULIA,TATA,TATANAGAR JN,69,90.0,1.5,Short
58032,TATA,TATANAGAR JN,CKU,CHAKULIA,69,85.0,1.4166666666666667,Short
58033,BKSC,BOKARO STEEL,RNC,RANCHI,117,200.0,3.3333333333333335,Medium
58034,RNC,RANCHI,BKSC,BOKARO STEEL,114,190.0,3.1666666666666665,Medium
58103,TATA,TATANAGAR JN,BBN,BARBIL,148,250.0,4.166666666666667,Medium
58104,BBN,BARBIL,TATA,TATANAGAR JN,148,275.0,4.583333333333333,Medium
58109,TATA,TATANAGAR JN,GUA,GUA,147,240.0,4.0,Medium
58110,GUA,GUA,TATA,TATANAGAR JN,147,345.0,5.75,Medium
58111,TATA,TATANAGAR JN,ITR,ITWARI JN.,885,1445.0,24.083333333333332,Long
58112,ITR,ITWARI JN.,TATA,TATANAGAR JN,883,1610.0,26.833333333333332,Long
58113,TATA,TATANAGAR JN,BSP,BILASPUR JN.,470,790.0,13.166666666666666,Medium
58114,BSP,BILASPUR JN.,TATA,TATANAGAR JN,469,870.0,14.5,Medium
58117,JSG,JHARSUGUDA J,G,GONDIA JN.,503,845.0,14.083333333333334,Long
58118,G,GONDIA JN.,JSG,JHARSUGUDA J,496,835.0,13.916666666666666,Medium
58131,ROU,ROURKELA,PURI,PURI,520,930.0,15.5,Long
58132,PURI,PURI,ROU,ROURKELA,526,960.0,16.0,Long
58133,ROU,ROURKELA,JSG,JHARSUGUDA J,101,140.0,2.3333333333333335,Medium
58134,JSG,JHARSUGUDA J,ROU,ROURKELA,101,185.0,3.0833333333333335,Medium
58135,JSG,JHARSUGUDA J,SBP,SAMBALPUR JN,48,77.0,1.2833333333333334,Short
58136,SBP,SAMBALPUR JN,JSG,JHARSUGUDA J,48,90.0,1.5,Short
58137,JSG,JHARSUGUDA J,SBP,SAMBALPUR JN,48,82.0,1.3666666666666667,Short
58138,SBP,SAMBALPUR JN,JSG,JHARSUGUDA J,48,80.0,1.3333333333333333,Short
58143,TATA,TATANAGAR JN,HTE,HATIA,175,360.0,6.0,Medium
58151,BRMP,BIRMITRAPUR,BXF,BARSUAN,96,195.0,3.25,Short
58152,BXF,BARSUAN,BRMP,BIRMITRAPUR,96,195.0,3.25,Short
58161,HTE,HATIA,JSG,JHARSUGUDA J,261,455.0,7.583333333333333,Medium
58162,JSG,JHARSUGUDA J,HTE,HATIA,261,460.0,7.666666666666667,Medium
58163,GBA,GARBETA,RNC,RANCHI,272,435.0,7.25,Medium
58164,RNC,RANCHI,GBA,GARBETA,269,358.0,5.966666666666667,Medium
58201,BSP,BILASPUR JN.,R,RAIPUR JN.,112,160.0,2.6666666666666665,Medium
58202,R,RAIPUR JN.,BSP,BILASPUR JN.,111,185.0,3.0833333333333335,Medium
58203,GAD,GEVRA-ROAD,R,RAIPUR JN.,209,305.0,5.083333333333333,Medium
58204,R,RAIPUR JN.,GAD,GEVRA-ROAD,209,335.0,5.583333333333333,Medium
58205,R,RAIPUR JN.,ITR,ITWARI JN.,310,455.0,7.583333333333333,Medium
58206,ITR,ITWARI JN.,R,RAIPUR JN.,302,600.0,10.0,Medium
58207,R,RAIPUR JN.,JNRD,JUNAGARH ROA,305,490.0,8.166666666666666,Medium
58208,JNRD,JUNAGARH ROA,R,RAIPUR JN.,305,500.0,8.333333333333334,Medium
58209,GAD,GEVRA-ROAD,BSP,BILASPUR JN.,96,155.0,2.5833333333333335,Short
58210,BSP,BILASPUR JN.,GAD,GEVRA-ROAD,97,170.0,2.8333333333333335,Short
58212,BSP,BILASPUR JN.,GAD,GEVRA-ROAD,97,160.0,2.6666666666666665,Short
58213,TIG,TITLA GARH J,BSP,BILASPUR JN.,431,800.0,13.333333333333334,Medium
58214,BSP,BILASPUR JN.,TIG,TITLA GARH J,433,720.0,12.0,Medium
58217,TIG,TITLA GARH J,R,RAIPUR JN.,204,300.0,5.0,Medium
58218,R,RAIPUR JN.,TIG,TITLA GARH J,204,325.0,5.416666666666667,Medium
58219,BSP,BILASPUR JN.,CHRM,CHIRMIRI,237,530.0,8.833333333333334,Medium
58220,CHRM,CHIRMIRI,BSP,BILASPUR JN.,237,540.0,9.0,Medium
58221,CHRM,CHIRMIRI,CHD,CHANDIA ROAD,214,325.0,5.416666666666667,Medium
58222,CHD,CHANDIA ROAD,CHRM,CHIRMIRI,213,325.0,5.416666666666667,Medium
58223,MDGR,MANENDRAGARH,ABKP,AMBIKAPUR,143,275.0,4.583333333333333,Medium
58224,ABKP,AMBIKAPUR,APR,ANUPPUR JN.,174,270.0,4.5,Medium
58227,APR,ANUPPUR JN.,MDGR,MANENDRAGARH,64,135.0,2.25,Short
58301,SBP,SAMBALPUR JN,KRPU,KORAPUT JN.,494,915.0,15.25,Medium
58302,KRPU,KORAPUT JN.,SBP,SAMBALPUR JN,494,900.0,15.0,Medium
58303,LJR,LANJI GARH R,JNRD,JUNAGARH ROA,54,125.0,2.0833333333333335,Short
58304,JNRD,JUNAGARH ROA,LJR,LANJI GARH R,54,90.0,1.5,Short
58401,CTC,CUTTACK JN.,PRDP,PARADEEP,82,110.0,1.8333333333333333,Short
58402,PRDP,PARADEEP,CTC,CUTTACK JN.,82,110.0,1.8333333333333333,Short
58403,KUR,KHURDA ROAD,PURI,PURI,43,90.0,1.5,Short
58404,PURI,PURI,KUR,KHURDA ROAD,43,75.0,1.25,Short
58405,CTC,CUTTACK JN.,PRDP,PARADEEP,82,95.0,1.5833333333333333,Short
58406,PRDP,PARADEEP,CTC,CUTTACK JN.,82,105.0,1.75,Short
58408,BBS,BHUBANESWAR,BHC,BHADRAKH,142,215.0,3.5833333333333335,Medium
58409,KUR,KHURDA ROAD,PURI,PURI,43,75.0,1.25,Short
58410,PURI,PURI,KUR,KHURDA ROAD,43,75.0,1.25,Short
58411,BBS,BHUBANESWAR,BAM,BERHAMPUR,165,260.0,4.333333333333333,Medium
58412,BAM,BERHAMPUR,BBS,BHUBANESWAR,165,230.0,3.8333333333333335,Medium
58413,TLHR,TALCHER,PURI,PURI,202,370.0,6.166666666666667,Medium
58414,PURI,PURI,TLHR,TALCHER,202,345.0,5.75,Medium
58415,CTC,CUTTACK JN.,PURI,PURI,90,170.0,2.8333333333333335,Short
58416,PURI,PURI,CTC,CUTTACK JN.,90,185.0,3.0833333333333335,Short
58417,PURI,PURI,GNPR,GUNUPUR,380,760.0,12.666666666666666,Medium
58418,GNPR,GUNUPUR,PURI,PURI,380,680.0,11.333333333333334,Medium
58419,BBS,BHUBANESWAR,PSA,PALASA,239,380.0,6.333333333333333,Medium
58420,PSA,PALASA,BBS,BHUBANESWAR,239,340.0,5.666666666666667,Medium
58421,ANGL,ANGUL,PURI,PURI,196,340.0,5.666666666666667,Medium
58422,PURI,PURI,ANGL,ANGUL,196,325.0,5.416666666666667,Medium
58423,BHC,BHADRAKH,CTC,CUTTACK JN.,115,195.0,3.25,Medium
58424,CTC,CUTTACK JN.,BHC,BHADRAKH,115,205.0,3.4166666666666665,Medium
58425,KDJR,KENDUJHAR,BBS,BHUBANESWAR,214,310.0,5.166666666666667,Medium
58426,BBS,BHUBANESWAR,KDJR,KENDUJHAR,214,305.0,5.083333333333333,Medium
58427,PSA,PALASA,GNPR,GUNUPUR,88,175.0,2.9166666666666665,Short
58428,GNPR,GUNUPUR,PSA,PALASA,88,230.0,3.8333333333333335,Short
58429,KUR,KHURDA ROAD,NYGT,NAYAGARHTOWN,65,105.0,1.75,Short
58430,NYGT,NAYAGARHTOWN,KUR,KHURDA ROAD,65,105.0,1.75,Short
58431,KUR,KHURDA ROAD,NYGT,NAYAGARHTOWN,65,95.0,1.5833333333333333,Short
58432,NYGT,NAYAGARHTOWN,KUR,KHURDA ROAD,65,105.0,1.75,Short
58433,CTC,CUTTACK JN.,BAM,BERHAMPUR,192,235.0,3.9166666666666665,Medium
58434,BAM,BERHAMPUR,CTC,CUTTACK JN.,192,225.0,3.75,Medium
58435,BHC,BHADRAKH,CTC,CUTTACK JN.,115,180.0,3.0,Medium
58436,CTC,CUTTACK JN.,BHC,BHADRAKH,115,215.0,3.5833333333333335,Medium
58501,VSKP,VISAKHAPATNA,KRDL,KIRANDUL,471,835.0,13.916666666666666,Medium
58502,KRDL,KIRANDUL,VSKP,VISAKHAPATNA,471,835.0,13.916666666666666,Medium
58503,RGDA,RAYAGADA JN.,VSKP,VISAKHAPATNA,184,260.0,4.333333333333333,Medium
58504,VSKP,VISAKHAPATNA,RGDA,RAYAGADA JN.,184,245.0,4.083333333333333,Medium
58505,GNPR,GUNUPUR,VSKP,VISAKHAPATNA,267,525.0,8.75,Medium
58506,VSKP,VISAKHAPATNA,GNPR,GUNUPUR,267,405.0,6.75,Medium
58525,PSA,PALASA,VSKP,VISAKHAPATNA,202,355.0,5.916666666666667,Medium
58526,VSKP,VISAKHAPATNA,PSA,PALASA,202,340.0,5.666666666666667,Medium
58527,R,RAIPUR JN.,VSKP,VISAKHAPATNA,528,965.0,16.083333333333332,Long
58528,VSKP,VISAKHAPATNA,R,RAIPUR JN.,528,995.0,16.583333333333332,Long
58529,DURG,DURG,VSKP,VISAKHAPATNA,570,1045.0,17.416666666666668,Long
58530,VSKP,VISAKHAPATNA,DURG,DURG,571,945.0,15.75,Long
58531,PSA,PALASA,VSKP,VISAKHAPATNA,202,275.0,4.583333333333333,Medium
58532,VSKP,VISAKHAPATNA,PSA,PALASA,202,295.0,4.916666666666667,Medium
58533,CTC,CUTTACK JN.,PSA,PALASA,266,445.0,7.416666666666667,Medium
58534,PSA,PALASA,CTC,CUTTACK JN.,266,385.0,6.416666666666667,Medium
58535,CTC,CUTTACK JN.,PRDP,PARADEEP,82,110.0,1.8333333333333333,Short
58536,PRDP,PARADEEP,CTC,CUTTACK JN.,82,110.0,1.8333333333333333,Short
58537,KRPU,KORAPUT JN.,VSKP,VISAKHAPATNA,357,595.0,9.916666666666666,Medium
58538,VSKP,VISAKHAPATNA,KRPU,KORAPUT JN.,357,555.0,9.25,Medium
58601,KGP,KHARAGPUR,ADRA,ADRA,168,230.0,3.8333333333333335,Medium
58602,ADRA,ADRA,KGP,KHARAGPUR,168,295.0,4.916666666666667,Medium
58603,KGP,KHARAGPUR,GMO,NSC BOSE J G,248,465.0,7.75,Medium
58604,GMO,NSC BOSE J G,KGP,KHARAGPUR,249,440.0,7.333333333333333,Medium
58621,ADRA,ADRA,BRKA,BARKAKANA,157,315.0,5.25,Medium
58622,BRKA,BARKAKANA,ADRA,ADRA,157,385.0,6.416666666666667,Medium
58651,RNC,RANCHI,LAD,LOHARDAGA  B,66,90.0,1.5,Short
58652,LAD,LOHARDAGA  B,RNC,RANCHI,67,90.0,1.5,Short
58653,RNC,RANCHI,TORI,TORI,110,155.0,2.5833333333333335,Medium
58654,TORI,TORI,RNC,RANCHI,111,155.0,2.5833333333333335,Medium
58655,RNC,RANCHI,LAD,LOHARDAGA  B,66,90.0,1.5,Short
58656,LAD,LOHARDAGA  B,RNC,RANCHI,67,90.0,1.5,Short
58657,RNC,RANCHI,LAD,LOHARDAGA  B,66,90.0,1.5,Short
58658,LAD,LOHARDAGA  B,RNC,RANCHI,67,80.0,1.3333333333333333,Short
58659,HTE,HATIA,ROU,ROURKELA,160,330.0,5.5,Medium
58660,ROU,ROURKELA,HTE,HATIA,160,360.0,6.0,Medium
58661,TATA,TATANAGAR JN,HTE,HATIA,222,375.0,6.25,Medium
58662,HTE,HATIA,TATA,TATANAGAR JN,219,380.0,6.333333333333333,Medium
58701,SDL,SHAHDOL,ABKP,AMBIKAPUR,215,345.0,5.75,Medium
58702,ABKP,AMBIKAPUR,SDL,SHAHDOL,215,340.0,5.666666666666667,Medium
58711,KDRI,KENDRI,DTR,DHAMTARI,51,140.0,2.3333333333333335,Short
58712,DTR,DHAMTARI,KDRI,KENDRI,50,130.0,2.1666666666666665,Short
58713,KDRI,KENDRI,DTR,DHAMTARI,51,145.0,2.4166666666666665,Short
58714,DTR,DHAMTARI,KDRI,KENDRI,50,130.0,2.1666666666666665,Short
58715,KDRI,KENDRI,DTR,DHAMTARI,51,145.0,2.4166666666666665,Short
58716,DTR,DHAMTARI,KDRI,KENDRI,50,130.0,2.1666666666666665,Short
58717,KDRI,KENDRI,RIM,RAJIM,22,75.0,1.25,Short
58718,RIM,RAJIM,KDRI,KENDRI,22,70.0,1.1666666666666667,Short
58719,AVP,ABHANPUR JN.,RIM,RAJIM,17,50.0,0.8333333333333334,Short
58720,RIM,RAJIM,AVP,ABHANPUR JN.,16,50.0,0.8333333333333334,Short
58721,AVP,ABHANPUR JN.,RIM,RAJIM,17,50.0,0.8333333333333334,Short
58722,RIM,RAJIM,AVP,ABHANPUR JN.,16,50.0,0.8333333333333334,Short
58801,BPQ,BALHARSHAH,G,GONDIA JN.,249,375.0,6.25,Medium
58802,G,GONDIA JN.,BPQ,BALHARSHAH,249,405.0,6.75,Medium
58803,BPQ,BALHARSHAH,G,GONDIA JN.,249,380.0,6.333333333333333,Medium
58804,G,GONDIA JN.,BPQ,BALHARSHAH,249,345.0,5.75,Medium
58805,CAF,CHANDAFORT,G,GONDIA JN.,238,365.0,6.083333333333333,Medium
58806,G,GONDIA JN.,WSA,WADSA,103,150.0,2.5,Medium
58808,WSA,WADSA,CAF,CHANDAFORT,135,155.0,2.5833333333333335,Medium
58809,RTK,RAMTEK,ITR,ITWARI JN.,38,75.0,1.25,Short
58810,NGP,NAGPUR JN.(C,RTK,RAMTEK,42,90.0,1.5,Short
58811,RTK,RAMTEK,NGP,NAGPUR JN.(C,43,105.0,1.75,Short
58812,ITR,ITWARI JN.,RTK,RAMTEK,38,80.0,1.3333333333333333,Short
58813,RTK,RAMTEK,ITR,ITWARI JN.,38,100.0,1.6666666666666667,Short
58814,ITR,ITWARI JN.,RTK,RAMTEK,38,75.0,1.25,Short
58815,ITR,ITWARI JN.,TRDI,TIRODI,123,240.0,4.0,Medium
58816,TRDI,TIRODI,ITR,ITWARI JN.,124,210.0,3.5,Medium
58817,TMR,TUMSAR RD,TRDI,TIRODI,47,95.0,1.5833333333333333,Short
58818,TRDI,TIRODI,TMR,TUMSAR RD,46,80.0,1.3333333333333333,Short
58843,ITRN,ITWARI JN.,NABN,NAGBHIR JN.,104,280.0,4.666666666666667,Medium
58844,NABN,NAGBHIR JN.,ITRN,ITWARI JN.,104,255.0,4.25,Medium
58845,ITRN,ITWARI JN.,NABN,NAGBHIR JN.,104,270.0,4.5,Medium
58846,NABN,NAGBHIR JN.,ITRN,ITWARI JN.,104,270.0,4.5,Medium
58847,ITRN,ITWARI JN.,NABN,NAGBHIR JN.,104,265.0,4.416666666666667,Medium
58848,NABN,NAGBHIR JN.,ITRN,ITWARI JN.,104,255.0,4.25,Medium
58877,ITRN,ITWARI JN.,NABN,NAGBHIR JN.,104,320.0,5.333333333333333,Medium
58878,NABN,NAGBHIR JN.,ITRN,ITWARI JN.,104,315.0,5.25,Medium
59013,ST,SURAT,BSL,BHUSAVAL JN.,334,580.0,9.666666666666666,Medium
59014,BSL,BHUSAVAL JN.,ST,SURAT,335,585.0,9.75,Medium
59023,BCT,MUMBAI CENTR,BL,VALSAD,193,285.0,4.75,Medium
59024,BL,VALSAD,BCT,MUMBAI CENTR,193,265.0,4.416666666666667,Medium
59037,VR,VIRAR,ST,SURAT,206,400.0,6.666666666666667,Medium
59038,ST,SURAT,VR,VIRAR,206,340.0,5.666666666666667,Medium
59039,VR,VIRAR,BL,VALSAD,138,185.0,3.0833333333333335,Medium
59040,VAPI,VAPI,VR,VIRAR,114,140.0,2.3333333333333335,Medium
59045,BDTS,BANDRA TERMI,VAPI,VAPI,158,230.0,3.8333333333333335,Medium
59046,BL,VALSAD,BDTS,BANDRA TERMI,182,280.0,4.666666666666667,Medium
59048,ST,SURAT,BL,VALSAD,68,105.0,1.75,Short
59049,BL,VALSAD,VG,VIRAMGAM JN,362,845.0,14.083333333333334,Medium
59050,VG,VIRAMGAM JN,BL,VALSAD,362,775.0,12.916666666666666,Medium
59075,ST,SURAT,BSL,BHUSAVAL JN.,334,720.0,12.0,Medium
59076,BSL,BHUSAVAL JN.,ST,SURAT,335,660.0,11.0,Medium
59077,ST,SURAT,BSL,BHUSAVAL JN.,334,545.0,9.083333333333334,Medium
59078,BSL,BHUSAVAL JN.,ST,SURAT,335,620.0,10.333333333333334,Medium
59101,BRC,VADODARA JN.,KTNA,KATHANA,62,210.0,3.5,Short
59102,KTNA,KATHANA,BRC,VADODARA JN.,62,205.0,3.4166666666666665,Short
59103,BRC,VADODARA JN.,KTNA,KATHANA,62,215.0,3.5833333333333335,Short
59104,KTNA,KATHANA,BRC,VADODARA JN.,62,205.0,3.4166666666666665,Short
59117,PRTN,PRATAP NAGAR,CTD,CHHOTA UDEPU,99,150.0,2.5,Short
59118,CTD,CHHOTA UDEPU,BRC,VADODARA JN.,105,170.0,2.8333333333333335,Medium
59119,BRC,VADODARA JN.,CTD,CHHOTA UDEPU,105,170.0,2.8333333333333335,Medium
59120,CTD,CHHOTA UDEPU,PRTN,PRATAP NAGAR,99,150.0,2.5,Short
59121,BRC,VADODARA JN.,CTD,CHHOTA UDEPU,105,170.0,2.8333333333333335,Medium
59122,CTD,CHHOTA UDEPU,BRC,VADODARA JN.,105,175.0,2.9166666666666665,Medium
59151,ND,NADIAD JN.,MDSA,MODASA,104,200.0,3.3333333333333335,Medium
59152,MDSA,MODASA,ND,NADIAD JN.,104,200.0,3.3333333333333335,Medium
59153,ND,NADIAD JN.,MDSA,MODASA,104,210.0,3.5,Medium
59154,MDSA,MODASA,ND,NADIAD JN.,104,210.0,3.5,Medium
59161,BH,BHARUCH JN.,ANND,ANAND JN.,105,195.0,3.25,Medium
59162,ANND,ANAND JN.,BH,BHARUCH JN.,105,195.0,3.25,Medium
59163,ANND,ANAND JN.,VTL,VADTAL SWAMI,13,60.0,1.0,Short
59164,VTL,VADTAL SWAMI,ANND,ANAND JN.,13,65.0,1.0833333333333333,Short
59167,AKV,ANKLESHWAR J,RAJ,RAJPIPLA,62,165.0,2.75,Short
59168,RAJ,RAJPIPLA,AKV,ANKLESHWAR J,62,165.0,2.75,Short
59169,ANND,ANAND JN.,VTL,VADTAL SWAMI,13,60.0,1.0,Short
59170,VTL,VADTAL SWAMI,ANND,ANAND JN.,13,65.0,1.0833333333333333,Short
59201,PIT,PALITANA,BVC,BHAVNAGAR TE,47,80.0,1.3333333333333333,Short
59202,BVC,BHAVNAGAR TE,PIT,PALITANA,47,85.0,1.4166666666666667,Short
59203,SUNR,SURENDRANAGA,BVC,BHAVNAGAR TE,169,235.0,3.9166666666666665,Medium
59204,BVC,BHAVNAGAR TE,SUNR,SURENDRANAGA,169,235.0,3.9166666666666665,Medium
59205,KNLS,KANALUS,PBR,PORBANDAR,114,155.0,2.5833333333333335,Medium
59206,PBR,PORBANDAR,KNLS,KANALUS,108,135.0,2.25,Medium
59207,BVC,BHAVNAGAR TE,OKHA,OKHA,535,930.0,15.5,Long
59208,OKHA,OKHA,BVC,BHAVNAGAR TE,535,895.0,14.916666666666666,Long
59211,RJT,RAJKOT,PBR,PORBANDAR,222,350.0,5.833333333333333,Medium
59212,PBR,PORBANDAR,RJT,RAJKOT,216,395.0,6.583333333333333,Medium
59213,BNVD,BHANVAD,PBR,PORBANDAR,52,70.0,1.1666666666666667,Short
59214,PBR,PORBANDAR,BNVD,BHANVAD,52,80.0,1.3333333333333333,Short
59215,BNVD,BHANVAD,PBR,PORBANDAR,52,80.0,1.3333333333333333,Short
59216,PBR,PORBANDAR,BNVD,BHANVAD,52,80.0,1.3333333333333333,Short
59225,BVC,BHAVNAGAR TE,MHV,MAHUVA,201,300.0,5.0,Medium
59226,MHV,MAHUVA,BVC,BHAVNAGAR TE,201,305.0,5.083333333333333,Medium
59227,BTD,BOTAD,BVC,BHAVNAGAR TE,91,125.0,2.0833333333333335,Short
59228,BVC,BHAVNAGAR TE,BTD,BOTAD,91,125.0,2.0833333333333335,Short
59229,DHG,DHRANGADHRA,BVC,BHAVNAGAR TE,206,320.0,5.333333333333333,Medium
59230,BVC,BHAVNAGAR TE,DHG,DHRANGADHRA,206,310.0,5.166666666666667,Medium
59231,SUNR,SURENDRANAGA,BTD,BOTAD,78,105.0,1.75,Short
59232,BTD,BOTAD,SUNR,SURENDRANAGA,78,115.0,1.9166666666666667,Short
59233,SUNR,SURENDRANAGA,BVC,BHAVNAGAR TE,169,260.0,4.333333333333333,Medium
59234,BVC,BHAVNAGAR TE,SUNR,SURENDRANAGA,169,230.0,3.8333333333333335,Medium
59235,DLJ,DHOLA JN,MHV,MAHUVA,152,205.0,3.4166666666666665,Medium
59236,MHV,MAHUVA,DLJ,DHOLA JN,152,215.0,3.5833333333333335,Medium
59243,RJU,RAJULA CITY,MHV,MAHUVA,38,75.0,1.25,Short
59244,MHV,MAHUVA,RJU,RAJULA CITY,38,75.0,1.25,Short
59267,PIT,PALITANA,BVC,BHAVNAGAR TE,47,90.0,1.5,Short
59268,BVC,BHAVNAGAR TE,PIT,PALITANA,47,80.0,1.3333333333333333,Short
59269,PIT,PALITANA,BVC,BHAVNAGAR TE,47,80.0,1.3333333333333333,Short
59270,BVC,BHAVNAGAR TE,PIT,PALITANA,47,80.0,1.3333333333333333,Short
59271,SUNR,SURENDRANAGA,BVC,BHAVNAGAR TE,169,260.0,4.333333333333333,Medium
59272,BVC,BHAVNAGAR TE,SUNR,SURENDRANAGA,169,245.0,4.083333333333333,Medium
59295,PIT,PALITANA,BVC,BHAVNAGAR TE,47,80.0,1.3333333333333333,Short
59296,BVC,BHAVNAGAR TE,PIT,PALITANA,47,80.0,1.3333333333333333,Short
59297,PBR,PORBANDAR,SMNH,SOMNATH,236,345.0,5.75,Medium
59298,SMNH,SOMNATH,PBR,PORBANDAR,236,395.0,6.583333333333333,Medium
59306,UJN,UJJAIN JN,INDB,INDORE BG,78,135.0,2.25,Short
59307,INDB,INDORE BG,UJN,UJJAIN JN,78,125.0,2.0833333333333335,Short
59317,NAD,NAGDA JN,UJN,UJJAIN JN,54,95.0,1.5833333333333333,Short
59318,UJN,UJJAIN JN,NAD,NAGDA JN,54,90.0,1.5,Short
59319,UJN,UJJAIN JN,BPL,BHOPAL,183,310.0,5.166666666666667,Medium
59320,BPL,BHOPAL,UJN,UJJAIN JN,183,265.0,4.416666666666667,Medium
59341,NAD,NAGDA JN,BINA,BINA,428,710.0,11.833333333333334,Medium
59342,BINA,BINA,NAD,NAGDA JN,428,660.0,11.0,Medium
59345,RTM,RATLAM JN,NAD,NAGDA JN,44,60.0,1.0,Short
59346,NAD,NAGDA JN,RTM,RATLAM JN,44,55.0,0.9166666666666666,Short
59353,NAD,NAGDA JN,UJN,UJJAIN JN,54,90.0,1.5,Short
59354,UJN,UJJAIN JN,NAD,NAGDA JN,54,95.0,1.5833333333333333,Short
59355,RTM,RATLAM JN,MTJ,MATHURA JN.,585,1005.0,16.75,Long
59356,MTJ,MATHURA JN.,RTM,RATLAM JN,585,975.0,16.25,Long
59357,BXN,BAYANA,JAB,YAMUNA BRIDG,86,175.0,2.9166666666666665,Short
59358,JAB,YAMUNA BRIDG,BXN,BAYANA,86,195.0,3.25,Short
59359,BXN,BAYANA,MTJ,MATHURA JN.,75,115.0,1.9166666666666667,Short
59360,MTJ,MATHURA JN.,BXN,BAYANA,75,120.0,2.0,Short
59379,INDB,INDORE BG,MKC,MAKSI JN,74,125.0,2.0833333333333335,Short
59380,MKC,MAKSI JN,INDB,INDORE BG,74,110.0,1.8333333333333333,Short
59385,INDB,INDORE BG,CWA,CHHINWARA JN,553,930.0,15.5,Long
59386,CWA,CHHINWARA JN,INDB,INDORE BG,553,970.0,16.166666666666668,Long
59387,NAD,NAGDA JN,INDB,INDORE BG,133,255.0,4.25,Medium
59388,INDB,INDORE BG,NAD,NAGDA JN,133,280.0,4.666666666666667,Medium
59393,DHD,DAHOD,BPL,BHOPAL,397,610.0,10.166666666666666,Medium
59394,BPL,BHOPAL,DHD,DAHOD,398,650.0,10.833333333333334,Medium
59395,BZU,BETUL,CWA,CHHINWARA JN,133,385.0,6.416666666666667,Medium
59396,CWA,CHHINWARA JN,BZU,BETUL,137,305.0,5.083333333333333,Medium
59421,RJT,RAJKOT,VRL,VERAVAL,184,280.0,4.666666666666667,Medium
59422,SMNH,SOMNATH,RJT,RAJKOT,189,310.0,5.166666666666667,Medium
59423,RJT,RAJKOT,SMNH,SOMNATH,189,325.0,5.416666666666667,Medium
59424,VRL,VERAVAL,RJT,RAJKOT,184,280.0,4.666666666666667,Medium
59425,BHUJ,NEW BHUJ,PNU,PALANPUR JN,358,540.0,9.0,Medium
59426,PNU,PALANPUR JN,BHUJ,NEW BHUJ,358,520.0,8.666666666666666,Medium
59439,BCT,MUMBAI CENTR,ADI,AHMEDABAD,490,945.0,15.75,Medium
59440,ADI,AHMEDABAD,BCT,MUMBAI CENTR,490,950.0,15.833333333333334,Medium
59441,BCT,MUMBAI CENTR,ADI,AHMEDABAD,490,975.0,16.25,Medium
59442,ADI,AHMEDABAD,BCT,MUMBAI CENTR,490,955.0,15.916666666666666,Medium
59473,ADI,AHMEDABAD,PTN,PATAN,111,220.0,3.6666666666666665,Medium
59474,PTN,PATAN,ADI,AHMEDABAD,111,235.0,3.9166666666666665,Medium
59475,MSH,MAHESANA JN,PTN,PATAN,40,55.0,0.9166666666666666,Short
59476,PTN,PATAN,MSH,MAHESANA JN,40,65.0,1.0833333333333333,Short
59477,MSH,MAHESANA JN,PTN,PATAN,40,55.0,0.9166666666666666,Short
59478,PTN,PATAN,MSH,MAHESANA JN,40,55.0,0.9166666666666666,Short
59481,MSH,MAHESANA JN,PTN,PATAN,40,55.0,0.9166666666666666,Short
59482,PTN,PATAN,MSH,MAHESANA JN,40,55.0,0.9166666666666666,Short
59483,MSH,MAHESANA JN,PTN,PATAN,40,65.0,1.0833333333333333,Short
59484,PTN,PATAN,MSH,MAHESANA JN,40,55.0,0.9166666666666666,Short
59503,VG,VIRAMGAM JN,OKHA,OKHA,429,730.0,12.166666666666666,Medium
59504,OKHA,OKHA,VG,VIRAMGAM JN,429,840.0,14.0,Medium
59507,RJT,RAJKOT,SMNH,SOMNATH,189,295.0,4.916666666666667,Medium
59508,SMNH,SOMNATH,RJT,RAJKOT,189,300.0,5.0,Medium
59509,MSH,MAHESANA JN,VG,VIRAMGAM JN,64,100.0,1.6666666666666667,Short
59510,VG,VIRAMGAM JN,MSH,MAHESANA JN,64,95.0,1.5833333333333333,Short
59511,MSH,MAHESANA JN,VG,VIRAMGAM JN,64,95.0,1.5833333333333333,Short
59512,VG,VIRAMGAM JN,MSH,MAHESANA JN,64,100.0,1.6666666666666667,Short
59547,ADI,AHMEDABAD,OKHA,OKHA,495,1050.0,17.5,Medium
59548,OKHA,OKHA,ADI,AHMEDABAD,495,960.0,16.0,Medium
59549,BRC,VADODARA JN.,ADI,AHMEDABAD,99,140.0,2.3333333333333335,Short
59550,ADI,AHMEDABAD,BRC,VADODARA JN.,99,140.0,2.3333333333333335,Short
59601,MJ,MARWAR JN.,AII,AJMER JN.,139,230.0,3.8333333333333335,Medium
59602,AII,AJMER JN.,MJ,MARWAR JN.,139,210.0,3.5,Medium
59603,MDJN,MADAR JN,UDZ,UDAIPUR CITY,306,610.0,10.166666666666666,Medium
59604,UDZ,UDAIPUR CITY,MDJN,MADAR JN,306,560.0,9.333333333333334,Medium
59605,COR,CHITTAURGARH,UDZ,UDAIPUR CITY,114,170.0,2.8333333333333335,Medium
59606,UDZ,UDAIPUR CITY,COR,CHITTAURGARH,114,185.0,3.0833333333333335,Medium
59607,AII,AJMER JN.,PUHT,PUSHKAR TERM,31,60.0,1.0,Short
59608,PUHT,PUSHKAR TERM,AII,AJMER JN.,31,60.0,1.0,Short
59705,SOG,SURATGARH JN,JP,JAIPUR JN.,563,900.0,15.0,Long
59706,JP,JAIPUR JN.,SOG,SURATGARH JN,562,790.0,13.166666666666666,Long
59707,APH,ANUPGARH,SOG,SURATGARH JN,77,115.0,1.9166666666666667,Short
59708,SOG,SURATGARH JN,APH,ANUPGARH,66,105.0,1.75,Short
59709,APH,ANUPGARH,SOG,SURATGARH JN,66,125.0,2.0833333333333335,Short
59710,SOG,SURATGARH JN,APH,ANUPGARH,77,120.0,2.0,Short
59711,BTI,BATHINDA JN,SOG,SURATGARH JN,142,220.0,3.6666666666666665,Medium
59712,SOG,SURATGARH JN,BTI,BATHINDA JN,143,220.0,3.6666666666666665,Medium
59713,FL,PHULERA JN.,JP,JAIPUR JN.,54,75.0,1.25,Short
59714,JP,JAIPUR JN.,FL,PHULERA JN.,54,95.0,1.5833333333333333,Short
59715,FL,PHULERA JN.,RE,REWARI JN.,215,300.0,5.0,Medium
59716,RE,REWARI JN.,FL,PHULERA JN.,215,315.0,5.25,Medium
59717,FL,PHULERA JN.,RE,REWARI JN.,215,315.0,5.25,Medium
59718,RE,REWARI JN.,FL,PHULERA JN.,215,315.0,5.25,Medium
59719,FL,PHULERA JN.,RE,REWARI JN.,215,300.0,5.0,Medium
59720,RE,REWARI JN.,FL,PHULERA JN.,215,320.0,5.333333333333333,Medium
59721,JP,JAIPUR JN.,HSR,HISAR JN,367,500.0,8.333333333333334,Medium
59722,HSR,HISAR JN,JP,JAIPUR JN.,367,510.0,8.5,Medium
59727,SIKR,SIKAR JN.,RE,REWARI JN.,213,355.0,5.916666666666667,Medium
59728,RE,REWARI JN.,SIKR,SIKAR JN.,213,300.0,5.0,Medium
59729,SIKR,SIKAR JN.,RE,REWARI JN.,213,335.0,5.583333333333333,Medium
59730,RE,REWARI JN.,SIKR,SIKAR JN.,213,310.0,5.166666666666667,Medium
59731,APH,ANUPGARH,SOG,SURATGARH JN,66,110.0,1.8333333333333333,Short
59732,SOG,SURATGARH JN,APH,ANUPGARH,66,105.0,1.75,Short
59733,APH,ANUPGARH,SOG,SURATGARH JN,66,105.0,1.75,Short
59734,SOG,SURATGARH JN,APH,ANUPGARH,66,110.0,1.8333333333333333,Short
59735,FPS,FATEHPUR-SHE,SIKR,SIKAR JN.,47,60.0,1.0,Short
59736,SIKR,SIKAR JN.,FPS,FATEHPUR-SHE,47,60.0,1.0,Short
59803,RTM,RATLAM JN,KOTA,KOTA,265,385.0,6.416666666666667,Medium
59804,KOTA,KOTA,RTM,RATLAM JN,265,420.0,7.0,Medium
59805,JP,JAIPUR JN.,BXN,BAYANA,268,375.0,6.25,Medium
59806,BXN,BAYANA,JP,JAIPUR JN.,268,385.0,6.416666666666667,Medium
59811,RTM,RATLAM JN,AF,AGRA  FORT,688,1285.0,21.416666666666668,Long
59812,JAB,YAMUNA BRIDG,RTM,RATLAM JN,691,1255.0,20.916666666666668,Long
59813,KOTA,KOTA,JAB,YAMUNA BRIDG,330,620.0,10.333333333333334,Medium
59814,AF,AGRA  FORT,KOTA,KOTA,328,570.0,9.5,Medium
59821,KOTA,KOTA,BIX,BHIND,499,995.0,16.583333333333332,Medium
59822,BIX,BHIND,KOTA,KOTA,499,935.0,15.583333333333334,Medium
59823,GWL,GWALIOR JN,BIX,BHIND,87,150.0,2.5,Short
59824,BIX,BHIND,GWL,GWALIOR JN,87,150.0,2.5,Short
59825,GWL,GWALIOR JN,BIX,BHIND,87,145.0,2.4166666666666665,Short
59826,BIX,BHIND,GWL,GWALIOR JN,87,155.0,2.5833333333333335,Short
59827,BIX,BHIND,ETW,ETAWAH,36,65.0,1.0833333333333333,Short
59828,ETW,ETAWAH,BIX,BHIND,36,60.0,1.0,Short
59831,BRC,VADODARA JN.,KOTA,KOTA,527,905.0,15.083333333333334,Long
59832,KOTA,KOTA,BRC,VADODARA JN.,527,925.0,15.416666666666666,Long
59833,KOTA,KOTA,NMH,NIMACH,227,430.0,7.166666666666667,Medium
59834,NMH,NIMACH,KOTA,KOTA,227,375.0,6.25,Medium
59835,NMH,NIMACH,UDZ,UDAIPUR CITY,169,295.0,4.916666666666667,Medium
59836,UDZ,UDAIPUR CITY,NMH,NIMACH,169,350.0,5.833333333333333,Medium
59837,JLWC,JHALAWAR CIT,KOTA,KOTA,85,145.0,2.4166666666666665,Short
59838,KOTA,KOTA,JLWC,JHALAWAR CIT,85,140.0,2.3333333333333335,Short
59839,JLWC,JHALAWAR CIT,KOTA,KOTA,85,135.0,2.25,Short
59840,KOTA,KOTA,JLWC,JHALAWAR CIT,85,140.0,2.3333333333333335,Short
61631,BPL,BHOPAL,BINA,BINA,138,200.0,3.3333333333333335,Medium
61632,BINA,BINA,BPL,BHOPAL,138,200.0,3.3333333333333335,Medium
63105,SDAH,SEALDAH,LGL,LALGOLA,230,285.0,4.75,Medium
63108,LGL,LALGOLA,SDAH,SEALDAH,229,327.0,5.45,Medium
63141,SDAH,SEALDAH,RPH,RAMPUR HAT,228,360.0,6.0,Medium
63142,RPH,RAMPUR HAT,SDAH,SEALDAH,228,325.0,5.416666666666667,Medium
63151,JSME,JASIDIH JN.,BDME,BAIDYANATHDH,6,20.0,0.3333333333333333,Short
63153,JSME,JASIDIH JN.,BDME,BAIDYANATHDH,6,20.0,0.3333333333333333,Short
63154,BDME,BAIDYANATHDH,JSME,JASIDIH JN.,6,20.0,0.3333333333333333,Short
63155,JSME,JASIDIH JN.,BDME,BAIDYANATHDH,6,20.0,0.3333333333333333,Short
63156,BDME,BAIDYANATHDH,JSME,JASIDIH JN.,6,20.0,0.3333333333333333,Short
63157,JSME,JASIDIH JN.,BDME,BAIDYANATHDH,6,20.0,0.3333333333333333,Short
63158,BDME,BAIDYANATHDH,JSME,JASIDIH JN.,6,20.0,0.3333333333333333,Short
63159,JSME,JASIDIH JN.,BDME,BAIDYANATHDH,6,20.0,0.3333333333333333,Short
63160,BDME,BAIDYANATHDH,JSME,JASIDIH JN.,6,20.0,0.3333333333333333,Short
63161,JSME,JASIDIH JN.,BDME,BAIDYANATHDH,6,20.0,0.3333333333333333,Short
63162,BDME,BAIDYANATHDH,JSME,JASIDIH JN.,6,20.0,0.3333333333333333,Short
63163,JSME,JASIDIH JN.,BDME,BAIDYANATHDH,6,20.0,0.3333333333333333,Short
63164,BDME,BAIDYANATHDH,JSME,JASIDIH JN.,6,20.0,0.3333333333333333,Short
63165,JSME,JASIDIH JN.,BDME,BAIDYANATHDH,6,20.0,0.3333333333333333,Short
63166,BDME,BAIDYANATHDH,JSME,JASIDIH JN.,6,20.0,0.3333333333333333,Short
63167,JSME,JASIDIH JN.,BDME,BAIDYANATHDH,6,15.0,0.25,Short
63168,BDME,BAIDYANATHDH,JSME,JASIDIH JN.,6,15.0,0.25,Short
63169,JSME,JASIDIH JN.,BDME,BAIDYANATHDH,6,15.0,0.25,Short
63203,KIUL,KIUL JN.,MKA,MOKAMA JN.,34,105.0,1.75,Short
63204,MKA,MOKAMA JN.,KIUL,KIUL JN.,34,110.0,1.8333333333333333,Short
63205,KIUL,KIUL JN.,PNBE,PATNA JN.,123,290.0,4.833333333333333,Medium
63206,PNBE,PATNA JN.,KIUL,KIUL JN.,123,350.0,5.833333333333333,Medium
63207,JAJ,JHAJHA,PNBE,PATNA JN.,177,430.0,7.166666666666667,Medium
63208,PNBE,PATNA JN.,JSME,JASIDIH JN.,221,435.0,7.25,Medium
63209,JAJ,JHAJHA,PNBE,PATNA JN.,177,410.0,6.833333333333333,Medium
63210,PNBE,PATNA JN.,JAJ,JHAJHA,177,375.0,6.25,Medium
63211,JSME,JASIDIH JN.,PNBE,PATNA JN.,221,530.0,8.833333333333334,Medium
63212,PNBE,PATNA JN.,JAJ,JHAJHA,177,365.0,6.083333333333333,Medium
63213,PNBE,PATNA JN.,ARA,ARA,49,95.0,1.5833333333333333,Short
63214,ARA,ARA,PNBE,PATNA JN.,49,90.0,1.5,Short
63217,MKA,MOKAMA JN.,DNR,DANAPUR,98,220.0,3.6666666666666665,Short
63218,DNR,DANAPUR,MKA,MOKAMA JN.,98,215.0,3.5833333333333335,Short
63219,DNR,DANAPUR,RPR,RAGHUNATHPUR,75,150.0,2.5,Short
63220,RPR,RAGHUNATHPUR,PNBE,PATNA JN.,85,200.0,3.3333333333333335,Short
63221,MKA,MOKAMA JN.,PNBE,PATNA JN.,89,135.0,2.25,Short
63222,PNBE,PATNA JN.,MKA,MOKAMA JN.,89,150.0,2.5,Short
63223,PNBE,PATNA JN.,ARA,ARA,49,125.0,2.0833333333333335,Short
63224,ARA,ARA,PNBE,PATNA JN.,49,90.0,1.5,Short
63225,PNBE,PATNA JN.,MGS,MUGHAL SARAI,207,430.0,7.166666666666667,Medium
63226,BSB,VARANASI JN.,PNBE,PATNA JN.,225,445.0,7.416666666666667,Medium
63227,PNBE,PATNA JN.,MGS,MUGHAL SARAI,207,435.0,7.25,Medium
63228,MGS,MUGHAL SARAI,PNBE,PATNA JN.,207,475.0,7.916666666666667,Medium
63231,PNBE,PATNA JN.,MGS,MUGHAL SARAI,207,475.0,7.916666666666667,Medium
63232,BXR,BUXAR,PNBE,PATNA JN.,117,260.0,4.333333333333333,Medium
63233,PNBE,PATNA JN.,BSB,VARANASI JN.,225,485.0,8.083333333333334,Medium
63234,MGS,MUGHAL SARAI,PNBE,PATNA JN.,207,575.0,9.583333333333334,Medium
63235,BXR,BUXAR,MGS,MUGHAL SARAI,89,155.0,2.5833333333333335,Short
63237,MGS,MUGHAL SARAI,ALD,ALLAHABAD JN,152,280.0,4.666666666666667,Medium
63238,ALD,ALLAHABAD JN,MGS,MUGHAL SARAI,152,270.0,4.5,Medium
63240,MGS,MUGHAL SARAI,BXR,BUXAR,89,235.0,3.9166666666666665,Short
63241,PNBE,PATNA JN.,GAYA,GAYA JN.,94,185.0,3.0833333333333335,Short
63242,GAYA,GAYA JN.,PNBE,PATNA JN.,91,180.0,3.0,Short
63243,PNBE,PATNA JN.,GAYA,GAYA JN.,94,180.0,3.0,Short
63244,GAYA,GAYA JN.,PNBE,PATNA JN.,94,180.0,3.0,Short
63245,PNBE,PATNA JN.,GAYA,GAYA JN.,91,180.0,3.0,Short
63246,GAYA,GAYA JN.,PNBE,PATNA JN.,91,180.0,3.0,Short
63247,PNBE,PATNA JN.,GAYA,GAYA JN.,91,180.0,3.0,Short
63248,GAYA,GAYA JN.,PNBE,PATNA JN.,94,170.0,2.8333333333333335,Short
63249,PNBE,PATNA JN.,GAYA,GAYA JN.,91,165.0,2.75,Short
63250,GAYA,GAYA JN.,PNBE,PATNA JN.,85,155.0,2.5833333333333335,Short
63251,PNBE,PATNA JN.,GAYA,GAYA JN.,91,180.0,3.0,Short
63252,GAYA,GAYA JN.,PNBE,PATNA JN.,91,160.0,2.6666666666666665,Short
63253,PNBE,PATNA JN.,GAYA,GAYA JN.,91,180.0,3.0,Short
63254,GAYA,GAYA JN.,PNBE,PATNA JN.,94,165.0,2.75,Short
63255,PNBE,PATNA JN.,GAYA,GAYA JN.,91,180.0,3.0,Short
63256,GAYA,GAYA JN.,PNBE,PATNA JN.,91,180.0,3.0,Short
63257,PNBE,PATNA JN.,GAYA,GAYA JN.,94,180.0,3.0,Short
63258,GAYA,GAYA JN.,PNBE,PATNA JN.,94,180.0,3.0,Short
63259,PNBE,PATNA JN.,GAYA,GAYA JN.,91,185.0,3.0833333333333335,Short
63260,GAYA,GAYA JN.,PNBE,PATNA JN.,94,180.0,3.0,Short
63261,FUT,FATUHA,BXR,BUXAR,139,450.0,7.5,Medium
63262,BXR,BUXAR,FUT,FATUHA,139,320.0,5.333333333333333,Medium
63263,PNBE,PATNA JN.,BXR,BUXAR,117,255.0,4.25,Medium
63264,MGS,MUGHAL SARAI,PNBE,PATNA JN.,207,580.0,9.666666666666666,Medium
63271,MKA,MOKAMA JN.,PNBE,PATNA JN.,89,220.0,3.6666666666666665,Short
63272,PNBE,PATNA JN.,MKA,MOKAMA JN.,89,280.0,4.666666666666667,Short
63273,BJU,BARAUNI JN.,MKA,MOKAMA JN.,20,75.0,1.25,Short
63274,MKA,MOKAMA JN.,BJU,BARAUNI JN.,18,70.0,1.1666666666666667,Short
63275,BJU,BARAUNI JN.,MKA,MOKAMA JN.,20,75.0,1.25,Short
63276,MKA,MOKAMA JN.,BJU,BARAUNI JN.,18,65.0,1.0833333333333333,Short
63279,BJU,BARAUNI JN.,SEE,SONPUR JN.,93,175.0,2.9166666666666665,Short
63280,PNBE,PATNA JN.,BJU,BARAUNI JN.,120,375.0,6.25,Medium
63283,BJU,BARAUNI JN.,PNBE,PATNA JN.,120,285.0,4.75,Medium
63284,PNBE,PATNA JN.,BJU,BARAUNI JN.,120,255.0,4.25,Medium
63285,BJU,BARAUNI JN.,PNBE,PATNA JN.,120,285.0,4.75,Medium
63286,SEE,SONPUR JN.,BJU,BARAUNI JN.,93,185.0,3.0833333333333335,Short
63289,GAYA,GAYA JN.,DOS,DEHRI-ON-SON,85,125.0,2.0833333333333335,Short
63290,DOS,DEHRI-ON-SON,GAYA,GAYA JN.,85,125.0,2.0833333333333335,Short
63291,GAYA,GAYA JN.,DOS,DEHRI-ON-SON,85,125.0,2.0833333333333335,Short
63292,DOS,DEHRI-ON-SON,GAYA,GAYA JN.,85,139.0,2.316666666666667,Short
63293,DOS,DEHRI-ON-SON,MGS,MUGHAL SARAI,118,165.0,2.75,Medium
63294,MGS,MUGHAL SARAI,DOS,DEHRI-ON-SON,118,131.0,2.183333333333333,Medium
63295,GAYA,GAYA JN.,MGS,MUGHAL SARAI,203,330.0,5.5,Medium
63296,MGS,MUGHAL SARAI,GAYA,GAYA JN.,203,375.0,6.25,Medium
63501,HWH,HOWRAH JN.,BWN,BARDDHAMAN J,106,110.0,1.8333333333333333,Medium
63502,BWN,BARDDHAMAN J,HWH,HOWRAH JN.,106,137.0,2.283333333333333,Medium
63505,BWN,BARDDHAMAN J,ASN,ASANSOL MAIN,104,115.0,1.9166666666666667,Medium
63506,ASN,ASANSOL MAIN,BWN,BARDDHAMAN J,105,105.0,1.75,Medium
63507,BWN,BARDDHAMAN J,ASN,ASANSOL MAIN,104,110.0,1.8333333333333333,Medium
63508,ASN,ASANSOL MAIN,BWN,BARDDHAMAN J,105,110.0,1.8333333333333333,Medium
63509,BWN,BARDDHAMAN J,ASN,ASANSOL MAIN,104,105.0,1.75,Medium
63510,ASN,ASANSOL MAIN,BWN,BARDDHAMAN J,105,106.0,1.7666666666666666,Medium
63511,BWN,BARDDHAMAN J,ASN,ASANSOL MAIN,104,115.0,1.9166666666666667,Medium
63512,ASN,ASANSOL MAIN,BWN,BARDDHAMAN J,105,116.0,1.9333333333333333,Medium
63513,BWN,BARDDHAMAN J,ASN,ASANSOL MAIN,104,110.0,1.8333333333333333,Medium
63514,ASN,ASANSOL MAIN,BWN,BARDDHAMAN J,105,110.0,1.8333333333333333,Medium
63515,BWN,BARDDHAMAN J,ASN,ASANSOL MAIN,104,110.0,1.8333333333333333,Medium
63516,ASN,ASANSOL MAIN,BWN,BARDDHAMAN J,105,120.0,2.0,Medium
63517,BWN,BARDDHAMAN J,ASN,ASANSOL MAIN,104,110.0,1.8333333333333333,Medium
63518,ASN,ASANSOL MAIN,BWN,BARDDHAMAN J,105,110.0,1.8333333333333333,Medium
63519,BWN,BARDDHAMAN J,ASN,ASANSOL MAIN,104,115.0,1.9166666666666667,Medium
63520,ASN,ASANSOL MAIN,BWN,BARDDHAMAN J,105,115.0,1.9166666666666667,Medium
63521,BWN,BARDDHAMAN J,ASN,ASANSOL MAIN,104,110.0,1.8333333333333333,Medium
63522,ASN,ASANSOL MAIN,BWN,BARDDHAMAN J,105,115.0,1.9166666666666667,Medium
63523,BWN,BARDDHAMAN J,ASN,ASANSOL MAIN,104,115.0,1.9166666666666667,Medium
63524,ASN,ASANSOL MAIN,BWN,BARDDHAMAN J,105,110.0,1.8333333333333333,Medium
63525,BWN,BARDDHAMAN J,ASN,ASANSOL MAIN,104,115.0,1.9166666666666667,Medium
63526,ASN,ASANSOL MAIN,BWN,BARDDHAMAN J,105,120.0,2.0,Medium
63527,DGR,DURGAPUR,ASN,ASANSOL MAIN,42,43.0,0.7166666666666667,Short
63528,ASN,ASANSOL MAIN,DGR,DURGAPUR,42,45.0,0.75,Short
63529,UDL,ANDAL JN.,RPH,RAMPUR HAT,100,145.0,2.4166666666666665,Short
63530,RPH,RAMPUR HAT,UDL,ANDAL JN.,101,145.0,2.4166666666666665,Medium
63531,UDL,ANDAL JN.,SNT,SAINTHIA JN.,72,110.0,1.8333333333333333,Short
63532,SNT,SAINTHIA JN.,UDL,ANDAL JN.,73,110.0,1.8333333333333333,Short
63533,UDL,ANDAL JN.,SNT,SAINTHIA JN.,72,110.0,1.8333333333333333,Short
63534,SNT,SAINTHIA JN.,UDL,ANDAL JN.,73,110.0,1.8333333333333333,Short
63535,UDL,ANDAL JN.,SNT,SAINTHIA JN.,72,110.0,1.8333333333333333,Short
63536,SNT,SAINTHIA JN.,UDL,ANDAL JN.,73,110.0,1.8333333333333333,Short
63537,UDL,ANDAL JN.,SNT,SAINTHIA JN.,72,110.0,1.8333333333333333,Short
63538,SNT,SAINTHIA JN.,UDL,ANDAL JN.,73,110.0,1.8333333333333333,Short
63541,ASN,ASANSOL MAIN,GMO,NSC BOSE J G,88,120.0,2.0,Short
63542,GMO,NSC BOSE J G,ASN,ASANSOL MAIN,88,120.0,2.0,Short
63543,ASN,ASANSOL MAIN,GMO,NSC BOSE J G,88,125.0,2.0833333333333335,Short
63544,GMO,NSC BOSE J G,ASN,ASANSOL MAIN,88,140.0,2.3333333333333335,Short
63545,ASN,ASANSOL MAIN,DHN,DHANBAD JN.,58,80.0,1.3333333333333333,Short
63546,DHN,DHANBAD JN.,ASN,ASANSOL MAIN,58,80.0,1.3333333333333333,Short
63547,DHN,DHANBAD JN.,HZD,HAZARIBAGH R,74,114.0,1.9,Short
63548,GAYA,GAYA JN.,KQR,KODERMA,76,105.0,1.75,Short
63549,HZD,HAZARIBAGH R,GAYA,GAYA JN.,124,193.0,3.216666666666667,Medium
63550,KQR,KODERMA,DHN,DHANBAD JN.,122,145.0,2.4166666666666665,Medium
63551,ASN,ASANSOL MAIN,DHN,DHANBAD JN.,58,80.0,1.3333333333333333,Short
63552,DHN,DHANBAD JN.,ASN,ASANSOL MAIN,58,93.0,1.55,Short
63553,ASN,ASANSOL MAIN,BSB,VARANASI JN.,479,895.0,14.916666666666666,Medium
63554,BSB,VARANASI JN.,ASN,ASANSOL MAIN,479,965.0,16.083333333333332,Medium
63561,ASN,ASANSOL MAIN,JSME,JASIDIH JN.,110,125.0,2.0833333333333335,Medium
63562,BDME,BAIDYANATHDH,ASN,ASANSOL MAIN,116,160.0,2.6666666666666665,Medium
63563,ASN,ASANSOL MAIN,JSME,JASIDIH JN.,110,130.0,2.1666666666666665,Medium
63564,JSME,JASIDIH JN.,ASN,ASANSOL MAIN,110,130.0,2.1666666666666665,Medium
63565,JSME,JASIDIH JN.,JAJ,JHAJHA,43,55.0,0.9166666666666666,Short
63566,JAJ,JHAJHA,JSME,JASIDIH JN.,43,60.0,1.0,Short
63567,ASN,ASANSOL MAIN,JAJ,JHAJHA,154,200.0,3.3333333333333335,Medium
63568,JAJ,JHAJHA,ASN,ASANSOL MAIN,154,195.0,3.25,Medium
63569,ASN,ASANSOL MAIN,JSME,JASIDIH JN.,110,135.0,2.25,Medium
63570,BDME,BAIDYANATHDH,ASN,ASANSOL MAIN,116,160.0,2.6666666666666665,Medium
63571,JSME,JASIDIH JN.,MKA,MOKAMA JN.,131,275.0,4.583333333333333,Medium
63572,MKA,MOKAMA JN.,JSME,JASIDIH JN.,131,250.0,4.166666666666667,Medium
63573,JSME,JASIDIH JN.,KIUL,KIUL JN.,97,130.0,2.1666666666666665,Short
63574,KIUL,KIUL JN.,JSME,JASIDIH JN.,97,155.0,2.5833333333333335,Short
63581,BWN,BARDDHAMAN J,RPH,RAMPUR HAT,111,150.0,2.5,Medium
63582,RPH,RAMPUR HAT,BWN,BARDDHAMAN J,111,147.0,2.45,Medium
63583,BWN,BARDDHAMAN J,RPH,RAMPUR HAT,111,155.0,2.5833333333333335,Medium
63584,RPH,RAMPUR HAT,BWN,BARDDHAMAN J,111,150.0,2.5,Medium
63591,BKSC,BOKARO STEEL,ASN,ASANSOL MAIN,137,190.0,3.1666666666666665,Medium
63592,ASN,ASANSOL MAIN,BKSC,BOKARO STEEL,137,240.0,4.0,Medium
63593,PRR,PURULIA JN.,ASN,ASANSOL MAIN,80,160.0,2.6666666666666665,Short
63594,ASN,ASANSOL MAIN,PRR,PURULIA JN.,80,133.0,2.216666666666667,Short
63595,BKSC,BOKARO STEEL,ASN,ASANSOL MAIN,193,310.0,5.166666666666667,Medium
63596,ASN,ASANSOL MAIN,BKSC,BOKARO STEEL,193,310.0,5.166666666666667,Medium
63597,RNC,RANCHI,ASN,ASANSOL MAIN,198,310.0,5.166666666666667,Medium
63598,ASN,ASANSOL MAIN,RNC,RANCHI,200,380.0,6.333333333333333,Medium
64001,DLI,DELHI JN.,PNP,PANIPAT JN.,88,135.0,2.25,Short
64002,PNP,PANIPAT JN.,DLI,DELHI JN.,88,138.0,2.3,Short
64003,NDLS,NEW DELHI,SNP,SONIPAT,44,70.0,1.1666666666666667,Short
64004,SNP,SONIPAT,SBB,SAHIBABAD,56,115.0,1.9166666666666667,Short
64011,PWL,PALWAL,SSB,SHAKUR BASTI,65,125.0,2.0833333333333335,Short
64012,SSB,SHAKUR BASTI,PWL,PALWAL,65,125.0,2.0833333333333335,Short
64013,PWL,PALWAL,SSB,SHAKUR BASTI,65,125.0,2.0833333333333335,Short
64014,SSB,SHAKUR BASTI,PWL,PALWAL,65,140.0,2.3333333333333335,Short
64015,PWL,PALWAL,SSB,SHAKUR BASTI,65,125.0,2.0833333333333335,Short
64016,SSB,SHAKUR BASTI,PWL,PALWAL,65,145.0,2.4166666666666665,Short
64017,PWL,PALWAL,SSB,SHAKUR BASTI,65,130.0,2.1666666666666665,Short
64018,SSB,SHAKUR BASTI,NDLS,NEW DELHI,11,37.0,0.6166666666666667,Short
64019,PWL,PALWAL,SSB,SHAKUR BASTI,65,160.0,2.6666666666666665,Short
64031,GZB,GHAZIABAD JN,SSB,SHAKUR BASTI,36,90.0,1.5,Short
64032,SSB,SHAKUR BASTI,GZB,GHAZIABAD JN,36,85.0,1.4166666666666667,Short
64034,SSB,SHAKUR BASTI,GZB,GHAZIABAD JN,36,85.0,1.4166666666666667,Short
64036,SSB,SHAKUR BASTI,GZB,GHAZIABAD JN,36,85.0,1.4166666666666667,Short
64051,PWL,PALWAL,GZB,GHAZIABAD JN,77,160.0,2.6666666666666665,Short
64052,GZB,GHAZIABAD JN,PWL,PALWAL,77,155.0,2.5833333333333335,Short
64053,PWL,PALWAL,GZB,GHAZIABAD JN,79,140.0,2.3333333333333335,Short
64055,PWL,PALWAL,GZB,GHAZIABAD JN,79,165.0,2.75,Short
64057,PWL,PALWAL,GZB,GHAZIABAD JN,77,155.0,2.5833333333333335,Short
64061,PWL,PALWAL,DLI,DELHI JN.,57,110.0,1.8333333333333333,Short
64062,DLI,DELHI JN.,PWL,PALWAL,57,115.0,1.9166666666666667,Short
64064,DLI,DELHI JN.,PWL,PALWAL,57,100.0,1.6666666666666667,Short
64071,BVH,BALLABGARH,SSB,SHAKUR BASTI,44,95.0,1.5833333333333333,Short
64073,KSV,KOSI KALAN,NDLS,NEW DELHI,94,145.0,2.4166666666666665,Short
64074,NDLS,NEW DELHI,KSV,KOSI KALAN,96,125.0,2.0833333333333335,Short
64075,PWL,PALWAL,NDLS,NEW DELHI,53,95.0,1.5833333333333333,Short
64076,NDLS,NEW DELHI,PWL,PALWAL,53,80.0,1.3333333333333333,Short
64077,PWL,PALWAL,NDLS,NEW DELHI,53,95.0,1.5833333333333333,Short
64078,NDLS,NEW DELHI,PWL,PALWAL,53,90.0,1.5,Short
64080,NDLS,NEW DELHI,PWL,PALWAL,53,85.0,1.4166666666666667,Short
64082,NDLS,NEW DELHI,PWL,PALWAL,53,90.0,1.5,Short
64084,NDLS,NEW DELHI,PWL,PALWAL,53,80.0,1.3333333333333333,Short
64087,NZM,HAZRAT NIZAM,NDLS,NEW DELHI,28,68.0,1.1333333333333333,Short
64088,NZM,HAZRAT NIZAM,NDLS,NEW DELHI,7,27.0,0.45,Short
64089,NZM,HAZRAT NIZAM,NZM,HAZRAT NIZAM,35,100.0,1.6666666666666667,Short
64090,NZM,HAZRAT NIZAM,NZM,HAZRAT NIZAM,35,100.0,1.6666666666666667,Short
64091,NZM,HAZRAT NIZAM,NZM,HAZRAT NIZAM,43,105.0,1.75,Short
64092,NZM,HAZRAT NIZAM,NZM,HAZRAT NIZAM,35,105.0,1.75,Short
64093,NZM,HAZRAT NIZAM,SSB,SHAKUR BASTI,25,48.0,0.8,Short
64094,SSB,SHAKUR BASTI,NZM,HAZRAT NIZAM,25,43.0,0.7166666666666667,Short
64095,NDLS,NEW DELHI,SSB,SHAKUR BASTI,32,70.0,1.1666666666666667,Short
64096,SSB,SHAKUR BASTI,NZM,HAZRAT NIZAM,25,50.0,0.8333333333333334,Short
64097,NDLS,NEW DELHI,SSB,SHAKUR BASTI,11,35.0,0.5833333333333334,Short
64098,SSB,SHAKUR BASTI,NZM,HAZRAT NIZAM,25,48.0,0.8,Short
64101,ALJN,ALIGARH JN.,DLI,DELHI JN.,125,195.0,3.25,Medium
64102,DLI,DELHI JN.,ALJN,ALIGARH JN.,125,185.0,3.0833333333333335,Medium
64103,ALJN,ALIGARH JN.,DLI,DELHI JN.,125,180.0,3.0,Medium
64104,DLI,DELHI JN.,DKDE,DANKAUR,54,95.0,1.5833333333333333,Short
64105,ALJN,ALIGARH JN.,NDLS,NEW DELHI,131,190.0,3.1666666666666665,Medium
64106,DLI,DELHI JN.,KRJ,KHURJA JN,82,140.0,2.3333333333333335,Short
64107,DKDE,DANKAUR,DLI,DELHI JN.,54,95.0,1.5833333333333333,Short
64108,DLI,DELHI JN.,KRJ,KHURJA JN,82,150.0,2.5,Short
64109,DKDE,DANKAUR,SSB,SHAKUR BASTI,71,140.0,2.3333333333333335,Short
64110,NDLS,NEW DELHI,ALJN,ALIGARH JN.,131,185.0,3.0833333333333335,Medium
64111,KRJ,KHURJA JN,SSB,SHAKUR BASTI,92,180.0,3.0,Short
64112,SSB,SHAKUR BASTI,DKDE,DANKAUR,64,150.0,2.5,Short
64113,KRJ,KHURJA JN,SSB,SHAKUR BASTI,99,165.0,2.75,Short
64114,NDLS,NEW DELHI,ALJN,ALIGARH JN.,131,180.0,3.0,Medium
64151,ALJN,ALIGARH JN.,DLI,DELHI JN.,125,175.0,2.9166666666666665,Medium
64152,DLI,DELHI JN.,ALJN,ALIGARH JN.,125,190.0,3.1666666666666665,Medium
64153,CNB,KANPUR CENTR,ETW,ETAWAH,139,180.0,3.0,Medium
64154,ALJN,ALIGARH JN.,TDL,TUNDLA JN,78,85.0,1.4166666666666667,Short
64155,ETW,ETAWAH,TDL,TUNDLA JN,86,135.0,2.25,Short
64156,ETW,ETAWAH,CNB,KANPUR CENTR,139,180.0,3.0,Medium
64157,ETW,ETAWAH,AGC,AGRA CANTT,114,220.0,3.6666666666666665,Medium
64158,TDL,TUNDLA JN,ETW,ETAWAH,86,90.0,1.5,Short
64159,CNB,KANPUR CENTR,PHD,PHAPHUND,83,100.0,1.6666666666666667,Short
64160,AGC,AGRA CANTT,ETW,ETAWAH,115,225.0,3.75,Medium
64161,PHD,PHAPHUND,SKB,SHIKOHABAD J,106,140.0,2.3333333333333335,Medium
64162,PHD,PHAPHUND,CNB,KANPUR CENTR,83,100.0,1.6666666666666667,Short
64163,CNB,KANPUR CENTR,PNK,PANKI,12,25.0,0.4166666666666667,Short
64164,SKB,SHIKOHABAD J,PHD,PHAPHUND,106,115.0,1.9166666666666667,Medium
64165,TDL,TUNDLA JN,ALJN,ALIGARH JN.,78,120.0,2.0,Short
64167,PWL,PALWAL,ALJN,ALIGARH JN.,185,365.0,6.083333333333333,Medium
64168,ALJN,ALIGARH JN.,PWL,PALWAL,185,310.0,5.166666666666667,Medium
64201,LKO,LUCKNOW JN.,CNB,KANPUR CENTR,73,105.0,1.75,Short
64202,CNB,KANPUR CENTR,LKO,LUCKNOW JN.,73,120.0,2.0,Short
64203,LKO,LUCKNOW JN.,CNB,KANPUR CENTR,73,100.0,1.6666666666666667,Short
64204,CNB,KANPUR CENTR,LKO,LUCKNOW JN.,73,115.0,1.9166666666666667,Short
64205,LKO,LUCKNOW JN.,CNB,KANPUR CENTR,73,100.0,1.6666666666666667,Short
64206,CNB,KANPUR CENTR,LKO,LUCKNOW JN.,73,105.0,1.75,Short
64207,LKO,LUCKNOW JN.,CNB,KANPUR CENTR,73,100.0,1.6666666666666667,Short
64208,CNB,KANPUR CENTR,LKO,LUCKNOW JN.,73,105.0,1.75,Short
64209,LKO,LUCKNOW JN.,CNB,KANPUR CENTR,73,135.0,2.25,Short
64210,CNB,KANPUR CENTR,LKO,LUCKNOW JN.,73,100.0,1.6666666666666667,Short
64211,LKO,LUCKNOW JN.,CNB,KANPUR CENTR,73,100.0,1.6666666666666667,Short
64212,CNB,KANPUR CENTR,LKO,LUCKNOW JN.,73,100.0,1.6666666666666667,Short
64213,LKO,LUCKNOW JN.,CNB,KANPUR CENTR,73,105.0,1.75,Short
64214,KAP,KALIANPUR,LKO,LUCKNOW JN.,85,130.0,2.1666666666666665,Short
64216,KAP,KALIANPUR,LKO,LUCKNOW JN.,85,140.0,2.3333333333333335,Short
64221,LKO,LUCKNOW JN.,SPN,SHAHJAHANPUR,164,310.0,5.166666666666667,Medium
64222,SPN,SHAHJAHANPUR,LKO,LUCKNOW JN.,164,285.0,4.75,Medium
64231,BBK,BARA BANKI J,LKO,LUCKNOW JN.,28,60.0,1.0,Short
64232,LKO,LUCKNOW JN.,BBK,BARA BANKI J,28,65.0,1.0833333333333333,Short
64234,LKO,LUCKNOW JN.,BBK,BARA BANKI J,28,50.0,0.8333333333333334,Short
64235,BBK,BARA BANKI J,CNB,KANPUR CENTR,101,200.0,3.3333333333333335,Medium
64236,CNB,KANPUR CENTR,BBK,BARA BANKI J,101,155.0,2.5833333333333335,Medium
64251,LJN,LUCKNOW JN.,CNB,KANPUR CENTR,73,90.0,1.5,Short
64252,CNB,KANPUR CENTR,LJN,LUCKNOW JN.,73,105.0,1.75,Short
64253,LJN,LUCKNOW JN.,KAP,KALIANPUR,84,140.0,2.3333333333333335,Short
64254,CNB,KANPUR CENTR,LJN,LUCKNOW JN.,73,110.0,1.8333333333333333,Short
64255,LJN,LUCKNOW JN.,KAP,KALIANPUR,84,145.0,2.4166666666666665,Short
64257,LJN,LUCKNOW JN.,CNB,KANPUR CENTR,73,105.0,1.75,Short
64260,PNK,PANKI,LJN,LUCKNOW JN.,86,140.0,2.3333333333333335,Short
64271,BBK,BARA BANKI J,LJN,LUCKNOW JN.,36,90.0,1.5,Short
64272,LJN,LUCKNOW JN.,BBK,BARA BANKI J,36,80.0,1.3333333333333333,Short
64273,BBK,BARA BANKI J,LJN,LUCKNOW JN.,36,95.0,1.5833333333333333,Short
64274,LJN,LUCKNOW JN.,BBK,BARA BANKI J,36,90.0,1.5,Short
64275,BBK,BARA BANKI J,LJN,LUCKNOW JN.,36,110.0,1.8333333333333333,Short
64281,SLN,SULTANPUR JN,LKO,LUCKNOW JN.,139,210.0,3.5,Medium
64282,LKO,LUCKNOW JN.,SLN,SULTANPUR JN,139,260.0,4.333333333333333,Medium
64401,GZB,GHAZIABAD JN,DLI,DELHI JN.,19,45.0,0.75,Short
64402,DLI,DELHI JN.,GZB,GHAZIABAD JN,19,50.0,0.8333333333333334,Short
64403,GZB,GHAZIABAD JN,DLI,DELHI JN.,19,45.0,0.75,Short
64404,DLI,DELHI JN.,GZB,GHAZIABAD JN,19,60.0,1.0,Short
64406,DLI,DELHI JN.,GZB,GHAZIABAD JN,19,50.0,0.8333333333333334,Short
64407,GZB,GHAZIABAD JN,DLI,DELHI JN.,19,45.0,0.75,Short
64408,DLI,DELHI JN.,GZB,GHAZIABAD JN,19,50.0,0.8333333333333334,Short
64409,GZB,GHAZIABAD JN,NDLS,NEW DELHI,23,65.0,1.0833333333333333,Short
64410,NDLS,NEW DELHI,GZB,GHAZIABAD JN,25,50.0,0.8333333333333334,Short
64411,SBB,SAHIBABAD,DLI,DELHI JN.,21,60.0,1.0,Short
64412,DLI,DELHI JN.,GZB,GHAZIABAD JN,19,45.0,0.75,Short
64414,DLI,DELHI JN.,GZB,GHAZIABAD JN,19,50.0,0.8333333333333334,Short
64415,GZB,GHAZIABAD JN,NDLS,NEW DELHI,25,45.0,0.75,Short
64417,GZB,GHAZIABAD JN,DLI,DELHI JN.,28,75.0,1.25,Short
64418,DLI,DELHI JN.,GZB,GHAZIABAD JN,28,75.0,1.25,Short
64419,NZM,HAZRAT NIZAM,GZB,GHAZIABAD JN,30,85.0,1.4166666666666667,Short
64420,GZB,GHAZIABAD JN,NZM,HAZRAT NIZAM,30,85.0,1.4166666666666667,Short
64421,GZB,GHAZIABAD JN,NDLS,NEW DELHI,25,45.0,0.75,Short
64422,NDLS,NEW DELHI,GZB,GHAZIABAD JN,25,50.0,0.8333333333333334,Short
64423,GZB,GHAZIABAD JN,NDLS,NEW DELHI,25,45.0,0.75,Short
64424,NDLS,NEW DELHI,GZB,GHAZIABAD JN,25,45.0,0.75,Short
64425,GZB,GHAZIABAD JN,NDLS,NEW DELHI,25,50.0,0.8333333333333334,Short
64426,NDLS,NEW DELHI,GZB,GHAZIABAD JN,25,60.0,1.0,Short
64427,GZB,GHAZIABAD JN,NDLS,NEW DELHI,25,50.0,0.8333333333333334,Short
64428,NDLS,NEW DELHI,GZB,GHAZIABAD JN,25,55.0,0.9166666666666666,Short
64429,GZB,GHAZIABAD JN,NDLS,NEW DELHI,25,50.0,0.8333333333333334,Short
64430,NDLS,NEW DELHI,GZB,GHAZIABAD JN,25,50.0,0.8333333333333334,Short
64431,GZB,GHAZIABAD JN,NDLS,NEW DELHI,25,50.0,0.8333333333333334,Short
64432,NDLS,NEW DELHI,GZB,GHAZIABAD JN,25,50.0,0.8333333333333334,Short
64433,GZB,GHAZIABAD JN,NDLS,NEW DELHI,25,55.0,0.9166666666666666,Short
64434,DLI,DELHI JN.,GZB,GHAZIABAD JN,28,70.0,1.1666666666666667,Short
64437,GZB,GHAZIABAD JN,DLI,DELHI JN.,28,63.0,1.05,Short
64439,GZB,GHAZIABAD JN,DLI,DELHI JN.,28,68.0,1.1333333333333333,Short
64441,GZB,GHAZIABAD JN,NDLS,NEW DELHI,25,50.0,0.8333333333333334,Short
64443,GZB,GHAZIABAD JN,DLI,DELHI JN.,28,90.0,1.5,Short
64445,GZB,GHAZIABAD JN,DLI,DELHI JN.,19,40.0,0.6666666666666666,Short
64449,GZB,GHAZIABAD JN,NDLS,NEW DELHI,25,50.0,0.8333333333333334,Short
64450,NDLS,NEW DELHI,GZB,GHAZIABAD JN,25,50.0,0.8333333333333334,Short
64451,DLI,DELHI JN.,PNP,PANIPAT JN.,88,155.0,2.5833333333333335,Short
64452,KKDE,KURUKSHETRA,DLI,DELHI JN.,155,220.0,3.6666666666666665,Medium
64453,DLI,DELHI JN.,PNP,PANIPAT JN.,88,130.0,2.1666666666666665,Short
64454,KKDE,KURUKSHETRA,DLI,DELHI JN.,155,265.0,4.416666666666667,Medium
64461,NZM,HAZRAT NIZAM,KKDE,KURUKSHETRA,164,255.0,4.25,Medium
64462,KKDE,KURUKSHETRA,NZM,HAZRAT NIZAM,164,250.0,4.166666666666667,Medium
64463,NDLS,NEW DELHI,KKDE,KURUKSHETRA,156,200.0,3.3333333333333335,Medium
64464,PNP,PANIPAT JN.,NDLS,NEW DELHI,89,140.0,2.3333333333333335,Short
64465,NDLS,NEW DELHI,KKDE,KURUKSHETRA,156,235.0,3.9166666666666665,Medium
64466,PNP,PANIPAT JN.,NDLS,NEW DELHI,89,175.0,2.9166666666666665,Short
64470,PNP,PANIPAT JN.,NDLS,NEW DELHI,89,135.0,2.25,Short
64471,GZB,GHAZIABAD JN,PNP,PANIPAT JN.,114,195.0,3.25,Medium
64472,PNP,PANIPAT JN.,GZB,GHAZIABAD JN,114,195.0,3.25,Medium
64481,PNP,PANIPAT JN.,UMB,AMBALA CANTT,108,170.0,2.8333333333333335,Medium
64482,UMB,AMBALA CANTT,KKDE,KURUKSHETRA,41,55.0,0.9166666666666666,Short
64483,KKDE,KURUKSHETRA,UMB,AMBALA CANTT,41,65.0,1.0833333333333333,Short
64491,PWL,PALWAL,NDLS,NEW DELHI,53,95.0,1.5833333333333333,Short
64492,NDLS,NEW DELHI,PWL,PALWAL,53,90.0,1.5,Short
64493,PWL,PALWAL,NZM,HAZRAT NIZAM,46,65.0,1.0833333333333333,Short
64494,NZM,HAZRAT NIZAM,PWL,PALWAL,46,75.0,1.25,Short
64496,NZM,HAZRAT NIZAM,KSV,KOSI KALAN,89,135.0,2.25,Short
64501,SRE,SAHARANPUR J,UMB,AMBALA CANTT,81,100.0,1.6666666666666667,Short
64502,UMB,AMBALA CANTT,SRE,SAHARANPUR J,81,105.0,1.75,Short
64504,UMB,AMBALA CANTT,SRE,SAHARANPUR J,81,100.0,1.6666666666666667,Short
64511,SRE,SAHARANPUR J,NLDM,NANGAL DAM,238,350.0,5.833333333333333,Medium
64512,NLDM,NANGAL DAM,SRE,SAHARANPUR J,238,360.0,6.0,Medium
64513,SRE,SAHARANPUR J,NLDM,NANGAL DAM,238,355.0,5.916666666666667,Medium
64514,NLDM,NANGAL DAM,UMB,AMBALA CANTT,157,215.0,3.5833333333333335,Medium
64515,UMB,AMBALA CANTT,NLDM,NANGAL DAM,157,240.0,4.0,Medium
64516,NLDM,NANGAL DAM,UMB,AMBALA CANTT,157,260.0,4.333333333333333,Medium
64517,UMB,AMBALA CANTT,NLDM,NANGAL DAM,157,230.0,3.8333333333333335,Medium
64518,NLDM,NANGAL DAM,UMB,AMBALA CANTT,157,255.0,4.25,Medium
64521,UMB,AMBALA CANTT,LDH,LUDHIANA JN.,113,145.0,2.4166666666666665,Medium
64522,LDH,LUDHIANA JN.,UMB,AMBALA CANTT,113,145.0,2.4166666666666665,Medium
64523,UMB,AMBALA CANTT,LDH,LUDHIANA JN.,113,175.0,2.9166666666666665,Medium
64524,LDH,LUDHIANA JN.,UMB,AMBALA CANTT,113,140.0,2.3333333333333335,Medium
64531,DLI,DELHI JN.,PNP,PANIPAT JN.,88,130.0,2.1666666666666665,Short
64532,UMB,AMBALA CANTT,PNP,PANIPAT JN.,108,160.0,2.6666666666666665,Medium
64533,DLI,DELHI JN.,PNP,PANIPAT JN.,88,135.0,2.25,Short
64534,PNP,PANIPAT JN.,GZB,GHAZIABAD JN,114,210.0,3.5,Medium
64536,PNP,PANIPAT JN.,DLI,DELHI JN.,88,160.0,2.6666666666666665,Short
64541,PNP,PANIPAT JN.,UMB,AMBALA CANTT,108,155.0,2.5833333333333335,Medium
64542,UMB,AMBALA CANTT,PNP,PANIPAT JN.,108,140.0,2.3333333333333335,Medium
64543,PNP,PANIPAT JN.,UMB,AMBALA CANTT,108,170.0,2.8333333333333335,Medium
64545,KKDE,KURUKSHETRA,UMB,AMBALA CANTT,41,75.0,1.25,Short
64546,UMB,AMBALA CANTT,KKDE,KURUKSHETRA,41,70.0,1.1666666666666667,Short
64547,KKDE,KURUKSHETRA,UMB,AMBALA CANTT,41,80.0,1.3333333333333333,Short
64548,UMB,AMBALA CANTT,KKDE,KURUKSHETRA,41,55.0,0.9166666666666666,Short
64551,LDH,LUDHIANA JN.,ASR,AMRITSAR JN.,135,225.0,3.75,Medium
64552,ASR,AMRITSAR JN.,LDH,LUDHIANA JN.,135,255.0,4.25,Medium
64553,MB,MORADABAD JN,ANVT,ANAND VIHAR,153,245.0,4.083333333333333,Medium
64554,ANVT,ANAND VIHAR,MB,MORADABAD JN,153,285.0,4.75,Medium
64555,ANVT,ANAND VIHAR,MTC,MEERUT CITY,59,120.0,2.0,Short
64556,MTC,MEERUT CITY,ANVT,ANAND VIHAR,59,120.0,2.0,Short
64557,DLI,DELHI JN.,SRE,SAHARANPUR J,180,305.0,5.083333333333333,Medium
64558,SRE,SAHARANPUR J,DLI,DELHI JN.,180,270.0,4.5,Medium
64559,DLI,DELHI JN.,SRE,SAHARANPUR J,180,350.0,5.833333333333333,Medium
64560,SRE,SAHARANPUR J,DLI,DELHI JN.,180,275.0,4.583333333333333,Medium
64561,DLI,DELHI JN.,UMB,AMBALA CANTT,261,475.0,7.916666666666667,Medium
64562,UMB,AMBALA CANTT,DLI,DELHI JN.,261,530.0,8.833333333333334,Medium
64563,UMB,AMBALA CANTT,AADR,AMB  ANDAURA,215,305.0,5.083333333333333,Medium
64564,AADR,AMB  ANDAURA,UMB,AMBALA CANTT,215,400.0,6.666666666666667,Medium
64565,MB,MORADABAD JN,SRE,SAHARANPUR J,192,315.0,5.25,Medium
64566,SRE,SAHARANPUR J,MB,MORADABAD JN,192,315.0,5.25,Medium
64567,BSC,BULANDSHAHR,TKJ,TILAK BRIDGE,103,218.0,3.6333333333333333,Medium
64568,TKJ,TILAK BRIDGE,BSC,BULANDSHAHR,103,220.0,3.6666666666666665,Medium
64569,KSV,KOSI KALAN,NZM,HAZRAT NIZAM,87,210.0,3.5,Short
64570,NZM,HAZRAT NIZAM,KSV,KOSI KALAN,89,135.0,2.25,Short
64581,HRF,HATHRAS QILA,DLI,DELHI JN.,161,245.0,4.083333333333333,Medium
64582,DLI,DELHI JN.,HRF,HATHRAS QILA,161,240.0,4.0,Medium
64583,TDL,TUNDLA JN,DLI,DELHI JN.,203,390.0,6.5,Medium
64584,DLI,DELHI JN.,TDL,TUNDLA JN,203,315.0,5.25,Medium
64585,HRF,HATHRAS QILA,HRS,HATHRAS JN.,5,25.0,0.4166666666666667,Short
64586,HRS,HATHRAS JN.,HRF,HATHRAS QILA,5,25.0,0.4166666666666667,Short
64587,CNB,KANPUR CENTR,TDL,TUNDLA JN,225,380.0,6.333333333333333,Medium
64588,TDL,TUNDLA JN,CNB,KANPUR CENTR,225,380.0,6.333333333333333,Medium
64589,CNB,KANPUR CENTR,PHD,PHAPHUND,78,105.0,1.75,Short
64590,PHD,PHAPHUND,CNB,KANPUR CENTR,78,125.0,2.0833333333333335,Short
64591,ALD,ALLAHABAD JN,CNB,KANPUR CENTR,194,300.0,5.0,Medium
64592,CNB,KANPUR CENTR,ALD,ALLAHABAD JN,194,305.0,5.083333333333333,Medium
64593,FTP,FATEHPUR,CNB,KANPUR CENTR,77,125.0,2.0833333333333335,Short
64594,CNB,KANPUR CENTR,FTP,FATEHPUR,77,150.0,2.5,Short
64595,MGS,MUGHAL SARAI,ALD,ALLAHABAD JN,152,255.0,4.25,Medium
64596,ALD,ALLAHABAD JN,MGS,MUGHAL SARAI,152,225.0,3.75,Medium
64901,KSV,KOSI KALAN,GZB,GHAZIABAD JN,118,240.0,4.0,Medium
64902,GZB,GHAZIABAD JN,KSV,KOSI KALAN,119,205.0,3.4166666666666665,Medium
64903,MTJ,MATHURA JN.,GZB,GHAZIABAD JN,158,275.0,4.583333333333333,Medium
64904,GZB,GHAZIABAD JN,MTJ,MATHURA JN.,160,260.0,4.333333333333333,Medium
64905,MTJ,MATHURA JN.,NDLS,NEW DELHI,134,200.0,3.3333333333333335,Medium
64906,GZB,GHAZIABAD JN,PWL,PALWAL,77,170.0,2.8333333333333335,Short
64908,SSB,SHAKUR BASTI,BVH,BALLABGARH,44,105.0,1.75,Short
64910,SSB,SHAKUR BASTI,MTJ,MATHURA JN.,148,230.0,3.8333333333333335,Medium
64911,NDLS,NEW DELHI,ROK,ROHTAK JN.,71,125.0,2.0833333333333335,Short
64912,ROK,ROHTAK JN.,NDLS,NEW DELHI,71,125.0,2.0833333333333335,Short
64913,DLI,DELHI JN.,ROK,ROHTAK JN.,69,120.0,2.0,Short
64914,ROK,ROHTAK JN.,DLI,DELHI JN.,69,135.0,2.25,Short
64915,DLI,DELHI JN.,ROK,ROHTAK JN.,69,130.0,2.1666666666666665,Short
64916,ROK,ROHTAK JN.,DLI,DELHI JN.,69,130.0,2.1666666666666665,Short
64931,DLI,DELHI JN.,ROK,ROHTAK JN.,69,140.0,2.3333333333333335,Short
64932,ROK,ROHTAK JN.,DLI,DELHI JN.,69,140.0,2.3333333333333335,Short
64951,BXN,BAYANA,AGC,AGRA CANTT,83,190.0,3.1666666666666665,Short
64952,AGC,AGRA CANTT,BXN,BAYANA,83,185.0,3.0833333333333335,Short
64953,AGC,AGRA CANTT,NZM,HAZRAT NIZAM,180,285.0,4.75,Medium
64955,AGC,AGRA CANTT,TDL,TUNDLA JN,28,105.0,1.75,Short
64956,TDL,TUNDLA JN,AGC,AGRA CANTT,28,95.0,1.5833333333333333,Short
64957,AGC,AGRA CANTT,PWL,PALWAL,133,195.0,3.25,Medium
64958,PWL,PALWAL,AGC,AGRA CANTT,137,170.0,2.8333333333333335,Medium
64959,KSV,KOSI KALAN,AGC,AGRA CANTT,94,175.0,2.9166666666666665,Short
66000,AVD,AVADI,MMCC,MOOR MARKET,21,45.0,0.75,Short
66001,MMCC,MOOR MARKET,TRL,TIRUVALLUR,41,80.0,1.3333333333333333,Short
66002,AVD,AVADI,MMCC,MOOR MARKET,21,45.0,0.75,Short
66003,MMCC,MOOR MARKET,AVD,AVADI,20,45.0,0.75,Short
66004,AVD,AVADI,MMCC,MOOR MARKET,21,45.0,0.75,Short
66005,MMCC,MOOR MARKET,AVD,AVADI,20,45.0,0.75,Short
66006,AVD,AVADI,MMCC,MOOR MARKET,21,45.0,0.75,Short
66007,MMCC,MOOR MARKET,AVD,AVADI,20,45.0,0.75,Short
66008,AJJ,ARAKKONAM JN,MMCC,MOOR MARKET,68,125.0,2.0833333333333335,Short
66009,MMCC,MOOR MARKET,AJJ,ARAKKONAM JN,68,125.0,2.0833333333333335,Short
66010,AJJ,ARAKKONAM JN,MMCC,MOOR MARKET,68,120.0,2.0,Short
66011,MMCC,MOOR MARKET,AJJ,ARAKKONAM JN,68,120.0,2.0,Short
66012,TRL,TIRUVALLUR,MMCC,MOOR MARKET,41,80.0,1.3333333333333333,Short
66013,MMCC,MOOR MARKET,AJJ,ARAKKONAM JN,68,95.0,1.5833333333333333,Short
66014,TPTY,TIRUPATI,AJJ,ARAKKONAM JN,77,150.0,2.5,Short
66015,MMCC,MOOR MARKET,AJJ,ARAKKONAM JN,68,105.0,1.75,Short
66016,AJJ,ARAKKONAM JN,MSB,CHENNAI BEAC,70,115.0,1.9166666666666667,Short
66017,MSB,CHENNAI BEAC,VLR,VELLORE CANT,140,205.0,3.4166666666666665,Medium
66018,VLR,VELLORE CANT,MSB,CHENNAI BEAC,140,215.0,3.5833333333333335,Medium
66019,KPD,KATPADI JN,SA,SALEM JN.,202,310.0,5.166666666666667,Medium
66020,SA,SALEM JN.,KPD,KATPADI JN,204,315.0,5.25,Medium
66021,MMCC,MOOR MARKET,AJJ,ARAKKONAM JN,68,85.0,1.4166666666666667,Short
66022,AJJ,ARAKKONAM JN,MMCC,MOOR MARKET,62,110.0,1.8333333333333333,Short
66025,MMCC,MOOR MARKET,SPE,SULLURUPETTA,82,135.0,2.25,Short
66026,SPE,SULLURUPETTA,MMCC,MOOR MARKET,82,120.0,2.0,Short
66027,MMCC,MOOR MARKET,SPE,SULLURUPETTA,82,130.0,2.1666666666666665,Short
66028,SPE,SULLURUPETTA,MMCC,MOOR MARKET,82,120.0,2.0,Short
66029,SPE,SULLURUPETTA,NLR,NELLORE,93,105.0,1.75,Short
66030,NLR,NELLORE,SPE,SULLURUPETTA,93,105.0,1.75,Short
66031,SPE,SULLURUPETTA,NLR,NELLORE,93,100.0,1.6666666666666667,Short
66032,NLR,NELLORE,SPE,SULLURUPETTA,93,120.0,2.0,Short
66033,TPTY,TIRUPATI,NLR,NELLORE,131,200.0,3.3333333333333335,Medium
66034,NLR,NELLORE,TPTY,TIRUPATI,131,205.0,3.4166666666666665,Medium
66035,MMCC,MOOR MARKET,SPE,SULLURUPETTA,82,130.0,2.1666666666666665,Short
66036,SPE,SULLURUPETTA,MMCC,MOOR MARKET,82,130.0,2.1666666666666665,Short
66037,SPE,SULLURUPETTA,NLR,NELLORE,93,115.0,1.9166666666666667,Short
66038,NLR,NELLORE,SPE,SULLURUPETTA,93,140.0,2.3333333333333335,Short
66039,AJJ,ARAKKONAM JN,TPTY,TIRUPATI,78,120.0,2.0,Short
66040,AJJ,ARAKKONAM JN,MMCC,MOOR MARKET,68,110.0,1.8333333333333333,Short
66041,MSB,CHENNAI BEAC,TMLP,TIRUMALPUR,108,195.0,3.25,Medium
66042,TMLP,TIRUMALPUR,MSB,CHENNAI BEAC,108,175.0,2.9166666666666665,Medium
66043,MSB,CHENNAI BEAC,MLMR,MELMARUVATHU,95,160.0,2.6666666666666665,Short
66044,MLMR,MELMARUVATHU,MSB,CHENNAI BEAC,95,140.0,2.3333333333333335,Short
66045,MLMR,MELMARUVATHU,VM,VILLUPURAM J,67,95.0,1.5833333333333333,Short
66046,VM,VILLUPURAM J,MLMR,MELMARUVATHU,67,80.0,1.3333333333333333,Short
66047,MMCC,MOOR MARKET,TPTY,TIRUPATI,148,195.0,3.25,Medium
66048,TPTY,TIRUPATI,MMCC,MOOR MARKET,146,215.0,3.5833333333333335,Medium
66049,AJJ,ARAKKONAM JN,TPTY,TIRUPATI,78,165.0,2.75,Short
66050,TPTY,TIRUPATI,AJJ,ARAKKONAM JN,77,120.0,2.0,Short
66051,MMCC,MOOR MARKET,AVD,AVADI,20,40.0,0.6666666666666666,Short
66052,AVD,AVADI,MMCC,MOOR MARKET,21,45.0,0.75,Short
66053,MSB,CHENNAI BEAC,TRL,TIRUVALLUR,42,90.0,1.5,Short
66054,TRL,TIRUVALLUR,AVD,AVADI,20,30.0,0.5,Short
66300,QLN,QUILON,ERS,ERNAKULAM. J,155,255.0,4.25,Medium
66301,ERS,ERNAKULAM. J,QLN,QUILON,155,255.0,4.25,Medium
66302,QLN,QUILON,ERS,ERNAKULAM. J,140,210.0,3.5,Medium
66303,ERS,ERNAKULAM. J,QLN,QUILON,142,210.0,3.5,Medium
66304,QLN,QUILON,CAPE,KANNIYAKUMAR,151,280.0,4.666666666666667,Medium
66305,CAPE,KANNIYAKUMAR,QLN,QUILON,151,310.0,5.166666666666667,Medium
66307,ERS,ERNAKULAM. J,QLN,QUILON,155,240.0,4.0,Medium
66308,QLN,QUILON,ERS,ERNAKULAM. J,155,255.0,4.25,Medium
66309,ERS,ERNAKULAM. J,QLN,QUILON,142,220.0,3.6666666666666665,Medium
66310,QLN,QUILON,ERS,ERNAKULAM. J,140,215.0,3.5833333333333335,Medium
66511,SBC,KRANTIVIRA S,MKM,MARIKUPPAM,85,165.0,2.75,Short
66512,MKM,MARIKUPPAM,SBC,KRANTIVIRA S,86,150.0,2.5,Short
66513,BWT,BANGARPET JN,MKM,MARIKUPPAM,17,35.0,0.5833333333333334,Short
66514,MKM,MARIKUPPAM,BYPL,BAIYYAPPANAH,73,115.0,1.9166666666666667,Short
66515,BYPL,BAIYYAPPANAH,MKM,MARIKUPPAM,74,110.0,1.8333333333333333,Short
66516,MKM,MARIKUPPAM,BWT,BANGARPET JN,16,30.0,0.5,Short
66517,MKM,MARIKUPPAM,BWT,BANGARPET JN,16,35.0,0.5833333333333334,Short
66518,BWT,BANGARPET JN,MKM,MARIKUPPAM,17,35.0,0.5833333333333334,Short
66519,MKM,MARIKUPPAM,SBC,KRANTIVIRA S,86,175.0,2.9166666666666665,Short
66520,SBC,KRANTIVIRA S,MKM,MARIKUPPAM,87,135.0,2.25,Short
66523,SBC,KRANTIVIRA S,HUP,HINDUPUR,98,160.0,2.6666666666666665,Short
66524,HUP,HINDUPUR,SBC,KRANTIVIRA S,98,175.0,2.9166666666666665,Short
66527,KPN,KUPPAM,BWT,BANGARPET JN,34,45.0,0.75,Short
66528,BWT,BANGARPET JN,KPN,KUPPAM,34,45.0,0.75,Short
66529,KPN,KUPPAM,SBC,KRANTIVIRA S,102,175.0,2.9166666666666665,Medium
66530,SBC,KRANTIVIRA S,BWT,BANGARPET JN,68,85.0,1.4166666666666667,Short
66531,BWT,BANGARPET JN,SBC,KRANTIVIRA S,68,100.0,1.6666666666666667,Short
66532,SBC,KRANTIVIRA S,MKM,MARIKUPPAM,85,145.0,2.4166666666666665,Short
66533,MKM,MARIKUPPAM,BYPL,BAIYYAPPANAH,73,115.0,1.9166666666666667,Short
66534,BYPL,BAIYYAPPANAH,KPN,KUPPAM,92,115.0,1.9166666666666667,Short
66535,SBC,KRANTIVIRA S,RMGM,RAMANAGARAM,44,65.0,1.0833333333333333,Short
66536,RMGM,RAMANAGARAM,SBC,KRANTIVIRA S,44,65.0,1.0833333333333333,Short
66537,SBC,KRANTIVIRA S,RMGM,RAMANAGARAM,44,65.0,1.0833333333333333,Short
66538,RMGM,RAMANAGARAM,SBC,KRANTIVIRA S,44,65.0,1.0833333333333333,Short
66539,SBC,KRANTIVIRA S,RMGM,RAMANAGARAM,44,65.0,1.0833333333333333,Short
66540,RMGM,RAMANAGARAM,SBC,KRANTIVIRA S,44,75.0,1.25,Short
66541,WFD,WHITE FIELD,SBC,KRANTIVIRA S,21,40.0,0.6666666666666666,Short
66542,SBC,KRANTIVIRA S,WFD,WHITE FIELD,21,55.0,0.9166666666666666,Short
66543,KPN,KUPPAM,SBC,KRANTIVIRA S,102,150.0,2.5,Medium
66544,SBC,KRANTIVIRA S,KPN,KUPPAM,102,140.0,2.3333333333333335,Medium
66600,CBE,COIMBATORE,ED,ERODE JN.,100,145.0,2.4166666666666665,Short
66601,ED,ERODE JN.,CBE,COIMBATORE,100,165.0,2.75,Short
66602,CBE,COIMBATORE,SA,SALEM JN.,159,235.0,3.9166666666666665,Medium
66603,SA,SALEM JN.,CBE,COIMBATORE,159,250.0,4.166666666666667,Medium
66604,SRR,SHORANUR JN.,CBE,COIMBATORE,98,165.0,2.75,Short
66605,CBE,COIMBATORE,SRR,SHORANUR JN.,98,165.0,2.75,Short
66606,PGTN,PALGHAT TOWN,CBE,COIMBATORE,58,95.0,1.5833333333333333,Short
66607,CBE,COIMBATORE,PGTN,PALGHAT TOWN,58,105.0,1.75,Short
66608,PGTN,PALGHAT TOWN,ED,ERODE JN.,158,275.0,4.583333333333333,Medium
66609,ED,ERODE JN.,PGTN,PALGHAT TOWN,159,280.0,4.666666666666667,Medium
66611,PGT,PALAKKAD JN,ERS,ERNAKULAM. J,149,245.0,4.083333333333333,Medium
66612,ERS,ERNAKULAM. J,PGT,PALAKKAD JN,150,255.0,4.25,Medium
67247,RVD,RAVIKAMPADU,VSKP,VISAKHAPATNA,121,205.0,3.4166666666666665,Medium
67248,TUNI,TUNI,RJY,RAJAHMUNDRY,103,155.0,2.5833333333333335,Medium
67249,TDU,TANDUR,SC,SECUNDERABAD,113,175.0,2.9166666666666665,Medium
67250,SC,SECUNDERABAD,TDU,TANDUR,113,180.0,3.0,Medium
67251,BZA,VIJAYWADA JN,TEL,TENALI JN.,31,50.0,0.8333333333333334,Short
67253,TEL,TENALI JN.,BZA,VIJAYWADA JN,31,55.0,0.9166666666666666,Short
67254,BZA,VIJAYWADA JN,GNT,GUNTUR JN.,32,60.0,1.0,Short
67255,GNT,GUNTUR JN.,TEL,TENALI JN.,25,45.0,0.75,Short
67256,TEL,TENALI JN.,OGL,ONGOLE,106,155.0,2.5833333333333335,Medium
67257,OGL,ONGOLE,TEL,TENALI JN.,106,200.0,3.3333333333333335,Medium
67258,TEL,TENALI JN.,GNT,GUNTUR JN.,25,70.0,1.1666666666666667,Short
67259,GNT,GUNTUR JN.,BZA,VIJAYWADA JN,32,65.0,1.0833333333333333,Short
67260,OGL,ONGOLE,BZA,VIJAYWADA JN,138,205.0,3.4166666666666665,Medium
67261,BZA,VIJAYWADA JN,RJY,RAJAHMUNDRY,149,240.0,4.0,Medium
67262,RJY,RAJAHMUNDRY,BZA,VIJAYWADA JN,149,230.0,3.8333333333333335,Medium
67263,BZA,VIJAYWADA JN,OGL,ONGOLE,138,220.0,3.6666666666666665,Medium
67264,HYB,HYDERABAD DE,WL,WARANGAL,163,245.0,4.083333333333333,Medium
67265,WL,WARANGAL,HYB,HYDERABAD DE,163,235.0,3.9166666666666665,Medium
67266,HYB,HYDERABAD DE,KZJ,KAZIPET JN.,143,200.0,3.3333333333333335,Medium
67267,WL,WARANGAL,HYB,HYDERABAD DE,163,245.0,4.083333333333333,Medium
67269,KZJ,KAZIPET JN.,DKJ,DORNAKAL JN.,104,120.0,2.0,Medium
67270,DKJ,DORNAKAL JN.,KZJ,KAZIPET JN.,104,140.0,2.3333333333333335,Medium
67271,DKJ,DORNAKAL JN.,BZA,VIJAYWADA JN,121,190.0,3.1666666666666665,Medium
67272,BZA,VIJAYWADA JN,DKJ,DORNAKAL JN.,122,160.0,2.6666666666666665,Medium
67273,BZA,VIJAYWADA JN,GNT,GUNTUR JN.,32,60.0,1.0,Short
67274,GNT,GUNTUR JN.,BZA,VIJAYWADA JN,32,60.0,1.0,Short
67275,FM,FALAKNUMA,BG,BHONGIR,59,105.0,1.75,Short
67276,BG,BHONGIR,FM,FALAKNUMA,59,115.0,1.9166666666666667,Short
67277,FM,FALAKNUMA,ZN,JANGAON,96,165.0,2.75,Short
67278,ZN,JANGAON,FM,FALAKNUMA,96,180.0,3.0,Short
67279,GDR,GUDUR JN.,OGL,ONGOLE,154,190.0,3.1666666666666665,Medium
67280,OGL,ONGOLE,GDR,GUDUR JN.,154,205.0,3.4166666666666665,Medium
67282,PSA,PALASA,VZM,VIZIANAGARAM,142,155.0,2.5833333333333335,Medium
67291,VZM,VIZIANAGARAM,VSKP,VISAKHAPATNA,60,75.0,1.25,Short
67292,VSKP,VISAKHAPATNA,VZM,VIZIANAGARAM,60,80.0,1.3333333333333333,Short
67293,VZM,VIZIANAGARAM,VSKP,VISAKHAPATNA,60,95.0,1.5833333333333333,Short
67294,VSKP,VISAKHAPATNA,CHE,SRIKAKULAM R,130,150.0,2.5,Medium
67295,RJY,RAJAHMUNDRY,RVD,RAVIKAMPADU,79,105.0,1.75,Short
67296,VSKP,VISAKHAPATNA,TUNI,TUNI,97,117.0,1.95,Short
67297,OGL,ONGOLE,BZA,VIJAYWADA JN,138,225.0,3.75,Medium
67298,BZA,VIJAYWADA JN,OGL,ONGOLE,138,240.0,4.0,Medium
67299,RJY,RAJAHMUNDRY,BZA,VIJAYWADA JN,149,290.0,4.833333333333333,Medium
67300,BZA,VIJAYWADA JN,RJY,RAJAHMUNDRY,149,265.0,4.416666666666667,Medium
68001,SRC,SANTRAGACHI,JGM,JHARGRAM,148,170.0,2.8333333333333335,Medium
68003,HWH,HOWRAH JN.,GTS,GHATSILA,215,230.0,3.8333333333333335,Medium
68004,GTS,GHATSILA,HWH,HOWRAH JN.,214,257.0,4.283333333333333,Medium
68005,KGP,KHARAGPUR,TATA,TATANAGAR JN,137,195.0,3.25,Medium
68006,TATA,TATANAGAR JN,KGP,KHARAGPUR,137,180.0,3.0,Medium
68007,HWH,HOWRAH JN.,JER,JALESWAR,188,285.0,4.75,Medium
68008,JGM,JHARGRAM,SRC,SANTRAGACHI,147,157.0,2.6166666666666667,Medium
68009,TATA,TATANAGAR JN,CKP,CHAKARADHARP,62,75.0,1.25,Short
68010,CKP,CHAKARADHARP,TATA,TATANAGAR JN,62,100.0,1.6666666666666667,Short
68011,KGP,KHARAGPUR,TATA,TATANAGAR JN,137,160.0,2.6666666666666665,Medium
68012,TATA,TATANAGAR JN,KGP,KHARAGPUR,137,155.0,2.5833333333333335,Medium
68013,KGP,KHARAGPUR,TATA,TATANAGAR JN,137,160.0,2.6666666666666665,Medium
68014,TATA,TATANAGAR JN,KGP,KHARAGPUR,137,190.0,3.1666666666666665,Medium
68015,KGP,KHARAGPUR,TATA,TATANAGAR JN,137,150.0,2.5,Medium
68016,TATA,TATANAGAR JN,KGP,KHARAGPUR,137,160.0,2.6666666666666665,Medium
68017,GMO,NSC BOSE J G,CKP,CHAKARADHARP,238,455.0,7.583333333333333,Medium
68018,CKP,CHAKARADHARP,GMO,NSC BOSE J G,238,460.0,7.666666666666667,Medium
68019,JGM,JHARGRAM,PLJE,PHULWARTANR,284,425.0,7.083333333333333,Medium
68020,PLJE,PHULWARTANR,JGM,JHARGRAM,284,365.0,6.083333333333333,Medium
68021,KGP,KHARAGPUR,BLS,BALASORE,120,160.0,2.6666666666666665,Medium
68022,BLS,BALASORE,KGP,KHARAGPUR,120,160.0,2.6666666666666665,Medium
68023,JGM,JHARGRAM,PRR,PURULIA JN.,188,280.0,4.666666666666667,Medium
68024,PRR,PURULIA JN.,JGM,JHARGRAM,189,245.0,4.083333333333333,Medium
68047,KGP,KHARAGPUR,BLDA,BELDA,40,50.0,0.8333333333333334,Short
68048,BLDA,BELDA,KGP,KHARAGPUR,40,55.0,0.9166666666666666,Short
68053,ADRA,ADRA,BBM,BARABHUM,71,90.0,1.5,Short
68054,BBM,BARABHUM,ADRA,ADRA,70,85.0,1.4166666666666667,Short
68055,ASN,ASANSOL MAIN,TATA,TATANAGAR JN,171,305.0,5.083333333333333,Medium
68056,TATA,TATANAGAR JN,ASN,ASANSOL MAIN,170,275.0,4.583333333333333,Medium
68057,ADRA,ADRA,PRR,PURULIA JN.,39,50.0,0.8333333333333334,Short
68058,PRR,PURULIA JN.,ADRA,ADRA,39,55.0,0.9166666666666666,Short
68059,BBM,BARABHUM,ASN,ASANSOL MAIN,112,175.0,2.9166666666666665,Medium
68060,ASN,ASANSOL MAIN,BBM,BARABHUM,112,200.0,3.3333333333333335,Medium
68063,ADRA,ADRA,ASN,ASANSOL MAIN,41,65.0,1.0833333333333333,Short
68069,ADRA,ADRA,ASN,ASANSOL MAIN,41,65.0,1.0833333333333333,Short
68070,ASN,ASANSOL MAIN,ADRA,ADRA,41,60.0,1.0,Short
68071,ADRA,ADRA,KNF,KHANODIH,70,140.0,2.3333333333333335,Short
68072,VAA,BHAGA JN,ADRA,ADRA,40,65.0,1.0833333333333333,Short
68073,BJE,BHOJUDIH JN.,VAA,BHAGA JN,11,25.0,0.4166666666666667,Short
68074,KNF,KHANODIH,BJE,BHOJUDIH JN.,40,90.0,1.5,Short
68075,ADRA,ADRA,BJE,BHOJUDIH JN.,29,35.0,0.5833333333333334,Short
68076,BJE,BHOJUDIH JN.,ADRA,ADRA,29,40.0,0.6666666666666666,Short
68077,ADRA,ADRA,VAA,BHAGA JN,40,75.0,1.25,Short
68078,VAA,BHAGA JN,ADRA,ADRA,40,65.0,1.0833333333333333,Short
68079,BJE,BHOJUDIH JN.,CRP,CHANDRAPURA,37,90.0,1.5,Short
68080,CRP,CHANDRAPURA,BJE,BHOJUDIH JN.,37,105.0,1.75,Short
68081,BQA,BANKURA,ADRA,ADRA,53,55.0,0.9166666666666666,Short
68082,ADRA,ADRA,VSU,BISHNUPUR,84,95.0,1.5833333333333333,Short
68088,DHN,DHANBAD JN.,BQA,BANKURA,121,230.0,3.8333333333333335,Medium
68089,MDN,MIDNAPORE,ADRA,ADRA,155,160.0,2.6666666666666665,Medium
68090,ADRA,ADRA,MDN,MIDNAPORE,155,180.0,3.0,Medium
68091,MDN,MIDNAPORE,JGM,JHARGRAM,51,83.0,1.3833333333333333,Short
68092,JGM,JHARGRAM,MDN,MIDNAPORE,51,80.0,1.3333333333333333,Short
68093,MDN,MIDNAPORE,JGM,JHARGRAM,51,90.0,1.5,Short
68094,JGM,JHARGRAM,MDN,MIDNAPORE,51,95.0,1.5833333333333333,Short
68097,GBA,GARBETA,ADRA,ADRA,108,110.0,1.8333333333333333,Medium
68098,ADRA,ADRA,GBA,GARBETA,108,115.0,1.9166666666666667,Medium
68643,KGP,KHARAGPUR,HIJ,HIJLI,8,15.0,0.25,Short
68644,HIJ,HIJLI,KGP,KHARAGPUR,8,15.0,0.25,Short
68645,KGP,KHARAGPUR,HIJ,HIJLI,8,12.0,0.2,Short
68646,HIJ,HIJLI,KGP,KHARAGPUR,8,15.0,0.25,Short
68685,MCA,MECHEDA,DGHA,DIGHA FS,130,187.0,3.1166666666666667,Medium
68686,DGHA,DIGHA FS,PKU,PANSKURA,117,145.0,2.4166666666666665,Medium
68688,DGHA,DIGHA FS,PKU,PANSKURA,117,155.0,2.5833333333333335,Medium
68689,PKU,PANSKURA,DGHA,DIGHA FS,117,153.0,2.55,Medium
68690,DGHA,DIGHA FS,MCA,MECHEDA,130,173.0,2.8833333333333333,Medium
68701,R,RAIPUR JN.,DURG,DURG,48,55.0,0.9166666666666666,Short
68702,DURG,DURG,R,RAIPUR JN.,41,55.0,0.9166666666666666,Short
68703,R,RAIPUR JN.,DURG,DURG,48,55.0,0.9166666666666666,Short
68704,DURG,DURG,R,RAIPUR JN.,41,60.0,1.0,Short
68705,R,RAIPUR JN.,DGG,DONGAR GARH,109,130.0,2.1666666666666665,Medium
68706,DGG,DONGAR GARH,BSP,BILASPUR JN.,214,395.0,6.583333333333333,Medium
68707,R,RAIPUR JN.,DURG,DURG,48,60.0,1.0,Short
68708,DURG,DURG,R,RAIPUR JN.,34,60.0,1.0,Short
68709,R,RAIPUR JN.,DGG,DONGAR GARH,109,135.0,2.25,Medium
68710,DGG,DONGAR GARH,R,RAIPUR JN.,102,135.0,2.25,Medium
68711,DGG,DONGAR GARH,G,GONDIA JN.,73,90.0,1.5,Short
68712,G,GONDIA JN.,DGG,DONGAR GARH,73,85.0,1.4166666666666667,Short
68713,G,GONDIA JN.,ITR,ITWARI JN.,127,160.0,2.6666666666666665,Medium
68714,ITR,ITWARI JN.,G,GONDIA JN.,126,195.0,3.25,Medium
68715,G,GONDIA JN.,ITR,ITWARI JN.,127,150.0,2.5,Medium
68716,ITR,ITWARI JN.,G,GONDIA JN.,126,165.0,2.75,Medium
68717,R,RAIPUR JN.,DURG,DURG,48,55.0,0.9166666666666666,Short
68718,DURG,DURG,R,RAIPUR JN.,41,50.0,0.8333333333333334,Short
68719,BSP,BILASPUR JN.,R,RAIPUR JN.,112,140.0,2.3333333333333335,Medium
68721,R,RAIPUR JN.,DGG,DONGAR GARH,109,140.0,2.3333333333333335,Medium
68723,DGG,DONGAR GARH,G,GONDIA JN.,73,105.0,1.75,Short
68724,G,GONDIA JN.,R,RAIPUR JN.,175,260.0,4.333333333333333,Medium
68725,R,RAIPUR JN.,DURG,DURG,48,60.0,1.0,Short
68726,DURG,DURG,R,RAIPUR JN.,41,65.0,1.0833333333333333,Short
68727,BSP,BILASPUR JN.,R,RAIPUR JN.,112,145.0,2.4166666666666665,Medium
68728,R,RAIPUR JN.,BSP,BILASPUR JN.,111,130.0,2.1666666666666665,Medium
68729,R,RAIPUR JN.,DGG,DONGAR GARH,109,125.0,2.0833333333333335,Medium
68730,DGG,DONGAR GARH,R,RAIPUR JN.,102,150.0,2.5,Medium
68731,GAD,GEVRA-ROAD,BSP,BILASPUR JN.,97,135.0,2.25,Short
68732,BSP,BILASPUR JN.,GAD,GEVRA-ROAD,97,135.0,2.25,Short
68733,GAD,GEVRA-ROAD,BSP,BILASPUR JN.,97,140.0,2.3333333333333335,Short
68734,BSP,BILASPUR JN.,GAD,GEVRA-ROAD,97,135.0,2.25,Short
68735,RIG,RAIGARH,BSP,BILASPUR JN.,135,150.0,2.5,Medium
68736,BSP,BILASPUR JN.,RIG,RAIGARH,135,150.0,2.5,Medium
68737,RIG,RAIGARH,BSP,BILASPUR JN.,135,175.0,2.9166666666666665,Medium
68738,BSP,BILASPUR JN.,RIG,RAIGARH,133,145.0,2.4166666666666665,Medium
68739,PND,PENDRA ROAD,BSP,BILASPUR JN.,100,160.0,2.6666666666666665,Short
68740,BSP,BILASPUR JN.,PND,PENDRA ROAD,100,175.0,2.9166666666666665,Short
68741,DURG,DURG,G,GONDIA JN.,133,170.0,2.8333333333333335,Medium
68742,G,GONDIA JN.,DURG,DURG,133,180.0,3.0,Medium
68743,G,GONDIA JN.,ITR,ITWARI JN.,127,170.0,2.8333333333333335,Medium
68744,ITR,ITWARI JN.,G,GONDIA JN.,126,175.0,2.9166666666666665,Medium
68745,GAD,GEVRA-ROAD,R,RAIPUR JN.,209,315.0,5.25,Medium
68746,R,RAIPUR JN.,GAD,GEVRA-ROAD,209,290.0,4.833333333333333,Medium
68747,BSP,BILASPUR JN.,KTE,KATNI,320,500.0,8.333333333333334,Medium
68748,KTE,KATNI,BSP,BILASPUR JN.,318,475.0,7.916666666666667,Medium
68749,SDL,SHAHDOL,ABKP,AMBIKAPUR,215,340.0,5.666666666666667,Medium
68750,ABKP,AMBIKAPUR,SDL,SHAHDOL,215,345.0,5.75,Medium
69101,BRC,VADODARA JN.,ADI,AHMEDABAD,99,175.0,2.9166666666666665,Short
69102,ADI,AHMEDABAD,BRC,VADODARA JN.,99,195.0,3.25,Short
69104,ANND,ANAND JN.,BRC,VADODARA JN.,35,90.0,1.5,Short
69105,ANND,ANAND JN.,ADI,AHMEDABAD,63,125.0,2.0833333333333335,Short
69106,ADI,AHMEDABAD,ANND,ANAND JN.,63,95.0,1.5833333333333333,Short
69107,BRC,VADODARA JN.,ADI,AHMEDABAD,99,190.0,3.1666666666666665,Short
69108,ADI,AHMEDABAD,BRC,VADODARA JN.,99,165.0,2.75,Short
69109,ST,SURAT,BRC,VADODARA JN.,128,210.0,3.5,Medium
69110,BRC,VADODARA JN.,ST,SURAT,128,190.0,3.1666666666666665,Medium
69111,ST,SURAT,BRC,VADODARA JN.,128,190.0,3.1666666666666665,Medium
69112,BRC,VADODARA JN.,ST,SURAT,128,200.0,3.3333333333333335,Medium
69113,BRC,VADODARA JN.,ADI,AHMEDABAD,99,180.0,3.0,Short
69114,ADI,AHMEDABAD,BRC,VADODARA JN.,99,180.0,3.0,Short
69115,BRC,VADODARA JN.,ADI,AHMEDABAD,99,170.0,2.8333333333333335,Short
69116,ADI,AHMEDABAD,ANND,ANAND JN.,63,80.0,1.3333333333333333,Short
69117,BRC,VADODARA JN.,DHD,DAHOD,146,225.0,3.75,Medium
69118,DHD,DAHOD,BRC,VADODARA JN.,147,190.0,3.1666666666666665,Medium
69119,BRC,VADODARA JN.,DHD,DAHOD,146,230.0,3.8333333333333335,Medium
69120,DHD,DAHOD,BRC,VADODARA JN.,147,205.0,3.4166666666666665,Medium
69121,BRC,VADODARA JN.,GDA,GODHRA JN.,72,115.0,1.9166666666666667,Short
69122,GDA,GODHRA JN.,BRC,VADODARA JN.,72,115.0,1.9166666666666667,Short
69123,ANND,ANAND JN.,GDA,GODHRA JN.,78,130.0,2.1666666666666665,Short
69124,GDA,GODHRA JN.,ANND,ANAND JN.,78,135.0,2.25,Short
69125,ANND,ANAND JN.,GDA,GODHRA JN.,78,130.0,2.1666666666666665,Short
69126,GDA,GODHRA JN.,ANND,ANAND JN.,78,140.0,2.3333333333333335,Short
69127,ANND,ANAND JN.,ADI,AHMEDABAD,63,105.0,1.75,Short
69128,ADI,AHMEDABAD,ANND,ANAND JN.,63,100.0,1.6666666666666667,Short
69129,ANND,ANAND JN.,ADI,AHMEDABAD,63,115.0,1.9166666666666667,Short
69130,ADI,AHMEDABAD,ANND,ANAND JN.,63,100.0,1.6666666666666667,Short
69131,ADI,AHMEDABAD,GNC,GANDHINAGAR,31,65.0,1.0833333333333333,Short
69132,GNC,GANDHINAGAR,ADI,AHMEDABAD,31,65.0,1.0833333333333333,Short
69133,ANND,ANAND JN.,DK,DAKOR,29,50.0,0.8333333333333334,Short
69134,DK,DAKOR,ANND,ANAND JN.,29,50.0,0.8333333333333334,Short
69135,ANND,ANAND JN.,DK,DAKOR,29,50.0,0.8333333333333334,Short
69136,DK,DAKOR,ANND,ANAND JN.,29,50.0,0.8333333333333334,Short
69137,BRC,VADODARA JN.,ANND,ANAND JN.,35,75.0,1.25,Short
69138,ANND,ANAND JN.,BRC,VADODARA JN.,35,70.0,1.1666666666666667,Short
69139,BVI,BORIVLI,ST,SURAT,232,370.0,6.166666666666667,Medium
69140,ST,SURAT,VR,VIRAR,206,290.0,4.833333333333333,Medium
69141,SJN,SANJAN,ST,SURAT,117,180.0,3.0,Medium
69142,ST,SURAT,SJN,SANJAN,117,180.0,3.0,Medium
69143,VR,VIRAR,SJN,SANJAN,89,110.0,1.8333333333333333,Short
69144,SJN,SANJAN,VR,VIRAR,89,110.0,1.8333333333333333,Short
69145,ANND,ANAND JN.,GDA,GODHRA JN.,78,130.0,2.1666666666666665,Short
69146,GDA,GODHRA JN.,ANND,ANAND JN.,78,135.0,2.25,Short
69147,ANND,ANAND JN.,GDA,GODHRA JN.,78,140.0,2.3333333333333335,Short
69149,VR,VIRAR,BH,BHARUCH JN.,265,430.0,7.166666666666667,Medium
69150,BH,BHARUCH JN.,VR,VIRAR,265,445.0,7.416666666666667,Medium
69151,BL,VALSAD,ST,SURAT,68,110.0,1.8333333333333333,Short
69152,ST,SURAT,BL,VALSAD,68,125.0,2.0833333333333335,Short
69153,UBR,UMBERGAON RO,BL,VALSAD,54,85.0,1.4166666666666667,Short
69154,BL,VALSAD,UBR,UMBERGAON RO,54,75.0,1.25,Short
69161,PNVL,PANVEL,DRD,DAHANU ROAD,137,215.0,3.5833333333333335,Medium
69164,DRD,DAHANU ROAD,PNVL,PANVEL,137,205.0,3.4166666666666665,Medium
69165,PNVL,PANVEL,BSR,VASAI ROAD,65,105.0,1.75,Short
69166,BSR,VASAI ROAD,PNVL,PANVEL,65,100.0,1.6666666666666667,Short
69167,PNVL,PANVEL,BSR,VASAI ROAD,65,95.0,1.5833333333333333,Short
69168,BSR,VASAI ROAD,PNVL,PANVEL,65,95.0,1.5833333333333333,Short
69169,ST,SURAT,NDB,NANDURBAR,160,265.0,4.416666666666667,Medium
69171,ST,SURAT,BH,BHARUCH JN.,58,95.0,1.5833333333333333,Short
69172,BH,BHARUCH JN.,ST,SURAT,58,110.0,1.8333333333333333,Short
69173,VR,VIRAR,DRD,DAHANU ROAD,63,76.0,1.2666666666666666,Short
69174,DRD,DAHANU ROAD,BVI,BORIVLI,89,100.0,1.6666666666666667,Short
69181,DHD,DAHOD,RTM,RATLAM JN,114,130.0,2.1666666666666665,Medium
69182,RTM,RATLAM JN,DHD,DAHOD,114,145.0,2.4166666666666665,Medium
69183,RTM,RATLAM JN,NAD,NAGDA JN,44,55.0,0.9166666666666666,Short
69184,NAD,NAGDA JN,RTM,RATLAM JN,44,60.0,1.0,Short
69185,NAD,NAGDA JN,UJN,UJJAIN JN,54,85.0,1.4166666666666667,Short
69186,UJN,UJJAIN JN,NAD,NAGDA JN,54,85.0,1.4166666666666667,Short
69187,DHD,DAHOD,RTM,RATLAM JN,114,185.0,3.0833333333333335,Medium
69188,RTM,RATLAM JN,DHD,DAHOD,114,170.0,2.8333333333333335,Medium
69189,ANND,ANAND JN.,DHD,DAHOD,152,245.0,4.083333333333333,Medium
69190,DHD,DAHOD,ANND,ANAND JN.,153,265.0,4.416666666666667,Medium
69191,ANND,ANAND JN.,GNC,GANDHINAGAR,95,195.0,3.25,Short
69192,GNC,GANDHINAGAR,ANND,ANAND JN.,95,175.0,2.9166666666666665,Short
69195,BH,BHARUCH JN.,DGFJ,DAHEJ,61,95.0,1.5833333333333333,Short
69196,DGFJ,DAHEJ,BH,BHARUCH JN.,61,95.0,1.5833333333333333,Short
70101,PERN,PERNEM,KAWR,KAWR,115,170.0,2.8333333333333335,Medium
70102,KAWR,KAWR,PERN,PERNEM,119,135.0,2.25,Medium
70103,PERN,PERNEM,KAWR,KAWR,115,200.0,3.3333333333333335,Medium
70104,KAWR,KAWR,PERN,PERNEM,119,165.0,2.75,Medium
70105,MAO,MADGOAN JN.,MAQ,MANGALORE CE,324,425.0,7.083333333333333,Medium
70106,MAQ,MANGALORE CE,MAO,MADGOAN JN.,326,420.0,7.0,Medium
71081,BSR,VASAI ROAD,DIVA,DIVA JN,41,60.0,1.0,Short
71082,DDCL,DOMBIVLI CTL,BOR,BOISAR,86,146.0,2.433333333333333,Short
71083,BSR,VASAI ROAD,DIVA,DIVA JN,41,60.0,1.0,Short
71084,DIVA,DIVA JN,BSR,VASAI ROAD,41,52.0,0.8666666666666667,Short
71085,BSR,VASAI ROAD,DIVA,DIVA JN,41,52.0,0.8666666666666667,Short
71086,DIVA,DIVA JN,BSR,VASAI ROAD,41,60.0,1.0,Short
71088,BOR,BOISAR,BSR,VASAI ROAD,51,70.0,1.1666666666666667,Short
71089,DIVA,DIVA JN,ROHA,ROHA,105,185.0,3.0833333333333335,Medium
71092,ROHA,ROHA,DIVA,DIVA JN,105,160.0,2.6666666666666665,Medium
71093,BSR,VASAI ROAD,DIVA,DIVA JN,41,60.0,1.0,Short
71094,DIVA,DIVA JN,BSR,VASAI ROAD,41,60.0,1.0,Short
71095,DIVA,DIVA JN,ROHA,ROHA,105,155.0,2.5833333333333335,Medium
71096,ROHA,ROHA,DIVA,DIVA JN,105,185.0,3.0833333333333335,Medium
71401,DD,DAUND JN.,BRMT,BARAMATI,43,80.0,1.3333333333333333,Short
71402,BRMT,BARAMATI,PUNE,PUNE JN.,121,190.0,3.1666666666666665,Medium
71403,PUNE,PUNE JN.,DD,DAUND JN.,77,110.0,1.8333333333333333,Short
71404,BRMT,BARAMATI,PUNE,PUNE JN.,121,200.0,3.3333333333333335,Medium
71405,DD,DAUND JN.,BRMT,BARAMATI,43,80.0,1.3333333333333333,Short
71407,PUNE,PUNE JN.,DD,DAUND JN.,77,123.0,2.05,Short
71408,DD,DAUND JN.,PUNE,PUNE JN.,77,98.0,1.6333333333333333,Short
71409,PUNE,PUNE JN.,DD,DAUND JN.,77,138.0,2.3,Short
71410,DD,DAUND JN.,PUNE,PUNE JN.,77,100.0,1.6666666666666667,Short
71411,PUNE,PUNE JN.,DD,DAUND JN.,77,108.0,1.8,Short
71413,PUNE,PUNE JN.,SUR,SOLAPUR,265,555.0,9.25,Medium
71414,SUR,SOLAPUR,PUNE,PUNE JN.,265,515.0,8.583333333333334,Medium
71415,PUNE,PUNE JN.,SUR,SOLAPUR,265,455.0,7.583333333333333,Medium
71416,SUR,SOLAPUR,PUNE,PUNE JN.,265,455.0,7.583333333333333,Medium
71901,IDH,IDGAH,BTE,BHARATPUR JN,51,65.0,1.0833333333333333,Short
71902,BTE,BHARATPUR JN,IDH,IDGAH,51,75.0,1.25,Short
71903,IDH,IDGAH,BKI,BANDIKUI JN.,148,220.0,3.6666666666666665,Medium
71904,BKI,BANDIKUI JN.,IDH,IDGAH,148,195.0,3.25,Medium
71905,IDH,IDGAH,BTE,BHARATPUR JN,51,100.0,1.6666666666666667,Short
71906,BTE,BHARATPUR JN,IDH,IDGAH,51,80.0,1.3333333333333333,Short
71907,IDH,IDGAH,BKI,BANDIKUI JN.,148,230.0,3.8333333333333335,Medium
71908,BKI,BANDIKUI JN.,IDH,IDGAH,148,195.0,3.25,Medium
71909,AGC,AGRA CANTT,ETW,ETAWAH,136,205.0,3.4166666666666665,Medium
71910,ETW,ETAWAH,AGC,AGRA CANTT,136,225.0,3.75,Medium
72171,MTJ,MATHURA JN.,BDB,VRINDAVAN,18,35.0,0.5833333333333334,Short
72172,BDB,VRINDAVAN,MTJ,MATHURA JN.,18,35.0,0.5833333333333334,Short
72173,MTJ,MATHURA JN.,BDB,VRINDAVAN,18,35.0,0.5833333333333334,Short
72174,BDB,VRINDAVAN,MTJ,MATHURA JN.,18,35.0,0.5833333333333334,Short
72175,MTJ,MATHURA JN.,BDB,VRINDAVAN,18,35.0,0.5833333333333334,Short
72176,BDB,VRINDAVAN,MTJ,MATHURA JN.,18,35.0,0.5833333333333334,Short
72177,MTJ,MATHURA JN.,BDB,VRINDAVAN,18,35.0,0.5833333333333334,Short
72178,BDB,VRINDAVAN,MTJ,MATHURA JN.,18,35.0,0.5833333333333334,Short
72179,MTJ,MATHURA JN.,BDB,VRINDAVAN,18,35.0,0.5833333333333334,Short
72180,BDB,VRINDAVAN,MTJ,MATHURA JN.,18,35.0,0.5833333333333334,Short
72203,IAA,INDARA JN.,DIT,DOHRIGHAT,34,85.0,1.4166666666666667,Short
72204,DIT,DOHRIGHAT,IAA,INDARA JN.,35,85.0,1.4166666666666667,Short
72205,IAA,INDARA JN.,DIT,DOHRIGHAT,34,90.0,1.5,Short
72206,DIT,DOHRIGHAT,IAA,INDARA JN.,35,90.0,1.5,Short
72207,IAA,INDARA JN.,DIT,DOHRIGHAT,34,90.0,1.5,Short
72208,DIT,DOHRIGHAT,IAA,INDARA JN.,35,85.0,1.4166666666666667,Short
72209,IAA,INDARA JN.,DIT,DOHRIGHAT,34,80.0,1.3333333333333333,Short
72210,DIT,DOHRIGHAT,IAA,INDARA JN.,35,80.0,1.3333333333333333,Short
72451,KLK,KALKA,SML,SHIMLA,95,260.0,4.333333333333333,Short
72452,SML,SHIMLA,KLK,KALKA,95,270.0,4.5,Short
73011,BWN,BARDDHAMAN J,RPH,RAMPUR HAT,111,150.0,2.5,Medium
73012,RPH,RAMPUR HAT,BWN,BARDDHAMAN J,111,150.0,2.5,Medium
73021,AZ,AZIMGANJ JN.,RPH,RAMPUR HAT,59,110.0,1.8333333333333333,Short
73022,RPH,RAMPUR HAT,AZ,AZIMGANJ JN.,59,100.0,1.6666666666666667,Short
73031,KWAE,KATWA JN.,AZ,AZIMGANJ JN.,65,110.0,1.8333333333333333,Short
73032,AZ,AZIMGANJ JN.,KWAE,KATWA JN.,65,120.0,2.0,Short
73033,AZ,AZIMGANJ JN.,NHT,NALHATI JN.,44,75.0,1.25,Short
73034,NHT,NALHATI JN.,AZ,AZIMGANJ JN.,44,86.0,1.4333333333333333,Short
73035,KWAE,KATWA JN.,NILE,NIMTITA,127,220.0,3.6666666666666665,Medium
73036,NILE,NIMTITA,KWAE,KATWA JN.,127,214.0,3.566666666666667,Medium
73037,AZ,AZIMGANJ JN.,NILE,NIMTITA,54,70.0,1.1666666666666667,Short
73038,NILE,NIMTITA,AZ,AZIMGANJ JN.,54,90.0,1.5,Short
73151,SDAH,SEALDAH,JRLE,JANGIPUR ROA,261,420.0,7.0,Medium
73152,JRLE,JANGIPUR ROA,SDAH,SEALDAH,261,410.0,6.833333333333333,Medium
73211,PTG,PATNA GHAT,PNBE,PATNA JN.,10,65.0,1.0833333333333333,Short
73212,PNBE,PATNA JN.,PTG,PATNA GHAT,10,55.0,0.9166666666666666,Short
73213,PTG,PATNA GHAT,DDG,DIGHA GHAT,19,115.0,1.9166666666666667,Short
73214,DDG,DIGHA GHAT,PTG,PATNA GHAT,19,145.0,2.4166666666666665,Short
73215,DDG,DIGHA GHAT,RBHT,R BLOCK HALT,6,50.0,0.8333333333333334,Short
73216,RBHT,R BLOCK HALT,DDG,DIGHA GHAT,6,45.0,0.75,Short
73261,IPR,ISLAMPUR,PNBE,PATNA JN.,64,180.0,3.0,Short
73262,PNBE,PATNA JN.,IPR,ISLAMPUR,64,210.0,3.5,Short
73263,IPR,ISLAMPUR,PNBE,PATNA JN.,64,155.0,2.5833333333333335,Short
73264,PNBE,PATNA JN.,IPR,ISLAMPUR,64,205.0,3.4166666666666665,Short
73421,JMP,JAMALPUR JN.,KIUL,KIUL JN.,45,82.0,1.3666666666666667,Short
73422,KIUL,KIUL JN.,JMP,JAMALPUR JN.,44,75.0,1.25,Short
73425,JMP,JAMALPUR JN.,KIUL,KIUL JN.,45,85.0,1.4166666666666667,Short
73426,KIUL,KIUL JN.,JMP,JAMALPUR JN.,45,70.0,1.1666666666666667,Short
73427,JMP,JAMALPUR JN.,KIUL,KIUL JN.,45,90.0,1.5,Short
73428,KIUL,KIUL JN.,JMP,JAMALPUR JN.,45,78.0,1.3,Short
73429,BGP,BHAGALPUR,JMP,JAMALPUR JN.,47,85.0,1.4166666666666667,Short
73430,JMP,JAMALPUR JN.,BGP,BHAGALPUR,47,87.0,1.45,Short
73451,TIL,TILRATH,JMP,JAMALPUR JN.,56,105.0,1.75,Short
73452,JMP,JAMALPUR JN.,TIL,TILRATH,56,105.0,1.75,Short
73453,TIL,TILRATH,JMP,JAMALPUR JN.,56,93.0,1.55,Short
73454,JMP,JAMALPUR JN.,TIL,TILRATH,56,105.0,1.75,Short
73461,KGG,KHAGARIA JN.,JMP,JAMALPUR JN.,28,60.0,1.0,Short
73462,JMP,JAMALPUR JN.,KGG,KHAGARIA JN.,28,60.0,1.0,Short
73463,KGG,KHAGARIA JN.,JMP,JAMALPUR JN.,28,60.0,1.0,Short
73464,JMP,JAMALPUR JN.,KGG,KHAGARIA JN.,28,60.0,1.0,Short
73538,JSME,JASIDIH JN.,UDL,ANDAL JN.,132,225.0,3.75,Medium
73539,UDL,ANDAL JN.,JSME,JASIDIH JN.,132,220.0,3.6666666666666665,Medium
73581,JSME,JASIDIH JN.,BAKA,BANKA,61,110.0,1.8333333333333333,Short
73582,BAKA,BANKA,JSME,JASIDIH JN.,61,110.0,1.8333333333333333,Short
73901,JMP,JAMALPUR JN.,DNRE,DHANAURI,39,70.0,1.1666666666666667,Short
73902,DNRE,DHANAURI,JMP,JAMALPUR JN.,39,80.0,1.3333333333333333,Short
73903,JMP,JAMALPUR JN.,DNRE,DHANAURI,39,65.0,1.0833333333333333,Short
73904,DNRE,DHANAURI,JMP,JAMALPUR JN.,39,75.0,1.25,Short
73905,JMP,JAMALPUR JN.,DNRE,DHANAURI,39,55.0,0.9166666666666666,Short
73911,SGG,SULTANGANJ,JMP,JAMALPUR JN.,28,70.0,1.1666666666666667,Short
73912,JMP,JAMALPUR JN.,SGG,SULTANGANJ,28,74.0,1.2333333333333334,Short
73913,SGG,SULTANGANJ,JMP,JAMALPUR JN.,28,80.0,1.3333333333333333,Short
73914,JMP,JAMALPUR JN.,SGG,SULTANGANJ,28,70.0,1.1666666666666667,Short
73916,JMP,JAMALPUR JN.,SGG,SULTANGANJ,28,72.0,1.2,Short
74001,DLI,DELHI JN.,RE,REWARI JN.,82,150.0,2.5,Short
74002,RE,REWARI JN.,DLI,DELHI JN.,82,155.0,2.5833333333333335,Short
74003,DLI,DELHI JN.,RE,REWARI JN.,82,160.0,2.6666666666666665,Short
74004,RE,REWARI JN.,DLI,DELHI JN.,82,165.0,2.75,Short
74011,DLI,DELHI JN.,ROK,ROHTAK JN.,69,135.0,2.25,Short
74012,ROK,ROHTAK JN.,DLI,DELHI JN.,69,155.0,2.5833333333333335,Short
74013,DLI,DELHI JN.,KKDE,KURUKSHETRA,246,405.0,6.75,Medium
74014,KKDE,KURUKSHETRA,DLI,DELHI JN.,247,410.0,6.833333333333333,Medium
74015,RE,REWARI JN.,JIND,JIND JN,138,180.0,3.0,Medium
74016,JIND,JIND JN,RE,REWARI JN.,138,185.0,3.0833333333333335,Medium
74017,RE,REWARI JN.,ROK,ROHTAK JN.,81,105.0,1.75,Short
74018,ROK,ROHTAK JN.,RE,REWARI JN.,81,105.0,1.75,Short
74019,SNP,SONIPAT,JIND,JIND JN,89,150.0,2.5,Short
74020,JIND,JIND JN,SNP,SONIPAT,89,155.0,2.5833333333333335,Short
74021,DLI,DELHI JN.,SRE,SAHARANPUR J,163,310.0,5.166666666666667,Medium
74022,SMQL,SHAMLI,DLI,DELHI JN.,93,220.0,3.6666666666666665,Short
74023,DLI,DELHI JN.,SMQL,SHAMLI,93,180.0,3.0,Short
74024,SRE,SAHARANPUR J,DLI,DELHI JN.,163,315.0,5.25,Medium
74025,DLI,DELHI JN.,SMQL,SHAMLI,93,210.0,3.5,Short
74026,SMQL,SHAMLI,DLI,DELHI JN.,93,205.0,3.4166666666666665,Short
74027,DLI,DELHI JN.,BTU,BARAUT,54,135.0,2.25,Short
74028,BTU,BARAUT,DLI,DELHI JN.,54,145.0,2.4166666666666665,Short
74029,SNP,SONIPAT,JIND,JIND JN,89,165.0,2.75,Short
74030,JIND,JIND JN,SNP,SONIPAT,89,155.0,2.5833333333333335,Short
74031,GHH,GARHI HARSAR,FN,FARUKHNAGAR,11,25.0,0.4166666666666667,Short
74032,FN,FARUKHNAGAR,DEE,DELHI-SARAI,47,100.0,1.6666666666666667,Short
74033,DEE,DELHI-SARAI,FN,FARUKHNAGAR,47,95.0,1.5833333333333333,Short
74034,FN,FARUKHNAGAR,GHH,GARHI HARSAR,11,25.0,0.4166666666666667,Short
74035,GHH,GARHI HARSAR,FN,FARUKHNAGAR,11,25.0,0.4166666666666667,Short
74036,FN,FARUKHNAGAR,DEE,DELHI-SARAI,47,95.0,1.5833333333333333,Short
74037,DEE,DELHI-SARAI,FN,FARUKHNAGAR,47,95.0,1.5833333333333333,Short
74038,FN,FARUKHNAGAR,GHH,GARHI HARSAR,11,25.0,0.4166666666666667,Short
74201,PBH,PARTAPGARH J,LKO,LUCKNOW JN.,172,345.0,5.75,Medium
74202,LKO,LUCKNOW JN.,PBH,PARTAPGARH J,172,295.0,4.916666666666667,Medium
74301,SHTS,SAMBAHAL HAT,MB,MORADABAD JN,47,135.0,2.25,Short
74302,MB,MORADABAD JN,SHTS,SAMBAHAL HAT,47,120.0,2.0,Short
74303,SHTS,SAMBAHAL HAT,MB,MORADABAD JN,47,120.0,2.0,Short
74304,MB,MORADABAD JN,SHTS,SAMBAHAL HAT,47,120.0,2.0,Short
74305,SHTS,SAMBAHAL HAT,MB,MORADABAD JN,47,135.0,2.25,Short
74306,MB,MORADABAD JN,SHTS,SAMBAHAL HAT,47,150.0,2.5,Short
74601,BEAS,BEAS JN,TTO,TARN TARAN,49,95.0,1.5833333333333333,Short
74602,TTO,TARN TARAN,BEAS,BEAS JN,49,95.0,1.5833333333333333,Short
74603,BEAS,BEAS JN,TTO,TARN TARAN,49,95.0,1.5833333333333333,Short
74604,TTO,TARN TARAN,BEAS,BEAS JN,49,95.0,1.5833333333333333,Short
74605,BEAS,BEAS JN,TTO,TARN TARAN,49,95.0,1.5833333333333333,Short
74606,TTO,TARN TARAN,BEAS,BEAS JN,49,95.0,1.5833333333333333,Short
74607,BEAS,BEAS JN,TTO,TARN TARAN,49,95.0,1.5833333333333333,Short
74608,TTO,TARN TARAN,BEAS,BEAS JN,49,95.0,1.5833333333333333,Short
74611,BAHL,BANIHAL,BDGM,BUDGAM,89,120.0,2.0,Short
74612,BDGM,BUDGAM,BAHL,BANIHAL,89,120.0,2.0,Short
74613,BDGM,BUDGAM,BRML,BARAMULLA,45,60.0,1.0,Short
74614,BRML,BARAMULLA,BAHL,BANIHAL,134,185.0,3.0833333333333335,Medium
74615,BAHL,BANIHAL,BRML,BARAMULLA,134,200.0,3.3333333333333335,Medium
74616,BRML,BARAMULLA,BDGM,BUDGAM,45,55.0,0.9166666666666666,Short
74617,BDGM,BUDGAM,BRML,BARAMULLA,45,65.0,1.0833333333333333,Short
74618,BRML,BARAMULLA,BDGM,BUDGAM,45,60.0,1.0,Short
74619,BAHL,BANIHAL,BRML,BARAMULLA,134,175.0,2.9166666666666665,Medium
74620,BRML,BARAMULLA,BAHL,BANIHAL,134,140.0,2.3333333333333335,Medium
74621,BDGM,BUDGAM,BRML,BARAMULLA,45,60.0,1.0,Short
74622,BRML,BARAMULLA,BDGM,BUDGAM,45,55.0,0.9166666666666666,Short
74623,BDGM,BUDGAM,BRML,BARAMULLA,45,55.0,0.9166666666666666,Short
74624,BRML,BARAMULLA,BDGM,BUDGAM,45,65.0,1.0833333333333333,Short
74625,BAHL,BANIHAL,BRML,BARAMULLA,134,170.0,2.8333333333333335,Medium
74626,BRML,BARAMULLA,BAHL,BANIHAL,134,200.0,3.3333333333333335,Medium
74627,BAHL,BANIHAL,BRML,BARAMULLA,134,180.0,3.0,Medium
74628,BRML,BARAMULLA,BAHL,BANIHAL,134,190.0,3.1666666666666665,Medium
74629,BAHL,BANIHAL,BRML,BARAMULLA,134,180.0,3.0,Medium
74630,BRML,BARAMULLA,BAHL,BANIHAL,134,170.0,2.8333333333333335,Medium
74631,BAHL,BANIHAL,BDGM,BUDGAM,89,140.0,2.3333333333333335,Short
74632,BDGM,BUDGAM,BAHL,BANIHAL,89,130.0,2.1666666666666665,Short
74633,BAHL,BANIHAL,BDGM,BUDGAM,89,125.0,2.0833333333333335,Short
74634,BDGM,BUDGAM,BAHL,BANIHAL,89,125.0,2.0833333333333335,Short
74635,BAHL,BANIHAL,BDGM,BUDGAM,89,120.0,2.0,Short
74636,BDGM,BUDGAM,BAHL,BANIHAL,89,125.0,2.0833333333333335,Short
74637,BAHL,BANIHAL,BDGM,BUDGAM,89,140.0,2.3333333333333335,Short
74638,BDGM,BUDGAM,BAHL,BANIHAL,89,140.0,2.3333333333333335,Short
74639,BAHL,BANIHAL,BDGM,BUDGAM,89,125.0,2.0833333333333335,Short
74640,BDGM,BUDGAM,BAHL,BANIHAL,89,125.0,2.0833333333333335,Short
74641,JUC,JALANDHAR CI,MOW,MANANWALA,68,95.0,1.5833333333333333,Short
74642,ASR,AMRITSAR JN.,JUC,JALANDHAR CI,78,120.0,2.0,Short
74643,JUC,JALANDHAR CI,ASR,AMRITSAR JN.,78,110.0,1.8333333333333333,Short
74644,ASR,AMRITSAR JN.,JUC,JALANDHAR CI,78,130.0,2.1666666666666665,Short
74645,UMB,AMBALA CANTT,JUC,JALANDHAR CI,170,270.0,4.5,Medium
74646,JUC,JALANDHAR CI,UMB,AMBALA CANTT,170,315.0,5.25,Medium
74647,LDH,LUDHIANA JN.,JUC,JALANDHAR CI,56,85.0,1.4166666666666667,Short
74648,JUC,JALANDHAR CI,LDH,LUDHIANA JN.,77,165.0,2.75,Short
74651,ASR,AMRITSAR JN.,DBNK,DERABABA NAN,53,90.0,1.5,Short
74652,DBNK,DERABABA NAN,VKA,VERKA JN.,45,85.0,1.4166666666666667,Short
74653,VKA,VERKA JN.,DBNK,DERABABA NAN,45,78.0,1.3,Short
74654,DBNK,DERABABA NAN,VKA,VERKA JN.,45,85.0,1.4166666666666667,Short
74655,VKA,VERKA JN.,DBNK,DERABABA NAN,45,82.0,1.3666666666666667,Short
74656,DBNK,DERABABA NAN,VKA,VERKA JN.,45,85.0,1.4166666666666667,Short
74657,VKA,VERKA JN.,DBNK,DERABABA NAN,45,78.0,1.3,Short
74658,DBNK,DERABABA NAN,ASR,AMRITSAR JN.,53,110.0,1.8333333333333333,Short
74661,ASR,AMRITSAR JN.,ATT,ATARI JN,25,40.0,0.6666666666666666,Short
74662,ATT,ATARI JN,ASR,AMRITSAR JN.,25,45.0,0.75,Short
74663,ASR,AMRITSAR JN.,ATT,ATARI JN,25,40.0,0.6666666666666666,Short
74664,ATT,ATARI JN,ASR,AMRITSAR JN.,25,50.0,0.8333333333333334,Short
74671,ASR,AMRITSAR JN.,PTK,PATHANKOT JN,106,205.0,3.4166666666666665,Medium
74672,PTK,PATHANKOT JN,ASR,AMRITSAR JN.,106,185.0,3.0833333333333335,Medium
74673,VKA,VERKA JN.,PTK,PATHANKOT JN,98,178.0,2.966666666666667,Short
74674,PTK,PATHANKOT JN,VKA,VERKA JN.,98,150.0,2.5,Short
74675,ASR,AMRITSAR JN.,PTK,PATHANKOT JN,106,165.0,2.75,Medium
74676,PTK,PATHANKOT JN,ASR,AMRITSAR JN.,106,175.0,2.9166666666666665,Medium
74681,KEMK,KHEM KARAN,ASR,AMRITSAR JN.,77,135.0,2.25,Short
74682,ASR,AMRITSAR JN.,KEMK,KHEM KARAN,77,130.0,2.1666666666666665,Short
74683,KEMK,KHEM KARAN,BGTN,BHAGTANWALA,72,120.0,2.0,Short
74684,ASR,AMRITSAR JN.,KEMK,KHEM KARAN,77,125.0,2.0833333333333335,Short
74685,KEMK,KHEM KARAN,BGTN,BHAGTANWALA,72,125.0,2.0833333333333335,Short
74686,BGTN,BHAGTANWALA,KEMK,KHEM KARAN,72,113.0,1.8833333333333333,Short
74687,KEMK,KHEM KARAN,ASR,AMRITSAR JN.,77,130.0,2.1666666666666665,Short
74688,BGTN,BHAGTANWALA,KEMK,KHEM KARAN,72,113.0,1.8833333333333333,Short
74691,ASR,AMRITSAR JN.,QDN,QADIAN,58,110.0,1.8333333333333333,Short
74692,QDN,QADIAN,ASR,AMRITSAR JN.,58,155.0,2.5833333333333335,Short
74801,MEC,MERTA CITY,MTD,MERTA ROAD J,14,35.0,0.5833333333333334,Short
74802,MTD,MERTA ROAD J,MEC,MERTA CITY,14,35.0,0.5833333333333334,Short
74803,MEC,MERTA CITY,MTD,MERTA ROAD J,14,30.0,0.5,Short
74804,MTD,MERTA ROAD J,MEC,MERTA CITY,14,30.0,0.5,Short
74805,MEC,MERTA CITY,MTD,MERTA ROAD J,14,30.0,0.5,Short
74806,MTD,MERTA ROAD J,MEC,MERTA CITY,14,30.0,0.5,Short
74807,MEC,MERTA CITY,MTD,MERTA ROAD J,14,30.0,0.5,Short
74808,MTD,MERTA ROAD J,MEC,MERTA CITY,14,30.0,0.5,Short
74809,MEC,MERTA CITY,MTD,MERTA ROAD J,14,30.0,0.5,Short
74810,MTD,MERTA ROAD J,MEC,MERTA CITY,14,30.0,0.5,Short
74811,MEC,MERTA CITY,MTD,MERTA ROAD J,14,30.0,0.5,Short
74812,MTD,MERTA ROAD J,MEC,MERTA CITY,14,30.0,0.5,Short
74813,MEC,MERTA CITY,MTD,MERTA ROAD J,14,30.0,0.5,Short
74814,MTD,MERTA ROAD J,MEC,MERTA CITY,14,30.0,0.5,Short
74815,MEC,MERTA CITY,MTD,MERTA ROAD J,14,30.0,0.5,Short
74816,MTD,MERTA ROAD J,MEC,MERTA CITY,14,30.0,0.5,Short
74817,MEC,MERTA CITY,MTD,MERTA ROAD J,14,30.0,0.5,Short
74818,MTD,MERTA ROAD J,MEC,MERTA CITY,14,30.0,0.5,Short
74831,BKN,BIKANER JN.,CUR,CHURU,185,265.0,4.416666666666667,Medium
74832,CUR,CHURU,BKN,BIKANER JN.,185,220.0,3.6666666666666665,Medium
74833,BKN,BIKANER JN.,HSR,HISAR JN,313,390.0,6.5,Medium
74834,HSR,HISAR JN,BKN,BIKANER JN.,313,380.0,6.333333333333333,Medium
74835,JU,JODHPUR JN.,HSR,HISAR JN,471,665.0,11.083333333333334,Medium
74836,HSR,HISAR JN,JU,JODHPUR JN.,471,675.0,11.25,Medium
74837,JU,JODHPUR JN.,PNU,PALANPUR JN,348,635.0,10.583333333333334,Medium
74838,PNU,PALANPUR JN,JU,JODHPUR JN.,348,525.0,8.75,Medium
74839,JU,JODHPUR JN.,BME,BARMER,208,285.0,4.75,Medium
74840,BME,BARMER,JU,JODHPUR JN.,209,285.0,4.75,Medium
74841,JU,JODHPUR JN.,BLDI,BHILDI JN,302,445.0,7.416666666666667,Medium
74842,BLDI,BHILDI JN,JU,JODHPUR JN.,303,445.0,7.416666666666667,Medium
74843,JU,JODHPUR JN.,BME,BARMER,208,300.0,5.0,Medium
74844,BME,BARMER,JU,JODHPUR JN.,209,290.0,4.833333333333333,Medium
74845,RE,REWARI JN.,HSR,HISAR JN,211,305.0,5.083333333333333,Medium
74846,HSR,HISAR JN,RE,REWARI JN.,211,315.0,5.25,Medium
74847,RE,REWARI JN.,HSR,HISAR JN,211,300.0,5.0,Medium
74848,HSR,HISAR JN,RE,REWARI JN.,211,320.0,5.333333333333333,Medium
74849,RTGH,RATANAGARH J,SRDR,SARDARSAHAR,48,75.0,1.25,Short
74850,SRDR,SARDARSAHAR,RTGH,RATANAGARH J,47,70.0,1.1666666666666667,Short
74851,RTGH,RATANAGARH J,SRDR,SARDARSAHAR,48,75.0,1.25,Short
74852,SRDR,SARDARSAHAR,RTGH,RATANAGARH J,47,70.0,1.1666666666666667,Short
74853,RTGH,RATANAGARH J,SRDR,SARDARSAHAR,48,75.0,1.25,Short
74854,SRDR,SARDARSAHAR,RTGH,RATANAGARH J,47,70.0,1.1666666666666667,Short
74855,BKN,BIKANER JN.,RTGH,RATANAGARH J,142,155.0,2.5833333333333335,Medium
74856,RTGH,RATANAGARH J,BKN,BIKANER JN.,142,185.0,3.0833333333333335,Medium
74857,SIKR,SIKAR JN.,CUR,CHURU,90,125.0,2.0833333333333335,Short
74858,CUR,CHURU,SIKR,SIKAR JN.,90,125.0,2.0833333333333335,Short
74901,JUC,JALANDHAR CI,PTK,PATHANKOT JN,115,175.0,2.9166666666666665,Medium
74902,PTK,PATHANKOT JN,JUC,JALANDHAR CI,115,180.0,3.0,Medium
74903,JUC,JALANDHAR CI,PTK,PATHANKOT JN,115,170.0,2.8333333333333335,Medium
74904,PTK,PATHANKOT JN,JUC,JALANDHAR CI,115,190.0,3.1666666666666665,Medium
74906,UHP,UDHAMPUR,JAT,JAMMU TAWI,53,90.0,1.5,Short
74907,JAT,JAMMU TAWI,UHP,UDHAMPUR,53,95.0,1.5833333333333333,Short
74909,PTK,PATHANKOT JN,UHP,UDHAMPUR,152,285.0,4.75,Medium
74910,UHP,UDHAMPUR,PTK,PATHANKOT JN,152,245.0,4.083333333333333,Medium
74911,HSX,HOSHIARPUR,JUC,JALANDHAR CI,42,80.0,1.3333333333333333,Short
74912,JUC,JALANDHAR CI,HSX,HOSHIARPUR,42,75.0,1.25,Short
74913,HSX,HOSHIARPUR,JUC,JALANDHAR CI,42,75.0,1.25,Short
74914,JUC,JALANDHAR CI,HSX,HOSHIARPUR,42,70.0,1.1666666666666667,Short
74915,HSX,HOSHIARPUR,JUC,JALANDHAR CI,42,70.0,1.1666666666666667,Short
74916,JUC,JALANDHAR CI,HSX,HOSHIARPUR,42,60.0,1.0,Short
74917,HSX,HOSHIARPUR,JUC,JALANDHAR CI,42,65.0,1.0833333333333333,Short
74918,JUC,JALANDHAR CI,HSX,HOSHIARPUR,42,75.0,1.25,Short
74919,HSX,HOSHIARPUR,JUC,JALANDHAR CI,42,70.0,1.1666666666666667,Short
74920,JUC,JALANDHAR CI,HSX,HOSHIARPUR,42,85.0,1.4166666666666667,Short
74923,HSX,HOSHIARPUR,ASR,AMRITSAR JN.,121,225.0,3.75,Medium
74924,MOW,MANANWALA,HSX,HOSHIARPUR,111,175.0,2.9166666666666665,Medium
74931,JUC,JALANDHAR CI,FZR,FIROZPUR CAN,117,200.0,3.3333333333333335,Medium
74932,FZR,FIROZPUR CAN,JUC,JALANDHAR CI,117,175.0,2.9166666666666665,Medium
74933,JUC,JALANDHAR CI,FZR,FIROZPUR CAN,117,185.0,3.0833333333333335,Medium
74934,FZR,FIROZPUR CAN,JUC,JALANDHAR CI,117,215.0,3.5833333333333335,Medium
74935,JUC,JALANDHAR CI,FZR,FIROZPUR CAN,117,220.0,3.6666666666666665,Medium
74936,FZR,FIROZPUR CAN,JUC,JALANDHAR CI,117,200.0,3.3333333333333335,Medium
74937,JUC,JALANDHAR CI,FZR,FIROZPUR CAN,117,190.0,3.1666666666666665,Medium
74938,FZR,FIROZPUR CAN,JUC,JALANDHAR CI,117,195.0,3.25,Medium
74939,JUC,JALANDHAR CI,FZR,FIROZPUR CAN,117,175.0,2.9166666666666665,Medium
74940,FZR,FIROZPUR CAN,JUC,JALANDHAR CI,117,180.0,3.0,Medium
74941,NRO,NAKODAR JN.,JUC,JALANDHAR CI,31,60.0,1.0,Short
74942,JUC,JALANDHAR CI,NRO,NAKODAR JN.,31,60.0,1.0,Short
74943,NRO,NAKODAR JN.,JUC,JALANDHAR CI,31,60.0,1.0,Short
74944,JUC,JALANDHAR CI,NRO,NAKODAR JN.,31,60.0,1.0,Short
74945,NRO,NAKODAR JN.,JUC,JALANDHAR CI,31,60.0,1.0,Short
74946,JUC,JALANDHAR CI,NRO,NAKODAR JN.,31,60.0,1.0,Short
74947,NRO,NAKODAR JN.,JUC,JALANDHAR CI,31,60.0,1.0,Short
74948,JUC,JALANDHAR CI,NRO,NAKODAR JN.,31,60.0,1.0,Short
74951,JJJ,JAIJON DOABA,JUC,JALANDHAR CI,87,200.0,3.3333333333333335,Short
74952,JUC,JALANDHAR CI,JJJ,JAIJON DOABA,87,195.0,3.25,Short
74953,JJJ,JAIJON DOABA,JUC,JALANDHAR CI,87,185.0,3.0833333333333335,Short
74954,JUC,JALANDHAR CI,JJJ,JAIJON DOABA,87,175.0,2.9166666666666665,Short
74961,LDH,LUDHIANA JN.,FZR,FIROZPUR CAN,123,200.0,3.3333333333333335,Medium
74962,FZR,FIROZPUR CAN,LDH,LUDHIANA JN.,123,210.0,3.5,Medium
74963,LDH,LUDHIANA JN.,FZR,FIROZPUR CAN,123,210.0,3.5,Medium
74964,FZR,FIROZPUR CAN,LDH,LUDHIANA JN.,123,205.0,3.4166666666666665,Medium
74965,LDH,LUDHIANA JN.,LNK,LOHIAN KHAS,77,130.0,2.1666666666666665,Short
74966,LNK,LOHIAN KHAS,LDH,LUDHIANA JN.,77,120.0,2.0,Short
74967,LDH,LUDHIANA JN.,LNK,LOHIAN KHAS,77,130.0,2.1666666666666665,Short
74968,LNK,LOHIAN KHAS,LDH,LUDHIANA JN.,77,120.0,2.0,Short
74969,LDH,LUDHIANA JN.,LNK,LOHIAN KHAS,77,130.0,2.1666666666666665,Short
74970,LNK,LOHIAN KHAS,LDH,LUDHIANA JN.,77,135.0,2.25,Short
74971,FZR,FIROZPUR CAN,FKA,FAZILKA JN.,88,125.0,2.0833333333333335,Short
74972,FKA,FAZILKA JN.,FZR,FIROZPUR CAN,88,140.0,2.3333333333333335,Short
74973,FZR,FIROZPUR CAN,FKA,FAZILKA JN.,88,140.0,2.3333333333333335,Short
74974,FKA,FAZILKA JN.,FZR,FIROZPUR CAN,88,130.0,2.1666666666666665,Short
74975,FZR,FIROZPUR CAN,FKA,FAZILKA JN.,88,160.0,2.6666666666666665,Short
74976,FKA,FAZILKA JN.,FZR,FIROZPUR CAN,88,130.0,2.1666666666666665,Short
74977,FZR,FIROZPUR CAN,FKA,FAZILKA JN.,88,135.0,2.25,Short
74978,FKA,FAZILKA JN.,FZR,FIROZPUR CAN,88,145.0,2.4166666666666665,Short
74981,KKP,KOT KAPURA J,FKA,FAZILKA JN.,80,120.0,2.0,Short
74982,FKA,FAZILKA JN.,KKP,KOT KAPURA J,80,120.0,2.0,Short
74983,KKP,KOT KAPURA J,FKA,FAZILKA JN.,80,115.0,1.9166666666666667,Short
74984,FKA,FAZILKA JN.,KKP,KOT KAPURA J,80,115.0,1.9166666666666667,Short
74985,BTI,BATHINDA JN,FKA,FAZILKA JN.,122,185.0,3.0833333333333335,Medium
74986,FKA,FAZILKA JN.,BTI,BATHINDA JN,122,165.0,2.75,Medium
74987,BTI,BATHINDA JN,FKA,FAZILKA JN.,122,155.0,2.5833333333333335,Medium
74988,FKA,FAZILKA JN.,BTI,BATHINDA JN,122,200.0,3.3333333333333335,Medium
74991,UMB,AMBALA CANTT,AADR,AMB  ANDAURA,215,330.0,5.5,Medium
74992,AADR,AMB  ANDAURA,UMB,AMBALA CANTT,215,430.0,7.166666666666667,Medium
74993,KKDE,KURUKSHETRA,UMB,AMBALA CANTT,41,70.0,1.1666666666666667,Short
74994,UMB,AMBALA CANTT,KKDE,KURUKSHETRA,41,55.0,0.9166666666666666,Short
75002,GD,GONDA JN.,GKP,GORAKHPUR JN,220,375.0,6.25,Medium
75003,GKP,GORAKHPUR JN,BNY,BARHNI,112,185.0,3.0833333333333335,Medium
75004,BNY,BARHNI,GKP,GORAKHPUR JN,112,220.0,3.6666666666666665,Medium
75005,GKP,GORAKHPUR JN,GD,GONDA JN.,221,420.0,7.0,Medium
75007,GKP,GORAKHPUR JN,GD,GONDA JN.,220,360.0,6.0,Medium
75008,GD,GONDA JN.,GKP,GORAKHPUR JN,220,390.0,6.5,Medium
75009,SV,SIWAN JN.,CPJ,KAPTANGANJ J,127,200.0,3.3333333333333335,Medium
75010,CPJ,KAPTANGANJ J,THE,THAWE JN.,98,140.0,2.3333333333333335,Short
75011,THE,THAWE JN.,GKP,GORAKHPUR JN,138,250.0,4.166666666666667,Medium
75012,GKP,GORAKHPUR JN,SV,SIWAN JN.,166,305.0,5.083333333333333,Medium
75013,GKP,GORAKHPUR JN,NTV,NAUTANWA,81,180.0,3.0,Short
75014,NTV,NAUTANWA,GKP,GORAKHPUR JN,81,190.0,3.1666666666666665,Short
75015,GKP,GORAKHPUR JN,NTV,NAUTANWA,81,205.0,3.4166666666666665,Short
75016,NTV,NAUTANWA,GKP,GORAKHPUR JN,81,185.0,3.0833333333333335,Short
75101,BUI,BALLIA,BCY,VARANASI CIT,136,215.0,3.5833333333333335,Medium
75102,BCY,VARANASI CIT,BUI,BALLIA,136,230.0,3.8333333333333335,Medium
75103,PEP,PHEPHNA JN.,BCY,VARANASI CIT,126,195.0,3.25,Medium
75104,BCY,VARANASI CIT,PEP,PHEPHNA JN.,117,245.0,4.083333333333333,Medium
75105,MAU,MAU JN.,ALY,ALLAHABAD CI,214,420.0,7.0,Medium
75106,ALY,ALLAHABAD CI,MAU,MAU JN.,214,405.0,6.75,Medium
75107,MUV,MANDUADIH,ALY,ALLAHABAD CI,118,225.0,3.75,Medium
75109,MAU,MAU JN.,BCY,VARANASI CIT,88,150.0,2.5,Short
75111,GCT,GHAZIPUR CIT,BSB,VARANASI JN.,154,315.0,5.25,Medium
75112,BSB,VARANASI JN.,GCT,GHAZIPUR CIT,156,335.0,5.583333333333333,Medium
75113,BTT,BHATNI JN.,BCY,VARANASI CIT,156,290.0,4.833333333333333,Medium
75114,BCY,VARANASI CIT,BTT,BHATNI JN.,156,365.0,6.083333333333333,Medium
75115,GCT,GHAZIPUR CIT,PRG,PRAYAG JN.,203,365.0,6.083333333333333,Medium
75116,PRG,PRAYAG JN.,GCT,GHAZIPUR CIT,203,415.0,6.916666666666667,Medium
75201,SEE,SONPUR JN.,CPR,CHHAPRA JN.,53,95.0,1.5833333333333333,Short
75202,CPR,CHHAPRA JN.,SEE,SONPUR JN.,53,125.0,2.0833333333333335,Short
75207,SPJ,SAMASTIPUR J,MFP,MUZAFFARPUR,169,375.0,6.25,Medium
75208,MFP,MUZAFFARPUR,SPJ,SAMASTIPUR J,169,340.0,5.666666666666667,Medium
75209,SPJ,SAMASTIPUR J,JYG,JAYNAGAR,105,270.0,4.5,Medium
75210,JYG,JAYNAGAR,SPJ,SAMASTIPUR J,105,225.0,3.75,Medium
75211,SPJ,SAMASTIPUR J,SEE,SONPUR JN.,111,250.0,4.166666666666667,Medium
75212,SEE,SONPUR JN.,SPJ,SAMASTIPUR J,111,275.0,4.583333333333333,Medium
75213,RXL,RAXAUL JN.,SGL,SAGAULI JN.,29,95.0,1.5833333333333333,Short
75214,SGL,SAGAULI JN.,RXL,RAXAUL JN.,29,60.0,1.0,Short
75221,SEE,SONPUR JN.,CPR,CHHAPRA JN.,53,165.0,2.75,Short
75222,CPR,CHHAPRA JN.,SEE,SONPUR JN.,53,125.0,2.0833333333333335,Short
75225,SPJ,SAMASTIPUR J,RXL,RAXAUL JN.,187,395.0,6.583333333333333,Medium
75226,RXL,RAXAUL JN.,SPJ,SAMASTIPUR J,187,360.0,6.0,Medium
75227,SPJ,SAMASTIPUR J,RXL,RAXAUL JN.,187,379.0,6.316666666666666,Medium
75228,RXL,RAXAUL JN.,DBG,DARBHANGA JN,150,300.0,5.0,Medium
75229,DBG,DARBHANGA JN,RXL,RAXAUL JN.,150,300.0,5.0,Medium
75230,RXL,RAXAUL JN.,SPJ,SAMASTIPUR J,187,395.0,6.583333333333333,Medium
75231,MFP,MUZAFFARPUR,RXL,RAXAUL JN.,129,255.0,4.25,Medium
75232,RXL,RAXAUL JN.,MFP,MUZAFFARPUR,129,325.0,5.416666666666667,Medium
75233,RXL,RAXAUL JN.,SMI,SITAMARHI,82,150.0,2.5,Short
75234,SMI,SITAMARHI,RXL,RAXAUL JN.,82,155.0,2.5833333333333335,Short
75235,RXL,RAXAUL JN.,NKE,NARKATIAGANJ,87,155.0,2.5833333333333335,Short
75236,NKE,NARKATIAGANJ,RXL,RAXAUL JN.,87,220.0,3.6666666666666665,Short
75237,MFP,MUZAFFARPUR,NKE,NARKATIAGANJ,159,230.0,3.8333333333333335,Medium
75238,NKE,NARKATIAGANJ,MFP,MUZAFFARPUR,159,280.0,4.666666666666667,Medium
75253,SPJ,SAMASTIPUR J,DBG,DARBHANGA JN,37,75.0,1.25,Short
75254,DBG,DARBHANGA JN,SPJ,SAMASTIPUR J,37,95.0,1.5833333333333333,Short
75255,DBG,DARBHANGA JN,MFP,MUZAFFARPUR,132,250.0,4.166666666666667,Medium
75256,MFP,MUZAFFARPUR,DBG,DARBHANGA JN,132,255.0,4.25,Medium
75271,ARA,ARA,SSM,SASARAM,97,180.0,3.0,Short
75272,SSM,SASARAM,ARA,ARA,97,165.0,2.75,Short
75273,ARA,ARA,SSM,SASARAM,97,180.0,3.0,Short
75274,SSM,SASARAM,ARA,ARA,97,180.0,3.0,Short
75279,DBG,DARBHANGA JN,BIRL,BIRAUL,54,80.0,1.3333333333333333,Short
75280,BIRL,BIRAUL,DBG,DARBHANGA JN,54,162.0,2.7,Short
75707,RDP,RADHIKAPUR,SGUJ,SILIGURI JN.,217,350.0,5.833333333333333,Medium
75708,SGUJ,SILIGURI JN.,RDP,RADHIKAPUR,217,345.0,5.75,Medium
75713,SGUJ,SILIGURI JN.,NCB,NEW COOCH BE,181,300.0,5.0,Medium
75714,NCB,NEW COOCH BE,SGUJ,SILIGURI JN.,181,300.0,5.0,Medium
75715,SGUJ,SILIGURI JN.,DHH,DINHATA,210,375.0,6.25,Medium
75716,DHH,DINHATA,SGUJ,SILIGURI JN.,210,400.0,6.666666666666667,Medium
75717,SGUJ,SILIGURI JN.,BXT,BAMANHAT,183,345.0,5.75,Medium
75718,BXT,BAMANHAT,SGUJ,SILIGURI JN.,183,365.0,6.083333333333333,Medium
75719,MLFC,MALDA COURT,SGUJ,SILIGURI JN.,251,420.0,7.0,Medium
75720,SGUJ,SILIGURI JN.,MLFC,MALDA COURT,251,420.0,7.0,Medium
75721,SGUJ,SILIGURI JN.,HDB,HALDIBARI,63,125.0,2.0833333333333335,Short
75722,HDB,HALDIBARI,SGUJ,SILIGURI JN.,64,135.0,2.25,Short
75723,NBQ,NEW BONGAIGA,GHY,GUWAHATI,208,250.0,4.166666666666667,Medium
75724,GHY,GUWAHATI,NBQ,NEW BONGAIGA,208,265.0,4.416666666666667,Medium
75727,GHY,GUWAHATI,HBN,HAIBARGAON,100,145.0,2.4166666666666665,Short
75728,HBN,HAIBARGAON,GHY,GUWAHATI,100,160.0,2.6666666666666665,Short
75729,GHY,GUWAHATI,SHTT,SILGHAT TOWN,167,270.0,4.5,Medium
75730,SHTT,SILGHAT TOWN,GHY,GUWAHATI,166,265.0,4.416666666666667,Medium
75733,TNPR,TEZNARAYANPU,KIR,KATIHAR JN.,33,90.0,1.5,Short
75734,KIR,KATIHAR JN.,TNPR,TEZNARAYANPU,33,85.0,1.4166666666666667,Short
75735,TNPR,TEZNARAYANPU,KIR,KATIHAR JN.,33,90.0,1.5,Short
75736,KIR,KATIHAR JN.,TNPR,TEZNARAYANPU,33,90.0,1.5,Short
75737,TNPR,TEZNARAYANPU,KIR,KATIHAR JN.,33,90.0,1.5,Short
75738,KIR,KATIHAR JN.,TNPR,TEZNARAYANPU,33,90.0,1.5,Short
75739,TNPR,TEZNARAYANPU,KIR,KATIHAR JN.,33,90.0,1.5,Short
75740,KIR,KATIHAR JN.,TNPR,TEZNARAYANPU,33,85.0,1.4166666666666667,Short
75743,KIR,KATIHAR JN.,SGUJ,SILIGURI JN.,204,355.0,5.916666666666667,Medium
75744,SGUJ,SILIGURI JN.,KIR,KATIHAR JN.,204,365.0,6.083333333333333,Medium
75745,KIR,KATIHAR JN.,JBN,JOGBANI,107,175.0,2.9166666666666665,Medium
75746,JBN,JOGBANI,KIR,KATIHAR JN.,108,180.0,3.0,Medium
75747,KIR,KATIHAR JN.,BOE,BARSOI JN.,40,90.0,1.5,Short
75748,BOE,BARSOI JN.,KIR,KATIHAR JN.,40,80.0,1.3333333333333333,Short
75749,KIR,KATIHAR JN.,TETA,TELTA,61,145.0,2.4166666666666665,Short
75750,TETA,TELTA,KIR,KATIHAR JN.,61,130.0,2.1666666666666665,Short
75901,TSK,TINSUKIA JN.,LEDO,LEDO,54,90.0,1.5,Short
75902,LEDO,LEDO,DBRT,DIBRUGARH TO,101,195.0,3.25,Medium
75903,DBRT,DIBRUGARH TO,LEDO,LEDO,101,195.0,3.25,Medium
75904,LEDO,LEDO,TSK,TINSUKIA JN.,54,75.0,1.25,Short
75905,TSK,TINSUKIA JN.,DBRT,DIBRUGARH TO,47,80.0,1.3333333333333333,Short
75906,DBRT,DIBRUGARH TO,LEDO,LEDO,101,195.0,3.25,Medium
75907,LEDO,LEDO,DBRT,DIBRUGARH TO,101,205.0,3.4166666666666665,Medium
75908,DBRT,DIBRUGARH TO,TSK,TINSUKIA JN.,47,75.0,1.25,Short
75911,TSK,TINSUKIA JN.,DNGI,DANGARI,40,85.0,1.4166666666666667,Short
75912,DNGI,DANGARI,TSK,TINSUKIA JN.,39,85.0,1.4166666666666667,Short
76501,BWT,BANGARPET JN,KQZ,KOLAR,17,30.0,0.5,Short
76502,KQZ,KOLAR,BWT,BANGARPET JN,17,30.0,0.5,Short
76503,BWT,BANGARPET JN,KQZ,KOLAR,17,30.0,0.5,Short
76504,KQZ,KOLAR,BWT,BANGARPET JN,17,45.0,0.75,Short
76505,BNC,BANGALORE CA,KQZ,KOLAR,81,140.0,2.3333333333333335,Short
76506,KQZ,KOLAR,BNC,BANGALORE CA,81,145.0,2.4166666666666665,Short
76507,BNC,BANGALORE CA,BWT,BANGARPET JN,64,85.0,1.4166666666666667,Short
76508,BWT,BANGARPET JN,SBC,KRANTIVIRA S,68,125.0,2.0833333333333335,Short
76523,YPR,YESVANTPUR J,HSRA,HOSUR,62,95.0,1.5833333333333333,Short
76524,HSRA,HOSUR,YPR,YESVANTPUR J,61,90.0,1.5,Short
76525,CPT,CHANNA PATNA,KQZ,KOLAR,201,285.0,4.75,Medium
76526,KQZ,KOLAR,CPT,CHANNA PATNA,201,305.0,5.083333333333333,Medium
76551,SBC,KRANTIVIRA S,KQZ,KOLAR,157,270.0,4.5,Medium
76552,KQZ,KOLAR,SBC,KRANTIVIRA S,157,255.0,4.25,Medium
76553,SBC,KRANTIVIRA S,DPJ,DHARMAPURI,150,190.0,3.1666666666666665,Medium
76554,DPJ,DHARMAPURI,SBC,KRANTIVIRA S,150,190.0,3.1666666666666665,Medium
76800,TPJ,TIRUCHIRAPPA,LLI,LALGUDI,26,55.0,0.9166666666666666,Short
76803,LLI,LALGUDI,TPJ,TIRUCHIRAPPA,26,55.0,0.9166666666666666,Short
76804,TPJ,TIRUCHIRAPPA,LLI,LALGUDI,26,55.0,0.9166666666666666,Short
76805,MQ,MANNARGUDI,TPJ,TIRUCHIRAPPA,93,160.0,2.6666666666666665,Short
76806,TPJ,TIRUCHIRAPPA,MQ,MANNARGUDI,93,150.0,2.5,Short
76807,TPJ,TIRUCHIRAPPA,MNM,MANAMADURAI,150,195.0,3.25,Medium
76808,MNM,MANAMADURAI,TPJ,TIRUCHIRAPPA,150,195.0,3.25,Medium
76812,TJ,THANJAVUR JN,KIK,KARAIKAL,94,195.0,3.25,Short
76813,KIK,KARAIKAL,VLNK,VELANKANNI,28,65.0,1.0833333333333333,Short
76814,VLNK,VELANKANNI,NGT,NAGAPPATTINA,10,25.0,0.4166666666666667,Short
76815,KIK,KARAIKAL,TJ,THANJAVUR JN,94,180.0,3.0,Short
76817,NGT,NAGAPPATTINA,VLNK,VELANKANNI,10,25.0,0.4166666666666667,Short
76818,VLNK,VELANKANNI,KIK,KARAIKAL,27,90.0,1.5,Short
76820,TPJ,TIRUCHIRAPPA,TJ,THANJAVUR JN,49,80.0,1.3333333333333333,Short
76821,TJ,THANJAVUR JN,TPJ,TIRUCHIRAPPA,49,90.0,1.5,Short
76822,TPJ,TIRUCHIRAPPA,TJ,THANJAVUR JN,49,80.0,1.3333333333333333,Short
76823,TJ,THANJAVUR JN,TPJ,TIRUCHIRAPPA,49,85.0,1.4166666666666667,Short
76824,TPJ,TIRUCHIRAPPA,TJ,THANJAVUR JN,49,80.0,1.3333333333333333,Short
76825,MV,MAYILADUTURA,TJ,THANJAVUR JN,70,110.0,1.8333333333333333,Short
76826,TJ,THANJAVUR JN,MV,MAYILADUTURA,70,115.0,1.9166666666666667,Short
76827,TJ,THANJAVUR JN,TPJ,TIRUCHIRAPPA,49,90.0,1.5,Short
76828,TPJ,TIRUCHIRAPPA,TJ,THANJAVUR JN,49,85.0,1.4166666666666667,Short
76829,TJ,THANJAVUR JN,TPJ,TIRUCHIRAPPA,49,85.0,1.4166666666666667,Short
76830,KKDI,KARAIKKUDI,TPJ,TIRUCHIRAPPA,89,140.0,2.3333333333333335,Short
76831,TPJ,TIRUCHIRAPPA,KKDI,KARAIKKUDI,89,125.0,2.0833333333333335,Short
76833,TPJ,TIRUCHIRAPPA,KRR,KARUR JN.,75,120.0,2.0,Short
76834,KRR,KARUR JN.,TPJ,TIRUCHIRAPPA,75,125.0,2.0833333333333335,Short
76835,TPJ,TIRUCHIRAPPA,KRR,KARUR JN.,75,130.0,2.1666666666666665,Short
76836,KRR,KARUR JN.,TPJ,TIRUCHIRAPPA,75,135.0,2.25,Short
76837,KKDI,KARAIKKUDI,VPT,VIRUDUNAGAR,127,215.0,3.5833333333333335,Medium
76838,VPT,VIRUDUNAGAR,KKDI,KARAIKKUDI,127,175.0,2.9166666666666665,Medium
76839,TPJ,TIRUCHIRAPPA,KKDI,KARAIKKUDI,89,130.0,2.1666666666666665,Short
76840,KKDI,KARAIKKUDI,TPJ,TIRUCHIRAPPA,89,120.0,2.0,Short
76841,CUPJ,CUDDALORE PO,TPJ,TIRUCHIRAPPA,180,285.0,4.75,Medium
76842,TPJ,TIRUCHIRAPPA,CUPJ,CUDDALORE PO,180,290.0,4.833333333333333,Medium
76845,VRI,VRIDHA CHALA,TPJ,TIRUCHIRAPPA,122,180.0,3.0,Medium
76846,TPJ,TIRUCHIRAPPA,VRI,VRIDHA CHALA,122,205.0,3.4166666666666665,Medium
76847,VRI,VRIDHA CHALA,SA,SALEM JN.,139,185.0,3.0833333333333335,Medium
76848,SA,SALEM JN.,VRI,VRIDHA CHALA,139,200.0,3.3333333333333335,Medium
76849,VRI,VRIDHA CHALA,SA,SALEM JN.,139,190.0,3.1666666666666665,Medium
76850,SA,SALEM JN.,VRI,VRIDHA CHALA,139,180.0,3.0,Medium
76851,KIK,KARAIKAL,TPJ,TIRUCHIRAPPA,145,305.0,5.083333333333333,Medium
76852,TPJ,TIRUCHIRAPPA,KIK,KARAIKAL,145,260.0,4.333333333333333,Medium
76853,NCR,NAGORE,TPJ,TIRUCHIRAPPA,134,260.0,4.333333333333333,Medium
76854,TPJ,TIRUCHIRAPPA,NCR,NAGORE,134,240.0,4.0,Medium
77201,BZA,VIJAYWADA JN,GDV,GUDIVADA JN.,44,65.0,1.0833333333333333,Short
77202,GDV,GUDIVADA JN.,NS,NARASAPUR,94,175.0,2.9166666666666665,Short
77203,NS,NARASAPUR,GDV,GUDIVADA JN.,94,205.0,3.4166666666666665,Short
77204,GDV,GUDIVADA JN.,NS,NARASAPUR,94,190.0,3.1666666666666665,Short
77205,NS,NARASAPUR,BVRT,BHIMAVARAM T,30,70.0,1.1666666666666667,Short
77206,BVRM,BHIMAVARAM J,BZA,VIJAYWADA JN,109,240.0,4.0,Medium
77207,BZA,VIJAYWADA JN,MTM,MACHILIPATNA,81,140.0,2.3333333333333335,Short
77208,MTM,MACHILIPATNA,BZA,VIJAYWADA JN,80,175.0,2.9166666666666665,Short
77209,GDV,GUDIVADA JN.,MTM,MACHILIPATNA,36,65.0,1.0833333333333333,Short
77211,GDV,GUDIVADA JN.,MTM,MACHILIPATNA,36,55.0,0.9166666666666666,Short
77212,MTM,MACHILIPATNA,BZA,VIJAYWADA JN,81,150.0,2.5,Short
77213,BZA,VIJAYWADA JN,GDV,GUDIVADA JN.,44,85.0,1.4166666666666667,Short
77214,GDV,GUDIVADA JN.,BZA,VIJAYWADA JN,44,85.0,1.4166666666666667,Short
77215,BZA,VIJAYWADA JN,MTM,MACHILIPATNA,81,150.0,2.5,Short
77216,MTM,MACHILIPATNA,GDV,GUDIVADA JN.,36,65.0,1.0833333333333333,Short
77218,MTM,MACHILIPATNA,BZA,VIJAYWADA JN,81,165.0,2.75,Short
77219,GDV,GUDIVADA JN.,MTM,MACHILIPATNA,36,85.0,1.4166666666666667,Short
77220,MTM,MACHILIPATNA,GDV,GUDIVADA JN.,36,65.0,1.0833333333333333,Short
77221,BZA,VIJAYWADA JN,GNT,GUNTUR JN.,32,60.0,1.0,Short
77222,GNT,GUNTUR JN.,RAL,REPALLE,59,100.0,1.6666666666666667,Short
77223,RAL,REPALLE,GNT,GUNTUR JN.,59,100.0,1.6666666666666667,Short
77224,GNT,GUNTUR JN.,RAL,REPALLE,59,105.0,1.75,Short
77225,RAL,REPALLE,TEL,TENALI JN.,33,60.0,1.0,Short
77226,TEL,TENALI JN.,RAL,REPALLE,33,60.0,1.0,Short
77227,RAL,REPALLE,TEL,TENALI JN.,33,60.0,1.0,Short
77228,TEL,TENALI JN.,RAL,REPALLE,33,60.0,1.0,Short
77229,RAL,REPALLE,GNT,GUNTUR JN.,59,125.0,2.0833333333333335,Short
77230,GNT,GUNTUR JN.,BZA,VIJAYWADA JN,32,85.0,1.4166666666666667,Short
77231,BZA,VIJAYWADA JN,BVRM,BHIMAVARAM J,109,215.0,3.5833333333333335,Medium
77232,BVRM,BHIMAVARAM J,GDV,GUDIVADA JN.,65,140.0,2.3333333333333335,Short
77233,BVRM,BHIMAVARAM J,NS,NARASAPUR,29,60.0,1.0,Short
77234,MTM,MACHILIPATNA,GDV,GUDIVADA JN.,36,65.0,1.0833333333333333,Short
77235,GDV,GUDIVADA JN.,MTM,MACHILIPATNA,36,65.0,1.0833333333333333,Short
77237,BVRM,BHIMAVARAM J,RJY,RAJAHMUNDRY,70,145.0,2.4166666666666665,Short
77238,RJY,RAJAHMUNDRY,BVRM,BHIMAVARAM J,68,140.0,2.3333333333333335,Short
77239,BVRM,BHIMAVARAM J,NDD,NIDADAVOLU J,47,95.0,1.5833333333333333,Short
77240,NDD,NIDADAVOLU J,BVRM,BHIMAVARAM J,46,85.0,1.4166666666666667,Short
77241,NS,NARASAPUR,RJY,RAJAHMUNDRY,99,200.0,3.3333333333333335,Short
77242,RJY,RAJAHMUNDRY,BVRM,BHIMAVARAM J,68,165.0,2.75,Short
77243,BVRT,BHIMAVARAM T,NDD,NIDADAVOLU J,49,145.0,2.4166666666666665,Short
77244,NDD,NIDADAVOLU J,BVRM,BHIMAVARAM J,46,90.0,1.5,Short
77245,GNT,GUNTUR JN.,TEL,TENALI JN.,25,45.0,0.75,Short
77246,TEL,TENALI JN.,RAL,REPALLE,33,60.0,1.0,Short
77247,RAL,REPALLE,TEL,TENALI JN.,33,60.0,1.0,Short
77248,TEL,TENALI JN.,MRK,MARKAPUR ROA,169,275.0,4.583333333333333,Medium
77249,MRK,MARKAPUR ROA,GNT,GUNTUR JN.,143,215.0,3.5833333333333335,Medium
77250,GNT,GUNTUR JN.,TEL,TENALI JN.,25,45.0,0.75,Short
77251,PDPL,PEDDAPALLI,MABD,MAHBUBABAD,141,225.0,3.75,Medium
77252,MABD,MAHBUBABAD,PDPL,PEDDAPALLI,144,220.0,3.6666666666666665,Medium
77253,MABD,MAHBUBABAD,BZA,VIJAYWADA JN,145,275.0,4.583333333333333,Medium
77254,BZA,VIJAYWADA JN,MABD,MAHBUBABAD,146,230.0,3.8333333333333335,Medium
77255,KRMR,KARIM NAGAR,SRUR,SIRPUR TOWN,142,190.0,3.1666666666666665,Medium
77256,SRUR,SIRPUR TOWN,KRMR,KARIM NAGAR,144,180.0,3.0,Medium
77257,LPJL,JAGITYAL,PDPL,PEDDAPALLI,83,240.0,4.0,Short
77258,PDPL,PEDDAPALLI,LPJL,JAGITYAL,83,210.0,3.5,Short
77259,NZB,NIZAMABAD,KRMR,KARIM NAGAR,148,190.0,3.1666666666666665,Medium
77260,KRMR,KARIM NAGAR,NZB,NIZAMABAD,148,295.0,4.916666666666667,Medium
77261,BZA,VIJAYWADA JN,MTM,MACHILIPATNA,81,185.0,3.0833333333333335,Short
77262,MTM,MACHILIPATNA,BZA,VIJAYWADA JN,81,140.0,2.3333333333333335,Short
77263,BZA,VIJAYWADA JN,GDV,GUDIVADA JN.,44,85.0,1.4166666666666667,Short
77264,GDV,GUDIVADA JN.,NS,NARASAPUR,94,200.0,3.3333333333333335,Short
77265,NS,NARASAPUR,NDD,NIDADAVOLU J,76,145.0,2.4166666666666665,Short
77266,NDD,NIDADAVOLU J,BVRM,BHIMAVARAM J,46,80.0,1.3333333333333333,Short
77267,BVRM,BHIMAVARAM J,GDV,GUDIVADA JN.,65,115.0,1.9166666666666667,Short
77268,GDV,GUDIVADA JN.,BZA,VIJAYWADA JN,44,90.0,1.5,Short
77269,BZA,VIJAYWADA JN,MTM,MACHILIPATNA,81,150.0,2.5,Short
77270,MTM,MACHILIPATNA,BZA,VIJAYWADA JN,81,165.0,2.75,Short
77271,CCT,KAKINADA TOW,KPLH,KOTIPALLI,44,120.0,2.0,Short
77272,KPLH,KOTIPALLI,CCT,KAKINADA TOW,44,120.0,2.0,Short
77273,LPJL,JAGITYAL,KRMR,KARIM NAGAR,47,70.0,1.1666666666666667,Short
77274,KRMR,KARIM NAGAR,LPJL,JAGITYAL,47,115.0,1.9166666666666667,Short
77281,BZA,VIJAYWADA JN,TEL,TENALI JN.,31,50.0,0.8333333333333334,Short
77282,TEL,TENALI JN.,GNT,GUNTUR JN.,25,70.0,1.1666666666666667,Short
77283,GNT,GUNTUR JN.,BZA,VIJAYWADA JN,32,65.0,1.0833333333333333,Short
77284,BZA,VIJAYWADA JN,GNT,GUNTUR JN.,32,60.0,1.0,Short
77285,GNT,GUNTUR JN.,TEL,TENALI JN.,25,55.0,0.9166666666666666,Short
77286,TEL,TENALI JN.,BZA,VIJAYWADA JN,31,60.0,1.0,Short
77287,BZA,VIJAYWADA JN,TEL,TENALI JN.,31,50.0,0.8333333333333334,Short
77288,TEL,TENALI JN.,GNT,GUNTUR JN.,25,40.0,0.6666666666666666,Short
77289,GNT,GUNTUR JN.,BZA,VIJAYWADA JN,32,65.0,1.0833333333333333,Short
77290,TEL,TENALI JN.,GNT,GUNTUR JN.,25,45.0,0.75,Short
77291,BDCR,BHADRACHALAM,BZA,VIJAYWADA JN,177,310.0,5.166666666666667,Medium
77292,BZA,VIJAYWADA JN,BDCR,BHADRACHALAM,178,290.0,4.833333333333333,Medium
77293,BVRM,BHIMAVARAM J,RJY,RAJAHMUNDRY,70,145.0,2.4166666666666665,Short
77294,RJY,RAJAHMUNDRY,NS,NARASAPUR,98,225.0,3.75,Short
77295,NS,NARASAPUR,GNT,GUNTUR JN.,171,395.0,6.583333333333333,Medium
77297,GNT,GUNTUR JN.,MCLA,MACHERLA,130,235.0,3.9166666666666665,Medium
77298,MCLA,MACHERLA,BVRM,BHIMAVARAM J,272,550.0,9.166666666666666,Medium
77401,NDL,NANDYAL,HX,CUDDAPAH,161,240.0,4.0,Medium
77402,HX,CUDDAPAH,NDL,NANDYAL,161,230.0,3.8333333333333335,Medium
77403,NDL,NANDYAL,HX,CUDDAPAH,161,235.0,3.9166666666666665,Medium
77404,HX,CUDDAPAH,NDL,NANDYAL,161,225.0,3.75,Medium
77405,HX,CUDDAPAH,PDMI,PENDLIMARRI,14,45.0,0.75,Short
77406,PDMI,PENDLIMARRI,HX,CUDDAPAH,14,45.0,0.75,Short
77414,GTL,GUNTAKAL JN.,KRNT,KURNOOL TOWN,121,170.0,2.8333333333333335,Medium
77415,KRNT,KURNOOL TOWN,GTL,GUNTAKAL JN.,122,170.0,2.8333333333333335,Medium
77416,GTL,GUNTAKAL JN.,BAY,BELLARY JN.,49,85.0,1.4166666666666667,Short
77417,BAY,BELLARY JN.,GTL,GUNTAKAL JN.,50,80.0,1.3333333333333333,Short
77418,GTL,GUNTAKAL JN.,HUP,HINDUPUR,197,315.0,5.25,Medium
77419,HUP,HINDUPUR,GTL,GUNTAKAL JN.,197,305.0,5.083333333333333,Medium
77601,SC,SECUNDERABAD,MED,MEDCHAL,26,80.0,1.3333333333333333,Short
77602,MED,MEDCHAL,FM,FALAKNUMA,39,110.0,1.8333333333333333,Short
77603,SC,SECUNDERABAD,MOB,MANOHARABAD,40,85.0,1.4166666666666667,Short
77604,BMO,BOLARUM,FM,FALAKNUMA,25,60.0,1.0,Short
77605,FM,FALAKNUMA,BMO,BOLARUM,27,70.0,1.1666666666666667,Short
77606,MOB,MANOHARABAD,SC,SECUNDERABAD,40,75.0,1.25,Short
77607,SC,SECUNDERABAD,MED,MEDCHAL,26,65.0,1.0833333333333333,Short
77608,MED,MEDCHAL,SC,SECUNDERABAD,26,60.0,1.0,Short
77609,FM,FALAKNUMA,MOB,MANOHARABAD,53,135.0,2.25,Short
77610,MOB,MANOHARABAD,SC,SECUNDERABAD,40,85.0,1.4166666666666667,Short
77611,SC,SECUNDERABAD,BMO,BOLARUM,13,35.0,0.5833333333333334,Short
77612,BMO,BOLARUM,SC,SECUNDERABAD,13,45.0,0.75,Short
77613,SC,SECUNDERABAD,MOB,MANOHARABAD,40,70.0,1.1666666666666667,Short
77614,MOB,MANOHARABAD,SC,SECUNDERABAD,40,82.0,1.3666666666666667,Short
77615,SC,SECUNDERABAD,MED,MEDCHAL,26,70.0,1.1666666666666667,Short
77616,MED,MEDCHAL,SC,SECUNDERABAD,26,95.0,1.5833333333333333,Short
77617,SC,SECUNDERABAD,MOB,MANOHARABAD,40,73.0,1.2166666666666666,Short
77618,MOB,MANOHARABAD,SC,SECUNDERABAD,40,85.0,1.4166666666666667,Short
77619,SC,SECUNDERABAD,MED,MEDCHAL,26,70.0,1.1666666666666667,Short
77622,MBNR,MAHBUBNAGAR,JKAR,JAKLAIR,52,80.0,1.3333333333333333,Short
77623,JKAR,JAKLAIR,MBNR,MAHBUBNAGAR,52,85.0,1.4166666666666667,Short
77630,SC,SECUNDERABAD,UR,UMDANAGAR,27,60.0,1.0,Short
77631,FM,FALAKNUMA,UR,UMDANAGAR,13,25.0,0.4166666666666667,Short
77632,FM,FALAKNUMA,UR,UMDANAGAR,13,25.0,0.4166666666666667,Short
77633,FM,FALAKNUMA,UR,UMDANAGAR,13,18.0,0.3,Short
77634,FM,FALAKNUMA,UR,UMDANAGAR,13,20.0,0.3333333333333333,Short
77635,FM,FALAKNUMA,UR,UMDANAGAR,13,35.0,0.5833333333333334,Short
77638,FM,FALAKNUMA,UR,UMDANAGAR,13,20.0,0.3333333333333333,Short
77640,UR,UMDANAGAR,FM,FALAKNUMA,13,19.0,0.31666666666666665,Short
77641,UR,UMDANAGAR,FM,FALAKNUMA,13,18.0,0.3,Short
77642,UR,UMDANAGAR,FM,FALAKNUMA,13,20.0,0.3333333333333333,Short
77643,UR,UMDANAGAR,FM,FALAKNUMA,13,20.0,0.3333333333333333,Short
77645,UR,UMDANAGAR,SC,SECUNDERABAD,27,57.0,0.95,Short
77647,UR,UMDANAGAR,FM,FALAKNUMA,13,40.0,0.6666666666666666,Short
77649,UR,UMDANAGAR,SC,SECUNDERABAD,27,50.0,0.8333333333333334,Short
77651,BIDR,BIDAR,GR,GULBARGA,108,225.0,3.75,Medium
77652,GR,GULBARGA,BIDR,BIDAR,108,225.0,3.75,Medium
77653,BIDR,BIDAR,HMBD,HUMNABAD,52,90.0,1.5,Short
77654,HMBD,HUMNABAD,BIDR,BIDAR,52,90.0,1.5,Short
77655,BIDR,BIDAR,GR,GULBARGA,108,225.0,3.75,Medium
77656,GR,GULBARGA,BIDR,BIDAR,108,225.0,3.75,Medium
77657,J,JALNA,SNSI,SAI NAGAR SH,253,405.0,6.75,Medium
77658,SNSI,SAI NAGAR SH,J,JALNA,253,440.0,7.333333333333333,Medium
77671,KCG,KACHEGUDA,MBNR,MAHBUBNAGAR,105,140.0,2.3333333333333335,Medium
77672,MBNR,MAHBUBNAGAR,KCG,KACHEGUDA,105,145.0,2.4166666666666665,Medium
77673,MRGA,MIRYALAGUDA,KCG,KACHEGUDA,154,255.0,4.25,Medium
77674,KCG,KACHEGUDA,MRGA,MIRYALAGUDA,154,245.0,4.083333333333333,Medium
77675,KCG,KACHEGUDA,MRGA,MIRYALAGUDA,154,220.0,3.6666666666666665,Medium
77676,MRGA,MIRYALAGUDA,PGRL,PIDUGURALLA,59,205.0,3.4166666666666665,Short
77677,PGRL,PIDUGURALLA,MRGA,MIRYALAGUDA,59,75.0,1.25,Short
77678,MRGA,MIRYALAGUDA,KCG,KACHEGUDA,154,220.0,3.6666666666666665,Medium
77679,FM,FALAKNUMA,MED,MEDCHAL,39,110.0,1.8333333333333333,Short
77680,MED,MEDCHAL,FM,FALAKNUMA,39,75.0,1.25,Short
77681,FM,FALAKNUMA,MED,MEDCHAL,39,90.0,1.5,Short
77682,MED,MEDCHAL,FM,FALAKNUMA,39,75.0,1.25,Short
77683,J,JALNA,NSL,NAGARSOL,151,225.0,3.75,Medium
77684,NSL,NAGARSOL,J,JALNA,151,195.0,3.25,Medium
77689,GWD,GADWAL,RC,RAICHUR,57,100.0,1.6666666666666667,Short
77690,RC,RAICHUR,GWD,GADWAL,57,95.0,1.5833333333333333,Short
77691,J,JALNA,NSL,NAGARSOL,151,160.0,2.6666666666666665,Medium
77693,KCG,KACHEGUDA,RC,RAICHUR,237,365.0,6.083333333333333,Medium
77694,RC,RAICHUR,KCG,KACHEGUDA,237,360.0,6.0,Medium
77695,NDL,NANDYAL,KRNT,KURNOOL TOWN,129,240.0,4.0,Medium
77696,KRNT,KURNOOL TOWN,NDL,NANDYAL,129,270.0,4.5,Medium
78009,ROP,RUPSA JN.,VZR,BHANJPUR,55,85.0,1.4166666666666667,Short
78010,VZR,BHANJPUR,ROP,RUPSA JN.,55,85.0,1.4166666666666667,Short
78011,ROP,RUPSA JN.,VZR,BHANJPUR,55,80.0,1.3333333333333333,Short
78012,VZR,BHANJPUR,BLS,BALASORE,72,110.0,1.8333333333333333,Short
78013,BLS,BALASORE,BPO,BARIPADA PH,69,95.0,1.5833333333333333,Short
78014,BGY,BANGRIPOSI,BPO,BARIPADA PH,17,47.0,0.7833333333333333,Short
78015,BPO,BARIPADA PH,BGY,BANGRIPOSI,17,48.0,0.8,Short
78016,BPO,BARIPADA PH,BLS,BALASORE,69,96.0,1.6,Short
78017,BLS,BALASORE,BPO,BARIPADA PH,69,100.0,1.6666666666666667,Short
78018,BGY,BANGRIPOSI,BPO,BARIPADA PH,17,55.0,0.9166666666666666,Short
78019,BPO,BARIPADA PH,BGY,BANGRIPOSI,17,53.0,0.8833333333333333,Short
78020,BPO,BARIPADA PH,ROP,RUPSA JN.,51,77.0,1.2833333333333334,Short
78031,TATA,TATANAGAR JN,BMPR,BADAMPAHAR,116,265.0,4.416666666666667,Medium
78032,BMPR,BADAMPAHAR,TATA,TATANAGAR JN,116,265.0,4.416666666666667,Medium
78033,TATA,TATANAGAR JN,GUA,GUA,147,210.0,3.5,Medium
78034,GUA,GUA,TATA,TATANAGAR JN,147,220.0,3.6666666666666665,Medium
78051,GMMG,GRAM MASAGRA,BQA,BANKURA,113,171.0,2.85,Medium
78052,BQA,BANKURA,GMMG,GRAM MASAGRA,113,165.0,2.75,Medium
78053,GMMG,GRAM MASAGRA,BQA,BANKURA,113,166.0,2.7666666666666666,Medium
78054,BQA,BANKURA,GMMG,GRAM MASAGRA,113,170.0,2.8333333333333335,Medium
78055,GMMG,GRAM MASAGRA,BQA,BANKURA,113,171.0,2.85,Medium
78056,BQA,BANKURA,GMMG,GRAM MASAGRA,113,165.0,2.75,Medium
78057,SONA,SONAMUKHI PH,BQA,BANKURA,40,60.0,1.0,Short
78058,BQA,BANKURA,SONA,SONAMUKHI PH,40,55.0,0.9166666666666666,Short
78059,GMMG,GRAM MASAGRA,BQA,BANKURA,113,171.0,2.85,Medium
78060,BQA,BANKURA,GMMG,GRAM MASAGRA,113,164.0,2.7333333333333334,Medium
78061,GMMG,GRAM MASAGRA,BQA,BANKURA,113,161.0,2.683333333333333,Medium
78101,CKP,CHAKARADHARP,ROU,ROURKELA,96,125.0,2.0833333333333335,Short
78102,ROU,ROURKELA,CKP,CHAKARADHARP,96,130.0,2.1666666666666665,Short
78103,ROU,ROURKELA,SBP,SAMBALPUR JN,150,235.0,3.9166666666666665,Medium
78104,SBP,SAMBALPUR JN,ROU,ROURKELA,150,265.0,4.416666666666667,Medium
78502,BBS,BHUBANESWAR,CTC,CUTTACK JN.,27,60.0,1.0,Short
78503,BBS,BHUBANESWAR,BAM,BERHAMPUR,165,255.0,4.25,Medium
78504,BAM,BERHAMPUR,BBS,BHUBANESWAR,165,220.0,3.6666666666666665,Medium
78505,BAM,BERHAMPUR,PSA,PALASA,73,100.0,1.6666666666666667,Short
78511,VBL,BOBBILI JN.,SALR,SALUR,16,40.0,0.6666666666666666,Short
78512,SALR,SALUR,VBL,BOBBILI JN.,16,40.0,0.6666666666666666,Short
78513,VBL,BOBBILI JN.,SALR,SALUR,16,40.0,0.6666666666666666,Short
78514,SALR,SALUR,VBL,BOBBILI JN.,16,40.0,0.6666666666666666,Short
78515,VBL,BOBBILI JN.,SALR,SALUR,16,40.0,0.6666666666666666,Short
78516,SALR,SALUR,VBL,BOBBILI JN.,16,40.0,0.6666666666666666,Short
78517,VBL,BOBBILI JN.,SALR,SALUR,16,40.0,0.6666666666666666,Short
78518,SALR,SALUR,VBL,BOBBILI JN.,16,40.0,0.6666666666666666,Short
78519,VBL,BOBBILI JN.,SALR,SALUR,16,40.0,0.6666666666666666,Short
78520,SALR,SALUR,VBL,BOBBILI JN.,16,40.0,0.6666666666666666,Short
78531,VZM,VIZIANAGARAM,VSKP,VISAKHAPATNA,60,85.0,1.4166666666666667,Short
78534,VZM,VIZIANAGARAM,PSA,PALASA,142,185.0,3.0833333333333335,Medium
78801,G,GONDIA JN.,KGE,KATANGI,89,150.0,2.5,Short
78802,KGE,KATANGI,G,GONDIA JN.,87,140.0,2.3333333333333335,Short
78803,G,GONDIA JN.,KGE,KATANGI,89,155.0,2.5833333333333335,Short
78804,KGE,KATANGI,G,GONDIA JN.,87,140.0,2.3333333333333335,Short
78805,G,GONDIA JN.,KGE,KATANGI,89,140.0,2.3333333333333335,Short
78806,KGE,KATANGI,G,GONDIA JN.,87,155.0,2.5833333333333335,Short
78807,G,GONDIA JN.,WRI,WARASEONI,60,105.0,1.75,Short
78808,WRI,WARASEONI,G,GONDIA JN.,58,95.0,1.5833333333333333,Short
78809,G,GONDIA JN.,KGE,KATANGI,89,140.0,2.3333333333333335,Short
78810,KGE,KATANGI,G,GONDIA JN.,87,140.0,2.3333333333333335,Short
78811,TMR,TUMSAR RD,TRDI,TIRODI,47,80.0,1.3333333333333333,Short
78812,TRDI,TIRODI,TMR,TUMSAR RD,46,80.0,1.3333333333333333,Short
78813,TMR,TUMSAR RD,TRDI,TIRODI,47,80.0,1.3333333333333333,Short
78814,TRDI,TIRODI,TMR,TUMSAR RD,46,80.0,1.3333333333333333,Short
78815,R,RAIPUR JN.,GUDM,GUDUM,149,225.0,3.75,Medium
78816,DRZ,DALLI-RAJHAR,R,RAIPUR JN.,129,195.0,3.25,Medium
78817,DURG,DURG,DRZ,DALLI-RAJHAR,89,125.0,2.0833333333333335,Short
78818,GUDM,GUDUM,DURG,DURG,104,155.0,2.5833333333333335,Medium
78819,BPQ,BALHARSHAH,G,GONDIA JN.,249,460.0,7.666666666666667,Medium
78820,G,GONDIA JN.,BPQ,BALHARSHAH,249,355.0,5.916666666666667,Medium
78821,G,GONDIA JN.,KGE,KATANGI,89,165.0,2.75,Short
78822,KGE,KATANGI,G,GONDIA JN.,87,155.0,2.5833333333333335,Short
78824,DURG,DURG,DRZ,DALLI-RAJHAR,89,120.0,2.0,Short
78825,DRZ,DALLI-RAJHAR,DURG,DURG,87,120.0,2.0,Short
78826,DRZ,DALLI-RAJHAR,DURG,DURG,87,120.0,2.0,Short
78827,DURG,DURG,DRZ,DALLI-RAJHAR,89,120.0,2.0,Short
79301,RTM,RATLAM JN,BHL,BHILWARA,242,385.0,6.416666666666667,Medium
79302,BHL,BHILWARA,RTM,RATLAM JN,242,425.0,7.083333333333333,Medium
79303,RTM,RATLAM JN,COR,CHITTAURGARH,188,255.0,4.25,Medium
79304,COR,CHITTAURGARH,RTM,RATLAM JN,188,240.0,4.0,Medium
79305,DADN,MHOW,RTM,RATLAM JN,139,230.0,3.8333333333333335,Medium
79306,RTM,RATLAM JN,DADN,MHOW,139,220.0,3.6666666666666665,Medium
79307,DADN,MHOW,INDB,INDORE BG,21,60.0,1.0,Short
79308,INDB,INDORE BG,DADN,MHOW,21,55.0,0.9166666666666666,Short
79309,DADN,MHOW,RTM,RATLAM JN,139,240.0,4.0,Medium
79310,RTM,RATLAM JN,DADN,MHOW,139,230.0,3.8333333333333335,Medium
79311,DADN,MHOW,INDB,INDORE BG,21,55.0,0.9166666666666666,Short
79312,INDB,INDORE BG,DADN,MHOW,21,55.0,0.9166666666666666,Short
79313,DADN,MHOW,RTM,RATLAM JN,139,245.0,4.083333333333333,Medium
79314,RTM,RATLAM JN,DADN,MHOW,139,230.0,3.8333333333333335,Medium
79315,DADN,MHOW,INDB,INDORE BG,21,55.0,0.9166666666666666,Short
79316,INDB,INDORE BG,DADN,MHOW,21,55.0,0.9166666666666666,Short
79317,DADN,MHOW,RTM,RATLAM JN,139,235.0,3.9166666666666665,Medium
79318,RTM,RATLAM JN,DADN,MHOW,139,220.0,3.6666666666666665,Medium
79319,INDB,INDORE BG,DADN,MHOW,21,55.0,0.9166666666666666,Short
79320,DADN,MHOW,INDB,INDORE BG,21,55.0,0.9166666666666666,Short
79321,INDB,INDORE BG,DADN,MHOW,21,55.0,0.9166666666666666,Short
79322,DADN,MHOW,INDB,INDORE BG,21,55.0,0.9166666666666666,Short
79323,INDB,INDORE BG,DADN,MHOW,21,55.0,0.9166666666666666,Short
79324,DADN,MHOW,INDB,INDORE BG,21,55.0,0.9166666666666666,Short
79325,INDB,INDORE BG,DADN,MHOW,21,55.0,0.9166666666666666,Short
79326,DADN,MHOW,INDB,INDORE BG,21,55.0,0.9166666666666666,Short
79413,ANND,ANAND JN.,CBY,KHAMBHAT,51,105.0,1.75,Short
79414,CBY,KHAMBHAT,ANND,ANAND JN.,51,90.0,1.5,Short
79415,ANND,ANAND JN.,CBY,KHAMBHAT,51,105.0,1.75,Short
79416,CBY,KHAMBHAT,ANND,ANAND JN.,51,90.0,1.5,Short
79417,ANND,ANAND JN.,CBY,KHAMBHAT,51,100.0,1.6666666666666667,Short
79418,CBY,KHAMBHAT,ANND,ANAND JN.,51,100.0,1.6666666666666667,Short
79419,ANND,ANAND JN.,CBY,KHAMBHAT,51,100.0,1.6666666666666667,Short
79420,CBY,KHAMBHAT,ANND,ANAND JN.,51,100.0,1.6666666666666667,Short
79421,ANND,ANAND JN.,CBY,KHAMBHAT,51,100.0,1.6666666666666667,Short
79422,CBY,KHAMBHAT,ANND,ANAND JN.,51,100.0,1.6666666666666667,Short
79423,ANND,ANAND JN.,CBY,KHAMBHAT,51,105.0,1.75,Short
79424,CBY,KHAMBHAT,ANND,ANAND JN.,51,100.0,1.6666666666666667,Short
79425,ANND,ANAND JN.,CBY,KHAMBHAT,51,100.0,1.6666666666666667,Short
79426,CBY,KHAMBHAT,ANND,ANAND JN.,51,90.0,1.5,Short
79427,ANND,ANAND JN.,CBY,KHAMBHAT,51,100.0,1.6666666666666667,Short
79428,CBY,KHAMBHAT,ANND,ANAND JN.,51,100.0,1.6666666666666667,Short
79429,ANND,ANAND JN.,ADI,AHMEDABAD,63,115.0,1.9166666666666667,Short
79430,ADI,AHMEDABAD,ANND,ANAND JN.,63,90.0,1.5,Short
79431,ADI,AHMEDABAD,MSH,MAHESANA JN,68,100.0,1.6666666666666667,Short
79432,MSH,MAHESANA JN,ADI,AHMEDABAD,68,135.0,2.25,Short
79433,ADI,AHMEDABAD,PTN,PATAN,109,185.0,3.0833333333333335,Medium
79434,PTN,PATAN,ADI,AHMEDABAD,109,175.0,2.9166666666666665,Medium
79435,ADI,AHMEDABAD,PTN,PATAN,109,180.0,3.0,Medium
79436,PTN,PATAN,ADI,AHMEDABAD,109,170.0,2.8333333333333335,Medium
79437,MSH,MAHESANA JN,ABR,ABU ROAD,118,195.0,3.25,Medium
79438,ABR,ABU ROAD,MSH,MAHESANA JN,117,170.0,2.8333333333333335,Medium
79441,WKR,WANKANER,MVI,MORVI,28,45.0,0.75,Short
79442,MVI,MORVI,WKR,WANKANER,28,45.0,0.75,Short
79443,WKR,WANKANER,MVI,MORVI,28,50.0,0.8333333333333334,Short
79444,MVI,MORVI,WKR,WANKANER,28,45.0,0.75,Short
79445,WKR,WANKANER,RJT,RAJKOT,98,215.0,3.5833333333333335,Short
79446,MVI,MORVI,WKR,WANKANER,28,45.0,0.75,Short
79447,WKR,WANKANER,MVI,MORVI,28,45.0,0.75,Short
79448,MVI,MORVI,WKR,WANKANER,28,45.0,0.75,Short
79449,MVI,MORVI,MALB,MALIYA MIYAN,47,90.0,1.5,Short
79450,MALB,MALIYA MIYAN,MVI,MORVI,47,90.0,1.5,Short
79451,WKR,WANKANER,MVI,MORVI,28,45.0,0.75,Short
79452,MVI,MORVI,WKR,WANKANER,28,45.0,0.75,Short
79453,WKR,WANKANER,MVI,MORVI,28,45.0,0.75,Short
79454,RJT,RAJKOT,WKR,WANKANER,98,240.0,4.0,Short
79455,BRC,VADODARA JN.,CTD,CHHOTA UDEPU,105,170.0,2.8333333333333335,Medium
79456,CTD,CHHOTA UDEPU,BRC,VADODARA JN.,105,175.0,2.9166666666666665,Medium
79457,SUNR,SURENDRANAGA,DHG,DHRANGADHRA,36,60.0,1.0,Short
79458,DHG,DHRANGADHRA,SUNR,SURENDRANAGA,36,60.0,1.0,Short
79459,SUNR,SURENDRANAGA,DHG,DHRANGADHRA,36,60.0,1.0,Short
79460,DHG,DHRANGADHRA,SUNR,SURENDRANAGA,36,60.0,1.0,Short
79481,VJF,VIJAPUR,AJM,ADRAJ MOTI,39,115.0,1.9166666666666667,Short
79482,AJM,ADRAJ MOTI,VJF,VIJAPUR,39,105.0,1.75,Short
79483,VJF,VIJAPUR,AJM,ADRAJ MOTI,39,105.0,1.75,Short
79484,AJM,ADRAJ MOTI,VJF,VIJAPUR,39,110.0,1.8333333333333333,Short
79485,VJF,VIJAPUR,UMNF,AMBLIYASAN J,1,110.0,1.8333333333333333,Short
79486,UMNF,AMBLIYASAN J,VJF,VIJAPUR,1,110.0,1.8333333333333333,Short
79487,VJF,VIJAPUR,UMNF,AMBLIYASAN J,1,110.0,1.8333333333333333,Short
79488,UMNF,AMBLIYASAN J,VJF,VIJAPUR,1,110.0,1.8333333333333333,Short
79489,VJF,VIJAPUR,UMNF,AMBLIYASAN J,1,110.0,1.8333333333333333,Short
79490,UMNF,AMBLIYASAN J,VJF,VIJAPUR,1,110.0,1.8333333333333333,Short
82355,PNBE,PATNA JN.,CSMT,CST-MUMBAI,1712,1625.0,27.083333333333332,Long
82601,MS,CHENNAI EGMO,TEN,TIRUNELVELI,649,775.0,12.916666666666666,Long
82606,TEN,TIRUNELVELI,MS,CHENNAI EGMO,649,720.0,12.0,Long
82631,MAS,CHENNAI CENT,ERS,ERNAKULAM. J,695,765.0,12.75,Long
82635,MAS,CHENNAI CENT,QLN,QUILON,849,960.0,16.0,Long
82651,YPR,YESVANTPUR J,SVDK,SHRI MATA VA,3211,3415.0,56.916666666666664,Long
82652,SVDK,SHRI MATA VA,YPR,YESVANTPUR J,3212,3440.0,57.333333333333336,Long
82653,YPR,YESVANTPUR J,JP,JAIPUR JN.,2440,2585.0,43.083333333333336,Long
82654,JP,JAIPUR JN.,YPR,YESVANTPUR J,2440,2630.0,43.833333333333336,Long
82665,YPR,YESVANTPUR J,VSG,VASCO-DA-GAM,668,369.0,6.15,Long
82666,VSG,VASCO-DA-GAM,YPR,YESVANTPUR J,663,368.0,6.133333333333334,Long
90540,VR,VIRAR,CCG,CHURCHGATE,60,103.0,1.7166666666666666,Short
90981,CCG,CHURCHGATE,VR,VIRAR,59,86.0,1.4333333333333333,Short
91392,RVJ,RAVLI JN,CSMT,CST-MUMBAI,10,21.0,0.35,Short
91393,CSMT,CST-MUMBAI,RVJ,RAVLI JN,10,20.0,0.3333333333333333,Short
91394,RVJ,RAVLI JN,CSMT,CST-MUMBAI,10,20.0,0.3333333333333333,Short
91395,CSMT,CST-MUMBAI,RVJ,RAVLI JN,10,20.0,0.3333333333333333,Short
91396,RVJ,RAVLI JN,CSMT,CST-MUMBAI,10,21.0,0.35,Short
91491,CSMT,CST-MUMBAI,RVJ,RAVLI JN,10,20.0,0.3333333333333333,Short
93001,VR,VIRAR,DRD,DAHANU ROAD,63,75.0,1.25,Short
93002,DRD,DAHANU ROAD,ADH,ANDHERI,101,114.0,1.9,Medium
93003,VR,VIRAR,DRD,DAHANU ROAD,63,78.0,1.3,Short
93004,DRD,DAHANU ROAD,VR,VIRAR,63,80.0,1.3333333333333333,Short
93005,CCG,CHURCHGATE,DRD,DAHANU ROAD,123,152.0,2.533333333333333,Medium
93006,DRD,DAHANU ROAD,CCG,CHURCHGATE,123,164.0,2.7333333333333334,Medium
93007,CCG,CHURCHGATE,DRD,DAHANU ROAD,123,176.0,2.933333333333333,Medium
93008,DRD,DAHANU ROAD,BVI,BORIVLI,89,113.0,1.8833333333333333,Short
93009,ADH,ANDHERI,DRD,DAHANU ROAD,101,132.0,2.2,Medium
93010,DRD,DAHANU ROAD,VR,VIRAR,63,75.0,1.25,Short
93011,VR,VIRAR,DRD,DAHANU ROAD,63,85.0,1.4166666666666667,Short
93012,DRD,DAHANU ROAD,VR,VIRAR,63,75.0,1.25,Short
93013,BVI,BORIVLI,DRD,DAHANU ROAD,89,109.0,1.8166666666666667,Short
93014,DRD,DAHANU ROAD,VR,VIRAR,63,75.0,1.25,Short
93015,CCG,CHURCHGATE,DRD,DAHANU ROAD,123,172.0,2.8666666666666667,Medium
93016,DRD,DAHANU ROAD,CCG,CHURCHGATE,123,155.0,2.5833333333333335,Medium
93017,VR,VIRAR,DRD,DAHANU ROAD,63,80.0,1.3333333333333333,Short
93018,DRD,DAHANU ROAD,VR,VIRAR,63,75.0,1.25,Short
93019,VR,VIRAR,DRD,DAHANU ROAD,63,80.0,1.3333333333333333,Short
93020,DRD,DAHANU ROAD,DDR,DADAR,113,133.0,2.216666666666667,Medium
93021,VR,VIRAR,DRD,DAHANU ROAD,63,80.0,1.3333333333333333,Short
93022,DRD,DAHANU ROAD,DDR,DADAR,113,147.0,2.45,Medium
93023,VR,VIRAR,DRD,DAHANU ROAD,63,100.0,1.6666666666666667,Short
93024,DRD,DAHANU ROAD,VR,VIRAR,63,75.0,1.25,Short
93025,CCG,CHURCHGATE,DRD,DAHANU ROAD,123,163.0,2.716666666666667,Medium
93026,DRD,DAHANU ROAD,CCG,CHURCHGATE,123,159.0,2.65,Medium
93027,DDR,DADAR,DRD,DAHANU ROAD,113,148.0,2.466666666666667,Medium
93028,DRD,DAHANU ROAD,CCG,CHURCHGATE,123,166.0,2.7666666666666666,Medium
93029,DDR,DADAR,DRD,DAHANU ROAD,113,145.0,2.4166666666666665,Medium
93030,DRD,DAHANU ROAD,CCG,CHURCHGATE,123,152.0,2.533333333333333,Medium
93031,VR,VIRAR,DRD,DAHANU ROAD,63,75.0,1.25,Short
93032,DRD,DAHANU ROAD,VR,VIRAR,63,75.0,1.25,Short
93033,CCG,CHURCHGATE,DRD,DAHANU ROAD,123,158.0,2.6333333333333333,Medium
93034,DRD,DAHANU ROAD,VR,VIRAR,63,75.0,1.25,Short
93101,VR,VIRAR,DRD,DAHANU ROAD,63,78.0,1.3,Short
93102,DRD,DAHANU ROAD,VR,VIRAR,63,80.0,1.3333333333333333,Short
93103,CCG,CHURCHGATE,DRD,DAHANU ROAD,123,152.0,2.533333333333333,Medium
93104,DRD,DAHANU ROAD,VR,VIRAR,63,75.0,1.25,Short
93105,VR,VIRAR,DRD,DAHANU ROAD,63,85.0,1.4166666666666667,Short
93109,VR,VIRAR,DRD,DAHANU ROAD,63,80.0,1.3333333333333333,Short
95001,KYN,KALYAN JN,PDI,PALASDARI,49,56.0,0.9333333333333333,Short
95002,PDI,PALASDARI,KYN,KALYAN JN,49,58.0,0.9666666666666667,Short
95003,KYN,KALYAN JN,PDI,PALASDARI,49,58.0,0.9666666666666667,Short
95004,PDI,PALASDARI,KYN,KALYAN JN,49,62.0,1.0333333333333334,Short
95005,KYN,KALYAN JN,PDI,PALASDARI,49,58.0,0.9666666666666667,Short
95006,PDI,PALASDARI,KYN,KALYAN JN,49,58.0,0.9666666666666667,Short
95007,KYN,KALYAN JN,PDI,PALASDARI,49,57.0,0.95,Short
95008,PDI,PALASDARI,KYN,KALYAN JN,49,58.0,0.9666666666666667,Short
95009,KYN,KALYAN JN,PDI,PALASDARI,49,57.0,0.95,Short
95010,PDI,PALASDARI,KYN,KALYAN JN,49,58.0,0.9666666666666667,Short
95011,KYN,KALYAN JN,PDI,PALASDARI,49,56.0,0.9333333333333333,Short
95012,PDI,PALASDARI,KYN,KALYAN JN,49,59.0,0.9833333333333333,Short
95013,KYN,KALYAN JN,PDI,PALASDARI,49,57.0,0.95,Short
95101,KYN,KALYAN JN,KJT,KARJAT,46,52.0,0.8666666666666667,Short
95102,KJT,KARJAT,KYN,KALYAN JN,46,50.0,0.8333333333333334,Short
95103,KYN,KALYAN JN,KJT,KARJAT,46,53.0,0.8833333333333333,Short
95104,KJT,KARJAT,KYN,KALYAN JN,46,50.0,0.8333333333333334,Short
95105,KYN,KALYAN JN,KJT,KARJAT,46,51.0,0.85,Short
95106,KJT,KARJAT,KYN,KALYAN JN,46,51.0,0.85,Short
95107,KYN,KALYAN JN,KJT,KARJAT,46,50.0,0.8333333333333334,Short
95108,KJT,KARJAT,KYN,KALYAN JN,46,51.0,0.85,Short
95109,KYN,KALYAN JN,KJT,KARJAT,46,50.0,0.8333333333333334,Short
95110,KJT,KARJAT,KYN,KALYAN JN,46,50.0,0.8333333333333334,Short
95111,KYN,KALYAN JN,KJT,KARJAT,46,50.0,0.8333333333333334,Short
95112,KJT,KARJAT,KYN,KALYAN JN,46,50.0,0.8333333333333334,Short
95113,KYN,KALYAN JN,KJT,KARJAT,46,51.0,0.85,Short
95114,KJT,KARJAT,KYN,KALYAN JN,46,50.0,0.8333333333333334,Short
95115,KYN,KALYAN JN,KJT,KARJAT,46,50.0,0.8333333333333334,Short
95116,KJT,KARJAT,KYN,KALYAN JN,46,50.0,0.8333333333333334,Short
95117,KYN,KALYAN JN,KJT,KARJAT,46,50.0,0.8333333333333334,Short
95118,KJT,KARJAT,KYN,KALYAN JN,46,51.0,0.85,Short
95119,KYN,KALYAN JN,KJT,KARJAT,46,50.0,0.8333333333333334,Short
95120,KJT,KARJAT,KYN,KALYAN JN,46,50.0,0.8333333333333334,Short
95121,KYN,KALYAN JN,KJT,KARJAT,46,52.0,0.8666666666666667,Short
95122,KJT,KARJAT,KYN,KALYAN JN,46,50.0,0.8333333333333334,Short
95123,KYN,KALYAN JN,KJT,KARJAT,46,50.0,0.8333333333333334,Short
95124,KJT,KARJAT,KYN,KALYAN JN,46,51.0,0.85,Short
95125,KYN,KALYAN JN,KJT,KARJAT,46,50.0,0.8333333333333334,Short
95126,KJT,KARJAT,KYN,KALYAN JN,46,50.0,0.8333333333333334,Short
95127,KYN,KALYAN JN,KJT,KARJAT,46,51.0,0.85,Short
95128,KJT,KARJAT,KYN,KALYAN JN,46,50.0,0.8333333333333334,Short
95129,KYN,KALYAN JN,KJT,KARJAT,46,52.0,0.8666666666666667,Short
95130,KJT,KARJAT,KYN,KALYAN JN,46,50.0,0.8333333333333334,Short
95131,KYN,KALYAN JN,KJT,KARJAT,46,50.0,0.8333333333333334,Short
95132,KJT,KARJAT,KYN,KALYAN JN,46,50.0,0.8333333333333334,Short
95134,KJT,KARJAT,KYN,KALYAN JN,46,51.0,0.85,Short
95136,KJT,KARJAT,KYN,KALYAN JN,46,50.0,0.8333333333333334,Short
95138,KJT,KARJAT,KYN,KALYAN JN,46,50.0,0.8333333333333334,Short
95140,KJT,KARJAT,KYN,KALYAN JN,46,52.0,0.8666666666666667,Short
95142,KJT,KARJAT,KYN,KALYAN JN,46,50.0,0.8333333333333334,Short
95144,KJT,KARJAT,KYN,KALYAN JN,46,50.0,0.8333333333333334,Short
95201,KYN,KALYAN JN,BUD,BADLAPUR,14,18.0,0.3,Short
95202,BUD,BADLAPUR,KYN,KALYAN JN,14,19.0,0.31666666666666665,Short
95203,KYN,KALYAN JN,BUD,BADLAPUR,14,22.0,0.36666666666666664,Short
95204,BUD,BADLAPUR,KYN,KALYAN JN,14,18.0,0.3,Short
95205,KYN,KALYAN JN,BUD,BADLAPUR,14,19.0,0.31666666666666665,Short
95206,BUD,BADLAPUR,KYN,KALYAN JN,14,19.0,0.31666666666666665,Short
95207,KYN,KALYAN JN,BUD,BADLAPUR,14,20.0,0.3333333333333333,Short
95208,BUD,BADLAPUR,KYN,KALYAN JN,14,20.0,0.3333333333333333,Short
95209,KYN,KALYAN JN,BUD,BADLAPUR,14,19.0,0.31666666666666665,Short
95210,BUD,BADLAPUR,KYN,KALYAN JN,14,19.0,0.31666666666666665,Short
95211,KYN,KALYAN JN,BUD,BADLAPUR,14,19.0,0.31666666666666665,Short
95212,BUD,BADLAPUR,KYN,KALYAN JN,14,20.0,0.3333333333333333,Short
95213,KYN,KALYAN JN,BUD,BADLAPUR,14,19.0,0.31666666666666665,Short
95214,BUD,BADLAPUR,KYN,KALYAN JN,14,20.0,0.3333333333333333,Short
95215,KYN,KALYAN JN,BUD,BADLAPUR,14,22.0,0.36666666666666664,Short
95216,BUD,BADLAPUR,KYN,KALYAN JN,14,20.0,0.3333333333333333,Short
95217,KYN,KALYAN JN,BUD,BADLAPUR,14,21.0,0.35,Short
95218,BUD,BADLAPUR,KYN,KALYAN JN,14,19.0,0.31666666666666665,Short
95219,KYN,KALYAN JN,BUD,BADLAPUR,14,19.0,0.31666666666666665,Short
95220,BUD,BADLAPUR,KYN,KALYAN JN,14,19.0,0.31666666666666665,Short
95221,KYN,KALYAN JN,BUD,BADLAPUR,14,18.0,0.3,Short
95222,BUD,BADLAPUR,KYN,KALYAN JN,14,19.0,0.31666666666666665,Short
95223,KYN,KALYAN JN,BUD,BADLAPUR,14,21.0,0.35,Short
95224,BUD,BADLAPUR,KYN,KALYAN JN,14,19.0,0.31666666666666665,Short
95225,KYN,KALYAN JN,BUD,BADLAPUR,14,20.0,0.3333333333333333,Short
95226,BUD,BADLAPUR,KYN,KALYAN JN,14,19.0,0.31666666666666665,Short
95227,KYN,KALYAN JN,BUD,BADLAPUR,14,19.0,0.31666666666666665,Short
95228,BUD,BADLAPUR,KYN,KALYAN JN,14,19.0,0.31666666666666665,Short
95229,KYN,KALYAN JN,BUD,BADLAPUR,14,20.0,0.3333333333333333,Short
95230,BUD,BADLAPUR,KYN,KALYAN JN,14,20.0,0.3333333333333333,Short
95231,KYN,KALYAN JN,BUD,BADLAPUR,14,20.0,0.3333333333333333,Short
95232,BUD,BADLAPUR,KYN,KALYAN JN,14,19.0,0.31666666666666665,Short
95233,KYN,KALYAN JN,BUD,BADLAPUR,14,20.0,0.3333333333333333,Short
95234,BUD,BADLAPUR,KYN,KALYAN JN,14,21.0,0.35,Short
95235,KYN,KALYAN JN,BUD,BADLAPUR,14,19.0,0.31666666666666665,Short
95236,BUD,BADLAPUR,KYN,KALYAN JN,14,19.0,0.31666666666666665,Short
95237,KYN,KALYAN JN,BUD,BADLAPUR,14,19.0,0.31666666666666665,Short
95239,KYN,KALYAN JN,BUD,BADLAPUR,14,21.0,0.35,Short
95241,KYN,KALYAN JN,BUD,BADLAPUR,14,21.0,0.35,Short
95301,KYN,KALYAN JN,ABH,AMBERNATH,6,12.0,0.2,Short
95302,ABH,AMBERNATH,KYN,KALYAN JN,6,12.0,0.2,Short
95303,KYN,KALYAN JN,ABH,AMBERNATH,6,13.0,0.21666666666666667,Short
95304,ABH,AMBERNATH,KYN,KALYAN JN,6,12.0,0.2,Short
95305,KYN,KALYAN JN,ABH,AMBERNATH,6,12.0,0.2,Short
95306,ABH,AMBERNATH,KYN,KALYAN JN,6,12.0,0.2,Short
95307,KYN,KALYAN JN,ABH,AMBERNATH,6,12.0,0.2,Short
95308,ABH,AMBERNATH,KYN,KALYAN JN,6,12.0,0.2,Short
95309,KYN,KALYAN JN,ABH,AMBERNATH,6,13.0,0.21666666666666667,Short
95310,ABH,AMBERNATH,KYN,KALYAN JN,6,12.0,0.2,Short
95311,KYN,KALYAN JN,ABH,AMBERNATH,6,14.0,0.23333333333333334,Short
95312,ABH,AMBERNATH,KYN,KALYAN JN,6,12.0,0.2,Short
95313,KYN,KALYAN JN,ABH,AMBERNATH,6,12.0,0.2,Short
95314,ABH,AMBERNATH,KYN,KALYAN JN,6,12.0,0.2,Short
95315,KYN,KALYAN JN,ABH,AMBERNATH,6,12.0,0.2,Short
95316,ABH,AMBERNATH,KYN,KALYAN JN,6,12.0,0.2,Short
95317,KYN,KALYAN JN,ABH,AMBERNATH,6,11.0,0.18333333333333332,Short
95318,ABH,AMBERNATH,KYN,KALYAN JN,6,13.0,0.21666666666666667,Short
95319,KYN,KALYAN JN,ABH,AMBERNATH,6,13.0,0.21666666666666667,Short
95320,ABH,AMBERNATH,KYN,KALYAN JN,6,12.0,0.2,Short
95321,KYN,KALYAN JN,ABH,AMBERNATH,6,11.0,0.18333333333333332,Short
95322,ABH,AMBERNATH,KYN,KALYAN JN,6,12.0,0.2,Short
95323,KYN,KALYAN JN,ABH,AMBERNATH,6,12.0,0.2,Short
95324,ABH,AMBERNATH,KYN,KALYAN JN,6,12.0,0.2,Short
95325,KYN,KALYAN JN,ABH,AMBERNATH,6,12.0,0.2,Short
95326,ABH,AMBERNATH,KYN,KALYAN JN,6,12.0,0.2,Short
95327,KYN,KALYAN JN,ABH,AMBERNATH,6,14.0,0.23333333333333334,Short
95328,ABH,AMBERNATH,KYN,KALYAN JN,6,12.0,0.2,Short
95329,KYN,KALYAN JN,ABH,AMBERNATH,6,12.0,0.2,Short
95330,ABH,AMBERNATH,KYN,KALYAN JN,6,12.0,0.2,Short
95331,KYN,KALYAN JN,ABH,AMBERNATH,6,12.0,0.2,Short
95332,ABH,AMBERNATH,KYN,KALYAN JN,6,12.0,0.2,Short
95334,ABH,AMBERNATH,KYN,KALYAN JN,6,14.0,0.23333333333333334,Short
95336,ABH,AMBERNATH,KYN,KALYAN JN,6,13.0,0.21666666666666667,Short
95338,ABH,AMBERNATH,KYN,KALYAN JN,6,13.0,0.21666666666666667,Short
95340,ABH,AMBERNATH,KYN,KALYAN JN,6,13.0,0.21666666666666667,Short
95342,ABH,AMBERNATH,KYN,KALYAN JN,6,12.0,0.2,Short
95401,KYN,KALYAN JN,KSRA,KASARA,67,76.0,1.2666666666666666,Short
95402,KSRA,KASARA,KYN,KALYAN JN,67,70.0,1.1666666666666667,Short
95403,KYN,KALYAN JN,KSRA,KASARA,67,70.0,1.1666666666666667,Short
95404,KSRA,KASARA,KYN,KALYAN JN,67,71.0,1.1833333333333333,Short
95405,KYN,KALYAN JN,KSRA,KASARA,67,71.0,1.1833333333333333,Short
95406,KSRA,KASARA,KYN,KALYAN JN,67,73.0,1.2166666666666666,Short
95407,KYN,KALYAN JN,KSRA,KASARA,67,73.0,1.2166666666666666,Short
95408,KSRA,KASARA,KYN,KALYAN JN,67,72.0,1.2,Short
95409,KYN,KALYAN JN,KSRA,KASARA,67,70.0,1.1666666666666667,Short
95410,KSRA,KASARA,KYN,KALYAN JN,67,71.0,1.1833333333333333,Short
95411,KYN,KALYAN JN,KSRA,KASARA,67,70.0,1.1666666666666667,Short
95412,KSRA,KASARA,KYN,KALYAN JN,67,70.0,1.1666666666666667,Short
95413,KYN,KALYAN JN,KSRA,KASARA,67,70.0,1.1666666666666667,Short
95414,KSRA,KASARA,KYN,KALYAN JN,67,71.0,1.1833333333333333,Short
95415,KYN,KALYAN JN,KSRA,KASARA,67,70.0,1.1666666666666667,Short
95416,KSRA,KASARA,KYN,KALYAN JN,67,71.0,1.1833333333333333,Short
95417,KYN,KALYAN JN,KSRA,KASARA,67,70.0,1.1666666666666667,Short
95418,KSRA,KASARA,KYN,KALYAN JN,67,70.0,1.1666666666666667,Short
95419,KYN,KALYAN JN,KSRA,KASARA,67,72.0,1.2,Short
95420,KSRA,KASARA,KYN,KALYAN JN,67,71.0,1.1833333333333333,Short
95421,KYN,KALYAN JN,KSRA,KASARA,67,71.0,1.1833333333333333,Short
95422,KSRA,KASARA,KYN,KALYAN JN,67,71.0,1.1833333333333333,Short
95423,KYN,KALYAN JN,KSRA,KASARA,67,71.0,1.1833333333333333,Short
95424,KSRA,KASARA,KYN,KALYAN JN,67,70.0,1.1666666666666667,Short
95425,KYN,KALYAN JN,KSRA,KASARA,67,71.0,1.1833333333333333,Short
95426,KSRA,KASARA,KYN,KALYAN JN,67,70.0,1.1666666666666667,Short
95428,KSRA,KASARA,KYN,KALYAN JN,67,70.0,1.1666666666666667,Short
95430,KSRA,KASARA,KYN,KALYAN JN,67,70.0,1.1666666666666667,Short
95501,KYN,KALYAN JN,ASO,ASANGAON,32,35.0,0.5833333333333334,Short
95502,ASO,ASANGAON,KYN,KALYAN JN,32,36.0,0.6,Short
95503,KYN,KALYAN JN,ASO,ASANGAON,32,39.0,0.65,Short
95504,ASO,ASANGAON,KYN,KALYAN JN,32,37.0,0.6166666666666667,Short
95505,KYN,KALYAN JN,ASO,ASANGAON,32,35.0,0.5833333333333334,Short
95506,ASO,ASANGAON,KYN,KALYAN JN,32,37.0,0.6166666666666667,Short
95507,KYN,KALYAN JN,ASO,ASANGAON,32,35.0,0.5833333333333334,Short
95508,ASO,ASANGAON,KYN,KALYAN JN,32,35.0,0.5833333333333334,Short
95509,KYN,KALYAN JN,ASO,ASANGAON,32,36.0,0.6,Short
95510,ASO,ASANGAON,KYN,KALYAN JN,32,35.0,0.5833333333333334,Short
95511,KYN,KALYAN JN,ASO,ASANGAON,32,36.0,0.6,Short
95512,ASO,ASANGAON,KYN,KALYAN JN,32,40.0,0.6666666666666666,Short
95513,KYN,KALYAN JN,ASO,ASANGAON,32,38.0,0.6333333333333333,Short
95514,ASO,ASANGAON,KYN,KALYAN JN,32,36.0,0.6,Short
95515,KYN,KALYAN JN,ASO,ASANGAON,32,38.0,0.6333333333333333,Short
95516,ASO,ASANGAON,KYN,KALYAN JN,32,37.0,0.6166666666666667,Short
95517,KYN,KALYAN JN,ASO,ASANGAON,32,35.0,0.5833333333333334,Short
95601,KYN,KALYAN JN,TLA,TITVALA,10,16.0,0.26666666666666666,Short
95602,TLA,TITVALA,KYN,KALYAN JN,10,15.0,0.25,Short
95603,KYN,KALYAN JN,TLA,TITVALA,10,17.0,0.2833333333333333,Short
95604,TLA,TITVALA,KYN,KALYAN JN,10,15.0,0.25,Short
95605,KYN,KALYAN JN,TLA,TITVALA,10,16.0,0.26666666666666666,Short
95606,TLA,TITVALA,KYN,KALYAN JN,10,16.0,0.26666666666666666,Short
95607,KYN,KALYAN JN,TLA,TITVALA,10,15.0,0.25,Short
95608,TLA,TITVALA,KYN,KALYAN JN,10,15.0,0.25,Short
95609,KYN,KALYAN JN,TLA,TITVALA,10,16.0,0.26666666666666666,Short
95610,TLA,TITVALA,KYN,KALYAN JN,10,15.0,0.25,Short
95611,KYN,KALYAN JN,TLA,TITVALA,10,15.0,0.25,Short
95612,TLA,TITVALA,KYN,KALYAN JN,10,15.0,0.25,Short
95613,KYN,KALYAN JN,TLA,TITVALA,10,16.0,0.26666666666666666,Short
95614,TLA,TITVALA,KYN,KALYAN JN,10,15.0,0.25,Short
95615,KYN,KALYAN JN,TLA,TITVALA,10,15.0,0.25,Short
95616,TLA,TITVALA,KYN,KALYAN JN,10,15.0,0.25,Short
95617,KYN,KALYAN JN,TLA,TITVALA,10,16.0,0.26666666666666666,Short
95619,KYN,KALYAN JN,TLA,TITVALA,10,15.0,0.25,Short
95701,CSMT,CST-MUMBAI,KYN,KALYAN JN,53,60.0,1.0,Short
95702,KYN,KALYAN JN,CSMT,CST-MUMBAI,53,80.0,1.3333333333333333,Short
95703,CSMT,CST-MUMBAI,KYN,KALYAN JN,53,60.0,1.0,Short
95704,KYN,KALYAN JN,CSMT,CST-MUMBAI,53,62.0,1.0333333333333334,Short
95705,CSMT,CST-MUMBAI,KYN,KALYAN JN,53,59.0,0.9833333333333333,Short
95706,KYN,KALYAN JN,DR,DADAR,44,59.0,0.9833333333333333,Short
95707,CSMT,CST-MUMBAI,KYN,KALYAN JN,53,72.0,1.2,Short
95708,KYN,KALYAN JN,CSMT,CST-MUMBAI,53,74.0,1.2333333333333334,Short
95709,CSMT,CST-MUMBAI,KYN,KALYAN JN,53,72.0,1.2,Short
95710,KYN,KALYAN JN,CSMT,CST-MUMBAI,53,76.0,1.2666666666666666,Short
95711,CSMT,CST-MUMBAI,KYN,KALYAN JN,53,73.0,1.2166666666666666,Short
95712,KYN,KALYAN JN,CSMT,CST-MUMBAI,53,62.0,1.0333333333333334,Short
95713,DR,DADAR,KYN,KALYAN JN,44,49.0,0.8166666666666667,Short
95714,KYN,KALYAN JN,CSMT,CST-MUMBAI,53,76.0,1.2666666666666666,Short
95715,CSMT,CST-MUMBAI,KYN,KALYAN JN,53,73.0,1.2166666666666666,Short
95716,KYN,KALYAN JN,CSMT,CST-MUMBAI,53,76.0,1.2666666666666666,Short
95717,CSMT,CST-MUMBAI,KYN,KALYAN JN,53,62.0,1.0333333333333334,Short
95718,KYN,KALYAN JN,CSMT,CST-MUMBAI,53,75.0,1.25,Short
95719,CSMT,CST-MUMBAI,KYN,KALYAN JN,53,62.0,1.0333333333333334,Short
95720,KYN,KALYAN JN,CSMT,CST-MUMBAI,53,74.0,1.2333333333333334,Short
95721,CSMT,CST-MUMBAI,KYN,KALYAN JN,53,72.0,1.2,Short
95722,KYN,KALYAN JN,DR,DADAR,44,50.0,0.8333333333333334,Short
95723,DR,DADAR,KYN,KALYAN JN,44,49.0,0.8166666666666667,Short
95724,KYN,KALYAN JN,CSMT,CST-MUMBAI,53,61.0,1.0166666666666666,Short
95725,DR,DADAR,KYN,KALYAN JN,44,47.0,0.7833333333333333,Short
95726,KYN,KALYAN JN,CSMT,CST-MUMBAI,53,62.0,1.0333333333333334,Short
95727,CSMT,CST-MUMBAI,KYN,KALYAN JN,53,74.0,1.2333333333333334,Short
95728,KYN,KALYAN JN,CSMT,CST-MUMBAI,53,75.0,1.25,Short
95729,DR,DADAR,KYN,KALYAN JN,44,60.0,1.0,Short
95730,KYN,KALYAN JN,DR,DADAR,44,49.0,0.8166666666666667,Short
95731,CSMT,CST-MUMBAI,KYN,KALYAN JN,53,74.0,1.2333333333333334,Short
95732,KYN,KALYAN JN,CSMT,CST-MUMBAI,53,72.0,1.2,Short
95733,CSMT,CST-MUMBAI,KYN,KALYAN JN,53,73.0,1.2166666666666666,Short
95734,KYN,KALYAN JN,DR,DADAR,44,45.0,0.75,Short
95735,DR,DADAR,KYN,KALYAN JN,44,60.0,1.0,Short
95736,KYN,KALYAN JN,CSMT,CST-MUMBAI,53,73.0,1.2166666666666666,Short
95737,CSMT,CST-MUMBAI,KYN,KALYAN JN,53,78.0,1.3,Short
95738,KYN,KALYAN JN,CSMT,CST-MUMBAI,53,75.0,1.25,Short
95739,CSMT,CST-MUMBAI,KYN,KALYAN JN,53,63.0,1.05,Short
95740,KYN,KALYAN JN,CSMT,CST-MUMBAI,53,62.0,1.0333333333333334,Short
95741,CSMT,CST-MUMBAI,KYN,KALYAN JN,53,76.0,1.2666666666666666,Short
95742,KYN,KALYAN JN,CSMT,CST-MUMBAI,53,73.0,1.2166666666666666,Short
95743,CSMT,CST-MUMBAI,KYN,KALYAN JN,53,81.0,1.35,Short
95744,KYN,KALYAN JN,CSMT,CST-MUMBAI,53,62.0,1.0333333333333334,Short
95745,CSMT,CST-MUMBAI,KYN,KALYAN JN,53,62.0,1.0333333333333334,Short
95746,KYN,KALYAN JN,CSMT,CST-MUMBAI,53,60.0,1.0,Short
95801,CSMT,CST-MUMBAI,DI,DOMBIVLI,48,65.0,1.0833333333333333,Short
95802,DI,DOMBIVLI,CSMT,CST-MUMBAI,48,67.0,1.1166666666666667,Short
95804,DI,DOMBIVLI,CSMT,CST-MUMBAI,48,66.0,1.1,Short
95805,CSMT,CST-MUMBAI,DI,DOMBIVLI,48,70.0,1.1666666666666667,Short
95808,DI,DOMBIVLI,CSMT,CST-MUMBAI,48,67.0,1.1166666666666667,Short
95901,CSMT,CST-MUMBAI,TNA,THANE,33,39.0,0.65,Short
95902,TNA,THANE,CSMT,CST-MUMBAI,33,44.0,0.7333333333333333,Short
95903,CSMT,CST-MUMBAI,TNA,THANE,33,42.0,0.7,Short
95904,TNA,THANE,CSMT,CST-MUMBAI,33,45.0,0.75,Short
95905,CSMT,CST-MUMBAI,TNA,THANE,33,41.0,0.6833333333333333,Short
95906,TNA,THANE,CSMT,CST-MUMBAI,33,43.0,0.7166666666666667,Short
95907,CSMT,CST-MUMBAI,TNA,THANE,33,41.0,0.6833333333333333,Short
95908,TNA,THANE,CSMT,CST-MUMBAI,33,45.0,0.75,Short
95909,CSMT,CST-MUMBAI,TNA,THANE,33,41.0,0.6833333333333333,Short
95910,TNA,THANE,CSMT,CST-MUMBAI,33,43.0,0.7166666666666667,Short
95911,CSMT,CST-MUMBAI,TNA,THANE,33,42.0,0.7,Short
95912,TNA,THANE,CSMT,CST-MUMBAI,33,44.0,0.7333333333333333,Short
95913,CSMT,CST-MUMBAI,TNA,THANE,33,50.0,0.8333333333333334,Short
95917,CSMT,CST-MUMBAI,TNA,THANE,33,43.0,0.7166666666666667,Short
95919,CSMT,CST-MUMBAI,TNA,THANE,33,51.0,0.85,Short
96001,KJT,KARJAT,PDI,PALASDARI,2,5.0,0.08333333333333333,Short
96002,PDI,PALASDARI,KJT,KARJAT,2,7.0,0.11666666666666667,Short
96003,KYN,KALYAN JN,PDI,PALASDARI,49,58.0,0.9666666666666667,Short
96004,PDI,PALASDARI,KJT,KARJAT,2,7.0,0.11666666666666667,Short
96005,KJT,KARJAT,PDI,PALASDARI,2,5.0,0.08333333333333333,Short
96006,PDI,PALASDARI,KJT,KARJAT,2,7.0,0.11666666666666667,Short
96007,KJT,KARJAT,PDI,PALASDARI,2,5.0,0.08333333333333333,Short
96008,PDI,PALASDARI,KJT,KARJAT,2,7.0,0.11666666666666667,Short
96009,KJT,KARJAT,PDI,PALASDARI,2,5.0,0.08333333333333333,Short
96010,PDI,PALASDARI,KJT,KARJAT,2,7.0,0.11666666666666667,Short
96011,KJT,KARJAT,PDI,PALASDARI,2,5.0,0.08333333333333333,Short
96012,PDI,PALASDARI,KJT,KARJAT,2,7.0,0.11666666666666667,Short
96013,KJT,KARJAT,PDI,PALASDARI,2,5.0,0.08333333333333333,Short
96014,PDI,PALASDARI,KJT,KARJAT,2,7.0,0.11666666666666667,Short
96015,KJT,KARJAT,PDI,PALASDARI,2,5.0,0.08333333333333333,Short
96016,PDI,PALASDARI,KJT,KARJAT,2,7.0,0.11666666666666667,Short
96017,KJT,KARJAT,PDI,PALASDARI,2,5.0,0.08333333333333333,Short
96018,PDI,PALASDARI,KJT,KARJAT,2,7.0,0.11666666666666667,Short
96019,KYN,KALYAN JN,PDI,PALASDARI,49,57.0,0.95,Short
96020,PDI,PALASDARI,KYN,KALYAN JN,49,60.0,1.0,Short
96022,PDI,PALASDARI,KJT,KARJAT,2,7.0,0.11666666666666667,Short
96101,KYN,KALYAN JN,KJT,KARJAT,46,53.0,0.8833333333333333,Short
96102,KJT,KARJAT,KYN,KALYAN JN,46,52.0,0.8666666666666667,Short
96103,KYN,KALYAN JN,KJT,KARJAT,46,51.0,0.85,Short
96104,KJT,KARJAT,KYN,KALYAN JN,46,51.0,0.85,Short
96105,KYN,KALYAN JN,KJT,KARJAT,46,51.0,0.85,Short
96106,KJT,KARJAT,KYN,KALYAN JN,46,51.0,0.85,Short
96107,KYN,KALYAN JN,KJT,KARJAT,46,52.0,0.8666666666666667,Short
96108,KJT,KARJAT,KYN,KALYAN JN,46,51.0,0.85,Short
96109,KYN,KALYAN JN,KJT,KARJAT,46,51.0,0.85,Short
96110,KJT,KARJAT,KYN,KALYAN JN,46,51.0,0.85,Short
96111,KYN,KALYAN JN,KJT,KARJAT,46,61.0,1.0166666666666666,Short
96112,KJT,KARJAT,KYN,KALYAN JN,46,50.0,0.8333333333333334,Short
96113,KYN,KALYAN JN,KJT,KARJAT,46,52.0,0.8666666666666667,Short
96114,KJT,KARJAT,CSMT,CST-MUMBAI,99,141.0,2.35,Short
96115,KYN,KALYAN JN,KJT,KARJAT,46,51.0,0.85,Short
96116,KJT,KARJAT,CSMT,CST-MUMBAI,99,138.0,2.3,Short
96117,KYN,KALYAN JN,KJT,KARJAT,46,51.0,0.85,Short
96119,KYN,KALYAN JN,KJT,KARJAT,46,51.0,0.85,Short
96121,KYN,KALYAN JN,KJT,KARJAT,46,51.0,0.85,Short
96201,KYN,KALYAN JN,BUD,BADLAPUR,14,20.0,0.3333333333333333,Short
96202,BUD,BADLAPUR,KYN,KALYAN JN,14,18.0,0.3,Short
96203,KYN,KALYAN JN,BUD,BADLAPUR,14,18.0,0.3,Short
96204,BUD,BADLAPUR,KYN,KALYAN JN,14,18.0,0.3,Short
96205,KYN,KALYAN JN,BUD,BADLAPUR,14,20.0,0.3333333333333333,Short
96206,BUD,BADLAPUR,KYN,KALYAN JN,14,17.0,0.2833333333333333,Short
96207,KYN,KALYAN JN,BUD,BADLAPUR,14,20.0,0.3333333333333333,Short
96208,BUD,BADLAPUR,KYN,KALYAN JN,14,20.0,0.3333333333333333,Short
96209,KYN,KALYAN JN,BUD,BADLAPUR,14,21.0,0.35,Short
96210,BUD,BADLAPUR,KYN,KALYAN JN,14,19.0,0.31666666666666665,Short
96211,KYN,KALYAN JN,BUD,BADLAPUR,14,21.0,0.35,Short
96212,BUD,BADLAPUR,KYN,KALYAN JN,14,20.0,0.3333333333333333,Short
96213,KYN,KALYAN JN,BUD,BADLAPUR,14,20.0,0.3333333333333333,Short
96214,BUD,BADLAPUR,KYN,KALYAN JN,14,25.0,0.4166666666666667,Short
96215,KYN,KALYAN JN,BUD,BADLAPUR,14,19.0,0.31666666666666665,Short
96216,BUD,BADLAPUR,KYN,KALYAN JN,14,21.0,0.35,Short
96217,KYN,KALYAN JN,BUD,BADLAPUR,14,20.0,0.3333333333333333,Short
96218,BUD,BADLAPUR,KYN,KALYAN JN,14,19.0,0.31666666666666665,Short
96219,KYN,KALYAN JN,BUD,BADLAPUR,14,20.0,0.3333333333333333,Short
96220,BUD,BADLAPUR,KYN,KALYAN JN,14,19.0,0.31666666666666665,Short
96221,KYN,KALYAN JN,BUD,BADLAPUR,14,19.0,0.31666666666666665,Short
96222,BUD,BADLAPUR,KYN,KALYAN JN,14,21.0,0.35,Short
96223,KYN,KALYAN JN,BUD,BADLAPUR,14,20.0,0.3333333333333333,Short
96224,BUD,BADLAPUR,KYN,KALYAN JN,14,21.0,0.35,Short
96225,KYN,KALYAN JN,BUD,BADLAPUR,14,20.0,0.3333333333333333,Short
96226,BUD,BADLAPUR,KYN,KALYAN JN,14,19.0,0.31666666666666665,Short
96227,KYN,KALYAN JN,BUD,BADLAPUR,14,20.0,0.3333333333333333,Short
96228,BUD,BADLAPUR,KYN,KALYAN JN,14,19.0,0.31666666666666665,Short
96232,BUD,BADLAPUR,KYN,KALYAN JN,14,21.0,0.35,Short
96234,BUD,BADLAPUR,KYN,KALYAN JN,14,20.0,0.3333333333333333,Short
96236,BUD,BADLAPUR,CSMT,CST-MUMBAI,67,108.0,1.8,Short
96301,KYN,KALYAN JN,ABH,AMBERNATH,6,13.0,0.21666666666666667,Short
96302,ABH,AMBERNATH,KYN,KALYAN JN,6,13.0,0.21666666666666667,Short
96303,KYN,KALYAN JN,ABH,AMBERNATH,6,13.0,0.21666666666666667,Short
96304,ABH,AMBERNATH,KYN,KALYAN JN,6,12.0,0.2,Short
96305,KYN,KALYAN JN,ABH,AMBERNATH,6,14.0,0.23333333333333334,Short
96306,ABH,AMBERNATH,KYN,KALYAN JN,6,13.0,0.21666666666666667,Short
96307,KYN,KALYAN JN,ABH,AMBERNATH,6,12.0,0.2,Short
96308,ABH,AMBERNATH,KYN,KALYAN JN,6,12.0,0.2,Short
96309,KYN,KALYAN JN,ABH,AMBERNATH,6,13.0,0.21666666666666667,Short
96310,ABH,AMBERNATH,KYN,KALYAN JN,6,12.0,0.2,Short
96311,KYN,KALYAN JN,ABH,AMBERNATH,6,12.0,0.2,Short
96312,ABH,AMBERNATH,KYN,KALYAN JN,6,14.0,0.23333333333333334,Short
96313,KYN,KALYAN JN,ABH,AMBERNATH,6,13.0,0.21666666666666667,Short
96314,ABH,AMBERNATH,KYN,KALYAN JN,6,13.0,0.21666666666666667,Short
96315,KYN,KALYAN JN,ABH,AMBERNATH,6,12.0,0.2,Short
96316,ABH,AMBERNATH,KYN,KALYAN JN,6,12.0,0.2,Short
96317,KYN,KALYAN JN,ABH,AMBERNATH,6,13.0,0.21666666666666667,Short
96318,ABH,AMBERNATH,KYN,KALYAN JN,6,12.0,0.2,Short
96319,KYN,KALYAN JN,ABH,AMBERNATH,6,13.0,0.21666666666666667,Short
96320,ABH,AMBERNATH,KYN,KALYAN JN,6,13.0,0.21666666666666667,Short
96321,KYN,KALYAN JN,ABH,AMBERNATH,6,13.0,0.21666666666666667,Short
96322,ABH,AMBERNATH,KYN,KALYAN JN,6,12.0,0.2,Short
96323,KYN,KALYAN JN,ABH,AMBERNATH,6,13.0,0.21666666666666667,Short
96324,ABH,AMBERNATH,KYN,KALYAN JN,6,13.0,0.21666666666666667,Short
96325,KYN,KALYAN JN,ABH,AMBERNATH,6,13.0,0.21666666666666667,Short
96326,ABH,AMBERNATH,KYN,KALYAN JN,6,12.0,0.2,Short
96327,KYN,KALYAN JN,ABH,AMBERNATH,6,13.0,0.21666666666666667,Short
96328,ABH,AMBERNATH,KYN,KALYAN JN,6,12.0,0.2,Short
96329,KYN,KALYAN JN,ABH,AMBERNATH,6,14.0,0.23333333333333334,Short
96330,ABH,AMBERNATH,KYN,KALYAN JN,6,13.0,0.21666666666666667,Short
96331,KYN,KALYAN JN,ABH,AMBERNATH,6,13.0,0.21666666666666667,Short
96332,ABH,AMBERNATH,KYN,KALYAN JN,6,12.0,0.2,Short
96333,KYN,KALYAN JN,ABH,AMBERNATH,6,13.0,0.21666666666666667,Short
96334,ABH,AMBERNATH,KYN,KALYAN JN,6,12.0,0.2,Short
96335,KYN,KALYAN JN,ABH,AMBERNATH,6,13.0,0.21666666666666667,Short
96336,ABH,AMBERNATH,CSMT,CST-MUMBAI,59,102.0,1.7,Short
96337,KYN,KALYAN JN,ABH,AMBERNATH,6,12.0,0.2,Short
96339,KYN,KALYAN JN,ABH,AMBERNATH,6,14.0,0.23333333333333334,Short
96341,KYN,KALYAN JN,ABH,AMBERNATH,6,14.0,0.23333333333333334,Short
96343,KYN,KALYAN JN,ABH,AMBERNATH,6,13.0,0.21666666666666667,Short
96345,KYN,KALYAN JN,ABH,AMBERNATH,6,13.0,0.21666666666666667,Short
96401,KYN,KALYAN JN,KSRA,KASARA,67,77.0,1.2833333333333334,Short
96402,KSRA,KASARA,KYN,KALYAN JN,67,70.0,1.1666666666666667,Short
96403,KYN,KALYAN JN,KSRA,KASARA,67,73.0,1.2166666666666666,Short
96404,KSRA,KASARA,KYN,KALYAN JN,67,70.0,1.1666666666666667,Short
96405,KYN,KALYAN JN,KSRA,KASARA,67,70.0,1.1666666666666667,Short
96406,KSRA,KASARA,KYN,KALYAN JN,67,72.0,1.2,Short
96407,KYN,KALYAN JN,KSRA,KASARA,67,69.0,1.15,Short
96409,KYN,KALYAN JN,KSRA,KASARA,67,70.0,1.1666666666666667,Short
96501,TLA,TITVALA,ASO,ASANGAON,21,21.0,0.35,Short
96502,ASO,ASANGAON,KYN,KALYAN JN,32,38.0,0.6333333333333333,Short
96503,KYN,KALYAN JN,ASO,ASANGAON,32,35.0,0.5833333333333334,Short
96504,ASO,ASANGAON,KYN,KALYAN JN,32,37.0,0.6166666666666667,Short
96505,KYN,KALYAN JN,ASO,ASANGAON,32,37.0,0.6166666666666667,Short
96506,ASO,ASANGAON,KYN,KALYAN JN,32,37.0,0.6166666666666667,Short
96507,KYN,KALYAN JN,ASO,ASANGAON,32,36.0,0.6,Short
96508,ASO,ASANGAON,KYN,KALYAN JN,32,36.0,0.6,Short
96509,KYN,KALYAN JN,ASO,ASANGAON,32,35.0,0.5833333333333334,Short
96510,ASO,ASANGAON,KYN,KALYAN JN,32,36.0,0.6,Short
96511,KYN,KALYAN JN,ASO,ASANGAON,32,35.0,0.5833333333333334,Short
96512,ASO,ASANGAON,KYN,KALYAN JN,32,36.0,0.6,Short
96513,KYN,KALYAN JN,ASO,ASANGAON,32,35.0,0.5833333333333334,Short
96514,ASO,ASANGAON,KYN,KALYAN JN,32,35.0,0.5833333333333334,Short
96515,KYN,KALYAN JN,ASO,ASANGAON,32,36.0,0.6,Short
96516,ASO,ASANGAON,KYN,KALYAN JN,32,37.0,0.6166666666666667,Short
96517,KYN,KALYAN JN,ASO,ASANGAON,32,35.0,0.5833333333333334,Short
96518,ASO,ASANGAON,KYN,KALYAN JN,32,37.0,0.6166666666666667,Short
96519,KYN,KALYAN JN,ASO,ASANGAON,32,35.0,0.5833333333333334,Short
96520,ASO,ASANGAON,KYN,KALYAN JN,32,40.0,0.6666666666666666,Short
96521,KYN,KALYAN JN,ASO,ASANGAON,32,35.0,0.5833333333333334,Short
96522,ASO,ASANGAON,KYN,KALYAN JN,32,34.0,0.5666666666666667,Short
96524,ASO,ASANGAON,KYN,KALYAN JN,32,34.0,0.5666666666666667,Short
96601,KYN,KALYAN JN,TLA,TITVALA,10,15.0,0.25,Short
96602,TLA,TITVALA,KYN,KALYAN JN,10,15.0,0.25,Short
96603,KYN,KALYAN JN,TLA,TITVALA,10,15.0,0.25,Short
96604,TLA,TITVALA,KYN,KALYAN JN,10,15.0,0.25,Short
96605,KYN,KALYAN JN,TLA,TITVALA,10,15.0,0.25,Short
96606,TLA,TITVALA,KYN,KALYAN JN,10,15.0,0.25,Short
96607,KYN,KALYAN JN,TLA,TITVALA,10,15.0,0.25,Short
96608,TLA,TITVALA,KYN,KALYAN JN,10,15.0,0.25,Short
96609,KYN,KALYAN JN,TLA,TITVALA,10,15.0,0.25,Short
96610,TLA,TITVALA,KYN,KALYAN JN,10,15.0,0.25,Short
96611,KYN,KALYAN JN,TLA,TITVALA,10,14.0,0.23333333333333334,Short
96612,TLA,TITVALA,KYN,KALYAN JN,10,11.0,0.18333333333333332,Short
96613,KYN,KALYAN JN,TLA,TITVALA,10,15.0,0.25,Short
96614,TLA,TITVALA,KYN,KALYAN JN,10,15.0,0.25,Short
96615,KYN,KALYAN JN,TLA,TITVALA,10,15.0,0.25,Short
96616,TLA,TITVALA,KYN,KALYAN JN,10,15.0,0.25,Short
96617,KYN,KALYAN JN,TLA,TITVALA,10,15.0,0.25,Short
96618,TLA,TITVALA,KYN,KALYAN JN,10,17.0,0.2833333333333333,Short
96619,KYN,KALYAN JN,TLA,TITVALA,10,15.0,0.25,Short
96620,TLA,TITVALA,KYN,KALYAN JN,10,15.0,0.25,Short
96621,KYN,KALYAN JN,TLA,TITVALA,10,15.0,0.25,Short
96622,TLA,TITVALA,KYN,KALYAN JN,10,17.0,0.2833333333333333,Short
96623,KYN,KALYAN JN,TLA,TITVALA,10,15.0,0.25,Short
96624,TLA,TITVALA,KYN,KALYAN JN,10,17.0,0.2833333333333333,Short
96625,KYN,KALYAN JN,TLA,TITVALA,10,15.0,0.25,Short
96626,TLA,TITVALA,KYN,KALYAN JN,10,15.0,0.25,Short
96627,KYN,KALYAN JN,TLA,TITVALA,10,14.0,0.23333333333333334,Short
96628,TLA,TITVALA,KYN,KALYAN JN,10,15.0,0.25,Short
96629,KYN,KALYAN JN,TLA,TITVALA,10,14.0,0.23333333333333334,Short
96630,TLA,TITVALA,KYN,KALYAN JN,10,15.0,0.25,Short
96631,KYN,KALYAN JN,TLA,TITVALA,10,15.0,0.25,Short
96632,TLA,TITVALA,KYN,KALYAN JN,10,15.0,0.25,Short
96633,KYN,KALYAN JN,TLA,TITVALA,10,15.0,0.25,Short
96634,TLA,TITVALA,KYN,KALYAN JN,10,15.0,0.25,Short
96635,KYN,KALYAN JN,TLA,TITVALA,10,15.0,0.25,Short
96636,TLA,TITVALA,KYN,KALYAN JN,10,15.0,0.25,Short
96637,KYN,KALYAN JN,TLA,TITVALA,10,16.0,0.26666666666666666,Short
96638,TLA,TITVALA,KYN,KALYAN JN,10,15.0,0.25,Short
96639,KYN,KALYAN JN,TLA,TITVALA,10,15.0,0.25,Short
96640,TLA,TITVALA,KYN,KALYAN JN,10,16.0,0.26666666666666666,Short
96641,KYN,KALYAN JN,TLA,TITVALA,10,15.0,0.25,Short
96642,TLA,TITVALA,KYN,KALYAN JN,10,15.0,0.25,Short
96643,KYN,KALYAN JN,TLA,TITVALA,10,15.0,0.25,Short
96644,TLA,TITVALA,KYN,KALYAN JN,10,15.0,0.25,Short
96645,KYN,KALYAN JN,TLA,TITVALA,10,15.0,0.25,Short
96646,TLA,TITVALA,KYN,KALYAN JN,10,16.0,0.26666666666666666,Short
96647,KYN,KALYAN JN,TLA,TITVALA,10,15.0,0.25,Short
96648,TLA,TITVALA,KYN,KALYAN JN,10,15.0,0.25,Short
96649,KYN,KALYAN JN,TLA,TITVALA,10,15.0,0.25,Short
96650,TLA,TITVALA,KYN,KALYAN JN,10,16.0,0.26666666666666666,Short
96651,KYN,KALYAN JN,TLA,TITVALA,10,15.0,0.25,Short
96652,TLA,TITVALA,KYN,KALYAN JN,10,15.0,0.25,Short
96653,KYN,KALYAN JN,TLA,TITVALA,10,15.0,0.25,Short
96654,TLA,TITVALA,KYN,KALYAN JN,10,15.0,0.25,Short
96655,KYN,KALYAN JN,TLA,TITVALA,10,15.0,0.25,Short
96656,TLA,TITVALA,KYN,KALYAN JN,10,15.0,0.25,Short
96657,CSMT,CST-MUMBAI,TLA,TITVALA,64,103.0,1.7166666666666666,Short
96658,TLA,TITVALA,KYN,KALYAN JN,10,16.0,0.26666666666666666,Short
96660,TLA,TITVALA,KYN,KALYAN JN,10,15.0,0.25,Short
97000,KYN,KALYAN JN,CSMT,CST-MUMBAI,53,88.0,1.4666666666666666,Short
97001,VVH,VIDYAVIHAR,KYN,KALYAN JN,35,56.0,0.9333333333333333,Short
97002,KYN,KALYAN JN,CSMT,CST-MUMBAI,53,87.0,1.45,Short
97003,VVH,VIDYAVIHAR,KYN,KALYAN JN,35,57.0,0.95,Short
97004,KYN,KALYAN JN,CSMT,CST-MUMBAI,53,87.0,1.45,Short
97005,VVH,VIDYAVIHAR,KYN,KALYAN JN,35,57.0,0.95,Short
97006,KYN,KALYAN JN,CSMT,CST-MUMBAI,53,88.0,1.4666666666666666,Short
97007,VVH,VIDYAVIHAR,KYN,KALYAN JN,35,57.0,0.95,Short
97008,KYN,KALYAN JN,CSMT,CST-MUMBAI,53,87.0,1.45,Short
97009,VVH,VIDYAVIHAR,KYN,KALYAN JN,35,57.0,0.95,Short
97010,KYN,KALYAN JN,CSMT,CST-MUMBAI,53,88.0,1.4666666666666666,Short
97011,CSMT,CST-MUMBAI,KYN,KALYAN JN,53,90.0,1.5,Short
97012,KYN,KALYAN JN,DR,DADAR,44,68.0,1.1333333333333333,Short
97013,VVH,VIDYAVIHAR,KYN,KALYAN JN,35,58.0,0.9666666666666667,Short
97014,KYN,KALYAN JN,CSMT,CST-MUMBAI,53,87.0,1.45,Short
97015,CSMT,CST-MUMBAI,KYN,KALYAN JN,53,88.0,1.4666666666666666,Short
97016,KYN,KALYAN JN,CSMT,CST-MUMBAI,53,90.0,1.5,Short
97017,CSMT,CST-MUMBAI,KYN,KALYAN JN,53,88.0,1.4666666666666666,Short
97018,KYN,KALYAN JN,CSMT,CST-MUMBAI,53,88.0,1.4666666666666666,Short
97019,CSMT,CST-MUMBAI,KYN,KALYAN JN,53,88.0,1.4666666666666666,Short
97020,KYN,KALYAN JN,CSMT,CST-MUMBAI,53,88.0,1.4666666666666666,Short
97021,CSMT,CST-MUMBAI,KYN,KALYAN JN,53,88.0,1.4666666666666666,Short
97022,KYN,KALYAN JN,CSMT,CST-MUMBAI,53,89.0,1.4833333333333334,Short
97023,DR,DADAR,KYN,KALYAN JN,44,68.0,1.1333333333333333,Short
97024,KYN,KALYAN JN,CSMT,CST-MUMBAI,53,89.0,1.4833333333333334,Short
97025,CSMT,CST-MUMBAI,KYN,KALYAN JN,53,86.0,1.4333333333333333,Short
97026,KYN,KALYAN JN,DR,DADAR,44,69.0,1.15,Short
97027,CSMT,CST-MUMBAI,KYN,KALYAN JN,53,87.0,1.45,Short
97028,KYN,KALYAN JN,DR,DADAR,44,70.0,1.1666666666666667,Short
97029,CSMT,CST-MUMBAI,KYN,KALYAN JN,53,87.0,1.45,Short
97030,KYN,KALYAN JN,CSMT,CST-MUMBAI,53,90.0,1.5,Short
97031,CSMT,CST-MUMBAI,KYN,KALYAN JN,53,90.0,1.5,Short
97032,KYN,KALYAN JN,CSMT,CST-MUMBAI,53,91.0,1.5166666666666666,Short
97033,TNA,THANE,KYN,KALYAN JN,20,32.0,0.5333333333333333,Short
97034,KYN,KALYAN JN,CSMT,CST-MUMBAI,53,89.0,1.4833333333333334,Short
97035,DR,DADAR,KYN,KALYAN JN,44,71.0,1.1833333333333333,Short
97036,KYN,KALYAN JN,CSMT,CST-MUMBAI,53,88.0,1.4666666666666666,Short
97037,CSMT,CST-MUMBAI,KYN,KALYAN JN,53,89.0,1.4833333333333334,Short
97038,KYN,KALYAN JN,CSMT,CST-MUMBAI,53,88.0,1.4666666666666666,Short
97039,CSMT,CST-MUMBAI,KYN,KALYAN JN,53,87.0,1.45,Short
97040,KYN,KALYAN JN,CSMT,CST-MUMBAI,53,88.0,1.4666666666666666,Short
97041,CSMT,CST-MUMBAI,KYN,KALYAN JN,53,88.0,1.4666666666666666,Short
97042,KYN,KALYAN JN,CLA,KURLA,37,59.0,0.9833333333333333,Short
97043,DR,DADAR,KYN,KALYAN JN,44,72.0,1.2,Short
97044,KYN,KALYAN JN,CSMT,CST-MUMBAI,53,88.0,1.4666666666666666,Short
97045,DR,DADAR,KYN,KALYAN JN,44,72.0,1.2,Short
97046,KYN,KALYAN JN,TNA,THANE,20,31.0,0.5166666666666667,Short
97047,CSMT,CST-MUMBAI,KYN,KALYAN JN,53,89.0,1.4833333333333334,Short
97048,KYN,KALYAN JN,CSMT,CST-MUMBAI,53,90.0,1.5,Short
97049,CSMT,CST-MUMBAI,KYN,KALYAN JN,53,87.0,1.45,Short
97050,KYN,KALYAN JN,DR,DADAR,44,72.0,1.2,Short
97051,CLA,KURLA,KYN,KALYAN JN,37,62.0,1.0333333333333334,Short
97052,KYN,KALYAN JN,CSMT,CST-MUMBAI,53,90.0,1.5,Short
97053,CSMT,CST-MUMBAI,KYN,KALYAN JN,53,87.0,1.45,Short
97054,KYN,KALYAN JN,CSMT,CST-MUMBAI,53,89.0,1.4833333333333334,Short
97055,CSMT,CST-MUMBAI,KYN,KALYAN JN,53,87.0,1.45,Short
97056,KYN,KALYAN JN,TNA,THANE,20,31.0,0.5166666666666667,Short
97057,CSMT,CST-MUMBAI,KYN,KALYAN JN,53,89.0,1.4833333333333334,Short
97058,KYN,KALYAN JN,CSMT,CST-MUMBAI,53,88.0,1.4666666666666666,Short
97059,CSMT,CST-MUMBAI,KYN,KALYAN JN,53,87.0,1.45,Short
97060,KYN,KALYAN JN,CSMT,CST-MUMBAI,53,88.0,1.4666666666666666,Short
97061,CSMT,CST-MUMBAI,KYN,KALYAN JN,53,87.0,1.45,Short
97062,KYN,KALYAN JN,CSMT,CST-MUMBAI,53,89.0,1.4833333333333334,Short
97063,DR,DADAR,KYN,KALYAN JN,44,69.0,1.15,Short
97064,KYN,KALYAN JN,CLA,KURLA,37,58.0,0.9666666666666667,Short
97065,CSMT,CST-MUMBAI,KYN,KALYAN JN,53,91.0,1.5166666666666666,Short
97066,KYN,KALYAN JN,CSMT,CST-MUMBAI,53,88.0,1.4666666666666666,Short
97067,CSMT,CST-MUMBAI,KYN,KALYAN JN,53,92.0,1.5333333333333334,Short
97068,KYN,KALYAN JN,CSMT,CST-MUMBAI,53,88.0,1.4666666666666666,Short
97069,CSMT,CST-MUMBAI,KYN,KALYAN JN,53,87.0,1.45,Short
97070,KYN,KALYAN JN,CSMT,CST-MUMBAI,53,89.0,1.4833333333333334,Short
97071,CSMT,CST-MUMBAI,KYN,KALYAN JN,53,87.0,1.45,Short
97072,KYN,KALYAN JN,DR,DADAR,44,69.0,1.15,Short
97073,TNA,THANE,KYN,KALYAN JN,20,32.0,0.5333333333333333,Short
97074,KYN,KALYAN JN,CSMT,CST-MUMBAI,53,91.0,1.5166666666666666,Short
97075,CSMT,CST-MUMBAI,KYN,KALYAN JN,53,87.0,1.45,Short
97076,KYN,KALYAN JN,CSMT,CST-MUMBAI,53,89.0,1.4833333333333334,Short
97077,CLA,KURLA,KYN,KALYAN JN,37,59.0,0.9833333333333333,Short
97078,KYN,KALYAN JN,CSMT,CST-MUMBAI,53,88.0,1.4666666666666666,Short
97079,CSMT,CST-MUMBAI,KYN,KALYAN JN,53,87.0,1.45,Short
97080,KYN,KALYAN JN,CSMT,CST-MUMBAI,53,89.0,1.4833333333333334,Short
97081,CSMT,CST-MUMBAI,KYN,KALYAN JN,53,88.0,1.4666666666666666,Short
97082,KYN,KALYAN JN,CSMT,CST-MUMBAI,53,88.0,1.4666666666666666,Short
97083,CSMT,CST-MUMBAI,KYN,KALYAN JN,53,87.0,1.45,Short
97084,KYN,KALYAN JN,CSMT,CST-MUMBAI,53,87.0,1.45,Short
97085,CSMT,CST-MUMBAI,KYN,KALYAN JN,53,87.0,1.45,Short
97086,KYN,KALYAN JN,TNA,THANE,20,31.0,0.5166666666666667,Short
97087,DR,DADAR,KYN,KALYAN JN,44,70.0,1.1666666666666667,Short
97088,KYN,KALYAN JN,CSMT,CST-MUMBAI,53,92.0,1.5333333333333334,Short
97089,CSMT,CST-MUMBAI,KYN,KALYAN JN,53,87.0,1.45,Short
97090,KYN,KALYAN JN,CSMT,CST-MUMBAI,53,89.0,1.4833333333333334,Short
97091,CSMT,CST-MUMBAI,KYN,KALYAN JN,53,89.0,1.4833333333333334,Short
97092,KYN,KALYAN JN,DR,DADAR,44,69.0,1.15,Short
97093,CSMT,CST-MUMBAI,KYN,KALYAN JN,53,87.0,1.45,Short
97094,KYN,KALYAN JN,TNA,THANE,20,91.0,1.5166666666666666,Short
97095,CSMT,CST-MUMBAI,KYN,KALYAN JN,53,89.0,1.4833333333333334,Short
97096,KYN,KALYAN JN,CSMT,CST-MUMBAI,53,86.0,1.4333333333333333,Short
97097,CLA,KURLA,KYN,KALYAN JN,37,60.0,1.0,Short
97098,KYN,KALYAN JN,DR,DADAR,44,68.0,1.1333333333333333,Short
97099,VVH,VIDYAVIHAR,KYN,KALYAN JN,35,59.0,0.9833333333333333,Short
97100,KYN,KALYAN JN,CSMT,CST-MUMBAI,53,88.0,1.4666666666666666,Short
97101,CSMT,CST-MUMBAI,KYN,KALYAN JN,53,90.0,1.5,Short
97102,KYN,KALYAN JN,CSMT,CST-MUMBAI,53,89.0,1.4833333333333334,Short
97103,CSMT,CST-MUMBAI,KYN,KALYAN JN,53,90.0,1.5,Short
97104,KYN,KALYAN JN,CSMT,CST-MUMBAI,53,90.0,1.5,Short
97105,CSMT,CST-MUMBAI,KYN,KALYAN JN,53,89.0,1.4833333333333334,Short
97106,KYN,KALYAN JN,CSMT,CST-MUMBAI,53,88.0,1.4666666666666666,Short
97107,DR,DADAR,KYN,KALYAN JN,44,69.0,1.15,Short
97108,KYN,KALYAN JN,CSMT,CST-MUMBAI,53,88.0,1.4666666666666666,Short
97109,VVH,VIDYAVIHAR,KYN,KALYAN JN,35,55.0,0.9166666666666666,Short
97110,KYN,KALYAN JN,DR,DADAR,44,68.0,1.1333333333333333,Short
97111,CSMT,CST-MUMBAI,KYN,KALYAN JN,53,88.0,1.4666666666666666,Short
97112,KYN,KALYAN JN,CSMT,CST-MUMBAI,53,87.0,1.45,Short
97113,CSMT,CST-MUMBAI,KYN,KALYAN JN,53,88.0,1.4666666666666666,Short
97114,KYN,KALYAN JN,CSMT,CST-MUMBAI,53,88.0,1.4666666666666666,Short
97115,DR,DADAR,KYN,KALYAN JN,44,73.0,1.2166666666666666,Short
97116,KYN,KALYAN JN,CLA,KURLA,37,58.0,0.9666666666666667,Short
97117,CSMT,CST-MUMBAI,KYN,KALYAN JN,53,89.0,1.4833333333333334,Short
97118,KYN,KALYAN JN,TNA,THANE,20,31.0,0.5166666666666667,Short
97119,CSMT,CST-MUMBAI,KYN,KALYAN JN,53,88.0,1.4666666666666666,Short
97120,KYN,KALYAN JN,DR,DADAR,44,72.0,1.2,Short
97121,DR,DADAR,KYN,KALYAN JN,44,71.0,1.1833333333333333,Short
97122,KYN,KALYAN JN,CSMT,CST-MUMBAI,53,90.0,1.5,Short
97123,DR,DADAR,KYN,KALYAN JN,44,74.0,1.2333333333333334,Short
97124,KYN,KALYAN JN,CSMT,CST-MUMBAI,53,89.0,1.4833333333333334,Short
97125,CSMT,CST-MUMBAI,KYN,KALYAN JN,53,88.0,1.4666666666666666,Short
97126,KYN,KALYAN JN,DR,DADAR,44,68.0,1.1333333333333333,Short
97127,CSMT,CST-MUMBAI,KYN,KALYAN JN,53,88.0,1.4666666666666666,Short
97128,KYN,KALYAN JN,CSMT,CST-MUMBAI,53,87.0,1.45,Short
97129,CSMT,CST-MUMBAI,KYN,KALYAN JN,53,88.0,1.4666666666666666,Short
97130,KYN,KALYAN JN,TNA,THANE,20,32.0,0.5333333333333333,Short
97131,CLA,KURLA,KYN,KALYAN JN,37,61.0,1.0166666666666666,Short
97132,KYN,KALYAN JN,DR,DADAR,44,71.0,1.1833333333333333,Short
97133,CSMT,CST-MUMBAI,KYN,KALYAN JN,53,88.0,1.4666666666666666,Short
97134,KYN,KALYAN JN,DR,DADAR,44,70.0,1.1666666666666667,Short
97135,DR,DADAR,KYN,KALYAN JN,44,70.0,1.1666666666666667,Short
97136,KYN,KALYAN JN,CSMT,CST-MUMBAI,53,87.0,1.45,Short
97137,DR,DADAR,KYN,KALYAN JN,44,72.0,1.2,Short
97138,KYN,KALYAN JN,DR,DADAR,44,69.0,1.15,Short
97139,CSMT,CST-MUMBAI,KYN,KALYAN JN,53,89.0,1.4833333333333334,Short
97140,KYN,KALYAN JN,CLA,KURLA,37,60.0,1.0,Short
97141,DR,DADAR,KYN,KALYAN JN,44,72.0,1.2,Short
97142,KYN,KALYAN JN,CSMT,CST-MUMBAI,53,91.0,1.5166666666666666,Short
97143,DR,DADAR,KYN,KALYAN JN,44,71.0,1.1833333333333333,Short
97144,KYN,KALYAN JN,CSMT,CST-MUMBAI,53,88.0,1.4666666666666666,Short
97145,DR,DADAR,KYN,KALYAN JN,44,70.0,1.1666666666666667,Short
97146,KYN,KALYAN JN,CSMT,CST-MUMBAI,53,89.0,1.4833333333333334,Short
97147,CSMT,CST-MUMBAI,KYN,KALYAN JN,53,88.0,1.4666666666666666,Short
97148,KYN,KALYAN JN,CLA,KURLA,37,59.0,0.9833333333333333,Short
97149,CSMT,CST-MUMBAI,KYN,KALYAN JN,53,88.0,1.4666666666666666,Short
97150,KYN,KALYAN JN,TNA,THANE,20,32.0,0.5333333333333333,Short
97151,CSMT,CST-MUMBAI,KYN,KALYAN JN,53,89.0,1.4833333333333334,Short
97152,KYN,KALYAN JN,TNA,THANE,20,31.0,0.5166666666666667,Short
97153,CSMT,CST-MUMBAI,KYN,KALYAN JN,53,89.0,1.4833333333333334,Short
97155,DR,DADAR,KYN,KALYAN JN,44,69.0,1.15,Short
97201,CSMT,CST-MUMBAI,DI,DOMBIVLI,48,78.0,1.3,Short
97202,DI,DOMBIVLI,CSMT,CST-MUMBAI,48,79.0,1.3166666666666667,Short
97203,CSMT,CST-MUMBAI,DI,DOMBIVLI,48,78.0,1.3,Short
97204,DI,DOMBIVLI,CSMT,CST-MUMBAI,48,81.0,1.35,Short
97205,CSMT,CST-MUMBAI,DI,DOMBIVLI,48,78.0,1.3,Short
97206,DI,DOMBIVLI,CSMT,CST-MUMBAI,48,80.0,1.3333333333333333,Short
97207,CSMT,CST-MUMBAI,DI,DOMBIVLI,48,78.0,1.3,Short
97208,DI,DOMBIVLI,CSMT,CST-MUMBAI,48,81.0,1.35,Short
97209,CSMT,CST-MUMBAI,DI,DOMBIVLI,48,78.0,1.3,Short
97210,DI,DOMBIVLI,CSMT,CST-MUMBAI,48,81.0,1.35,Short
97211,CSMT,CST-MUMBAI,DI,DOMBIVLI,48,77.0,1.2833333333333334,Short
97212,DI,DOMBIVLI,DR,DADAR,39,62.0,1.0333333333333334,Short
97213,CSMT,CST-MUMBAI,DI,DOMBIVLI,48,79.0,1.3166666666666667,Short
97214,DI,DOMBIVLI,CSMT,CST-MUMBAI,48,80.0,1.3333333333333333,Short
97215,CSMT,CST-MUMBAI,DI,DOMBIVLI,48,77.0,1.2833333333333334,Short
97216,DI,DOMBIVLI,CSMT,CST-MUMBAI,48,80.0,1.3333333333333333,Short
97217,CSMT,CST-MUMBAI,DI,DOMBIVLI,48,77.0,1.2833333333333334,Short
97218,DI,DOMBIVLI,CSMT,CST-MUMBAI,48,82.0,1.3666666666666667,Short
97219,CSMT,CST-MUMBAI,DI,DOMBIVLI,48,79.0,1.3166666666666667,Short
97220,DI,DOMBIVLI,CSMT,CST-MUMBAI,48,80.0,1.3333333333333333,Short
97221,CSMT,CST-MUMBAI,DI,DOMBIVLI,48,78.0,1.3,Short
97222,DI,DOMBIVLI,CSMT,CST-MUMBAI,48,80.0,1.3333333333333333,Short
97223,CSMT,CST-MUMBAI,DI,DOMBIVLI,48,78.0,1.3,Short
97224,DI,DOMBIVLI,CSMT,CST-MUMBAI,48,82.0,1.3666666666666667,Short
97225,CSMT,CST-MUMBAI,DI,DOMBIVLI,48,78.0,1.3,Short
97226,DI,DOMBIVLI,CSMT,CST-MUMBAI,48,80.0,1.3333333333333333,Short
97227,CSMT,CST-MUMBAI,DI,DOMBIVLI,48,81.0,1.35,Short
97228,DI,DOMBIVLI,CSMT,CST-MUMBAI,48,81.0,1.35,Short
97229,CSMT,CST-MUMBAI,DI,DOMBIVLI,48,79.0,1.3166666666666667,Short
97230,DI,DOMBIVLI,CSMT,CST-MUMBAI,48,80.0,1.3333333333333333,Short
97231,CSMT,CST-MUMBAI,DI,DOMBIVLI,48,78.0,1.3,Short
97232,DI,DOMBIVLI,CSMT,CST-MUMBAI,48,79.0,1.3166666666666667,Short
97233,CSMT,CST-MUMBAI,DI,DOMBIVLI,48,77.0,1.2833333333333334,Short
97234,DI,DOMBIVLI,DR,DADAR,39,62.0,1.0333333333333334,Short
97235,DR,DADAR,DI,DOMBIVLI,39,62.0,1.0333333333333334,Short
97236,DI,DOMBIVLI,CSMT,CST-MUMBAI,48,79.0,1.3166666666666667,Short
97237,DR,DADAR,DI,DOMBIVLI,39,60.0,1.0,Short
97238,DI,DOMBIVLI,CSMT,CST-MUMBAI,48,80.0,1.3333333333333333,Short
97239,CSMT,CST-MUMBAI,DI,DOMBIVLI,48,81.0,1.35,Short
97240,DI,DOMBIVLI,CSMT,CST-MUMBAI,48,79.0,1.3166666666666667,Short
97241,CSMT,CST-MUMBAI,DI,DOMBIVLI,48,79.0,1.3166666666666667,Short
97242,DI,DOMBIVLI,CSMT,CST-MUMBAI,48,83.0,1.3833333333333333,Short
97243,CSMT,CST-MUMBAI,DI,DOMBIVLI,48,79.0,1.3166666666666667,Short
97244,DI,DOMBIVLI,CSMT,CST-MUMBAI,48,82.0,1.3666666666666667,Short
97245,CSMT,CST-MUMBAI,DI,DOMBIVLI,48,78.0,1.3,Short
97246,DI,DOMBIVLI,CSMT,CST-MUMBAI,48,80.0,1.3333333333333333,Short
97247,DR,DADAR,DI,DOMBIVLI,39,62.0,1.0333333333333334,Short
97248,DI,DOMBIVLI,CSMT,CST-MUMBAI,48,81.0,1.35,Short
97249,CSMT,CST-MUMBAI,DI,DOMBIVLI,48,78.0,1.3,Short
97250,DI,DOMBIVLI,CSMT,CST-MUMBAI,48,80.0,1.3333333333333333,Short
97251,CSMT,CST-MUMBAI,DI,DOMBIVLI,48,78.0,1.3,Short
97252,DI,DOMBIVLI,CSMT,CST-MUMBAI,48,84.0,1.4,Short
97253,CSMT,CST-MUMBAI,DI,DOMBIVLI,48,80.0,1.3333333333333333,Short
97254,DI,DOMBIVLI,DR,DADAR,39,61.0,1.0166666666666666,Short
97255,CSMT,CST-MUMBAI,DI,DOMBIVLI,48,78.0,1.3,Short
97256,DI,DOMBIVLI,CSMT,CST-MUMBAI,48,81.0,1.35,Short
97258,DI,DOMBIVLI,CSMT,CST-MUMBAI,48,81.0,1.35,Short
97260,DI,DOMBIVLI,DR,DADAR,39,60.0,1.0,Short
97301,CSMT,CST-MUMBAI,TNA,THANE,33,56.0,0.9333333333333333,Short
97302,TNA,THANE,CSMT,CST-MUMBAI,33,56.0,0.9333333333333333,Short
97303,CSMT,CST-MUMBAI,TNA,THANE,33,56.0,0.9333333333333333,Short
97304,TNA,THANE,CSMT,CST-MUMBAI,33,56.0,0.9333333333333333,Short
97305,CSMT,CST-MUMBAI,TNA,THANE,33,56.0,0.9333333333333333,Short
97306,TNA,THANE,CSMT,CST-MUMBAI,33,56.0,0.9333333333333333,Short
97307,CSMT,CST-MUMBAI,TNA,THANE,33,56.0,0.9333333333333333,Short
97308,TNA,THANE,CSMT,CST-MUMBAI,33,56.0,0.9333333333333333,Short
97309,CSMT,CST-MUMBAI,TNA,THANE,33,56.0,0.9333333333333333,Short
97310,TNA,THANE,CSMT,CST-MUMBAI,33,58.0,0.9666666666666667,Short
97311,CSMT,CST-MUMBAI,TNA,THANE,33,56.0,0.9333333333333333,Short
97312,TNA,THANE,CSMT,CST-MUMBAI,33,56.0,0.9333333333333333,Short
97313,CSMT,CST-MUMBAI,TNA,THANE,33,56.0,0.9333333333333333,Short
97314,TNA,THANE,CSMT,CST-MUMBAI,33,58.0,0.9666666666666667,Short
97315,CSMT,CST-MUMBAI,TNA,THANE,33,56.0,0.9333333333333333,Short
97316,TNA,THANE,CSMT,CST-MUMBAI,33,56.0,0.9333333333333333,Short
97317,CSMT,CST-MUMBAI,TNA,THANE,33,56.0,0.9333333333333333,Short
97318,TNA,THANE,CSMT,CST-MUMBAI,33,56.0,0.9333333333333333,Short
97319,CSMT,CST-MUMBAI,TNA,THANE,33,56.0,0.9333333333333333,Short
97320,TNA,THANE,CSMT,CST-MUMBAI,33,56.0,0.9333333333333333,Short
97321,CSMT,CST-MUMBAI,TNA,THANE,33,56.0,0.9333333333333333,Short
97322,TNA,THANE,CSMT,CST-MUMBAI,33,56.0,0.9333333333333333,Short
97323,CSMT,CST-MUMBAI,TNA,THANE,33,58.0,0.9666666666666667,Short
97324,TNA,THANE,CSMT,CST-MUMBAI,33,56.0,0.9333333333333333,Short
97325,CSMT,CST-MUMBAI,TNA,THANE,33,56.0,0.9333333333333333,Short
97326,TNA,THANE,CSMT,CST-MUMBAI,33,56.0,0.9333333333333333,Short
97327,CSMT,CST-MUMBAI,TNA,THANE,33,59.0,0.9833333333333333,Short
97328,TNA,THANE,CSMT,CST-MUMBAI,33,56.0,0.9333333333333333,Short
97329,CSMT,CST-MUMBAI,TNA,THANE,33,56.0,0.9333333333333333,Short
97330,TNA,THANE,CSMT,CST-MUMBAI,33,59.0,0.9833333333333333,Short
97331,CSMT,CST-MUMBAI,TNA,THANE,33,57.0,0.95,Short
97332,TNA,THANE,CSMT,CST-MUMBAI,33,58.0,0.9666666666666667,Short
97333,CSMT,CST-MUMBAI,TNA,THANE,33,56.0,0.9333333333333333,Short
97334,TNA,THANE,CSMT,CST-MUMBAI,33,58.0,0.9666666666666667,Short
97335,CSMT,CST-MUMBAI,TNA,THANE,33,56.0,0.9333333333333333,Short
97336,TNA,THANE,CSMT,CST-MUMBAI,33,58.0,0.9666666666666667,Short
97337,CSMT,CST-MUMBAI,TNA,THANE,33,57.0,0.95,Short
97338,TNA,THANE,CSMT,CST-MUMBAI,33,57.0,0.95,Short
97339,CSMT,CST-MUMBAI,TNA,THANE,33,55.0,0.9166666666666666,Short
97340,TNA,THANE,CSMT,CST-MUMBAI,33,58.0,0.9666666666666667,Short
97341,CSMT,CST-MUMBAI,TNA,THANE,33,55.0,0.9166666666666666,Short
97342,TNA,THANE,CSMT,CST-MUMBAI,33,58.0,0.9666666666666667,Short
97343,CSMT,CST-MUMBAI,TNA,THANE,33,58.0,0.9666666666666667,Short
97344,TNA,THANE,CSMT,CST-MUMBAI,33,58.0,0.9666666666666667,Short
97345,CSMT,CST-MUMBAI,TNA,THANE,33,57.0,0.95,Short
97346,TNA,THANE,CSMT,CST-MUMBAI,33,58.0,0.9666666666666667,Short
97347,CSMT,CST-MUMBAI,TNA,THANE,33,60.0,1.0,Short
97348,TNA,THANE,CSMT,CST-MUMBAI,33,60.0,1.0,Short
97349,CSMT,CST-MUMBAI,TNA,THANE,33,56.0,0.9333333333333333,Short
97350,TNA,THANE,CSMT,CST-MUMBAI,33,59.0,0.9833333333333333,Short
97351,CSMT,CST-MUMBAI,TNA,THANE,33,56.0,0.9333333333333333,Short
97352,TNA,THANE,CSMT,CST-MUMBAI,33,58.0,0.9666666666666667,Short
97353,CSMT,CST-MUMBAI,TNA,THANE,33,55.0,0.9166666666666666,Short
97354,TNA,THANE,CSMT,CST-MUMBAI,33,58.0,0.9666666666666667,Short
97355,CSMT,CST-MUMBAI,TNA,THANE,33,56.0,0.9333333333333333,Short
97356,TNA,THANE,CSMT,CST-MUMBAI,33,58.0,0.9666666666666667,Short
97357,CSMT,CST-MUMBAI,TNA,THANE,33,56.0,0.9333333333333333,Short
97358,TNA,THANE,CSMT,CST-MUMBAI,33,58.0,0.9666666666666667,Short
97359,CSMT,CST-MUMBAI,TNA,THANE,33,56.0,0.9333333333333333,Short
97360,TNA,THANE,CSMT,CST-MUMBAI,33,58.0,0.9666666666666667,Short
97361,CSMT,CST-MUMBAI,TNA,THANE,33,60.0,1.0,Short
97362,TNA,THANE,CSMT,CST-MUMBAI,33,59.0,0.9833333333333333,Short
97363,CSMT,CST-MUMBAI,TNA,THANE,33,56.0,0.9333333333333333,Short
97364,TNA,THANE,CSMT,CST-MUMBAI,33,58.0,0.9666666666666667,Short
97365,CSMT,CST-MUMBAI,TNA,THANE,33,56.0,0.9333333333333333,Short
97366,TNA,THANE,CSMT,CST-MUMBAI,33,58.0,0.9666666666666667,Short
97367,CSMT,CST-MUMBAI,TNA,THANE,33,56.0,0.9333333333333333,Short
97368,TNA,THANE,CSMT,CST-MUMBAI,33,58.0,0.9666666666666667,Short
97369,CSMT,CST-MUMBAI,TNA,THANE,33,55.0,0.9166666666666666,Short
97370,TNA,THANE,CSMT,CST-MUMBAI,33,59.0,0.9833333333333333,Short
97371,CSMT,CST-MUMBAI,TNA,THANE,33,56.0,0.9333333333333333,Short
97372,TNA,THANE,CSMT,CST-MUMBAI,33,58.0,0.9666666666666667,Short
97373,CSMT,CST-MUMBAI,TNA,THANE,33,57.0,0.95,Short
97374,TNA,THANE,CSMT,CST-MUMBAI,33,58.0,0.9666666666666667,Short
97375,DR,DADAR,TNA,THANE,24,38.0,0.6333333333333333,Short
97376,TNA,THANE,CSMT,CST-MUMBAI,33,58.0,0.9666666666666667,Short
97377,CSMT,CST-MUMBAI,TNA,THANE,33,56.0,0.9333333333333333,Short
97378,TNA,THANE,CSMT,CST-MUMBAI,33,59.0,0.9833333333333333,Short
97379,CSMT,CST-MUMBAI,TNA,THANE,33,56.0,0.9333333333333333,Short
97380,TNA,THANE,CSMT,CST-MUMBAI,33,58.0,0.9666666666666667,Short
97381,CSMT,CST-MUMBAI,TNA,THANE,33,56.0,0.9333333333333333,Short
97382,TNA,THANE,CSMT,CST-MUMBAI,33,57.0,0.95,Short
97383,CSMT,CST-MUMBAI,TNA,THANE,33,57.0,0.95,Short
97384,TNA,THANE,DR,DADAR,24,38.0,0.6333333333333333,Short
97385,CSMT,CST-MUMBAI,TNA,THANE,33,56.0,0.9333333333333333,Short
97386,TNA,THANE,CSMT,CST-MUMBAI,33,58.0,0.9666666666666667,Short
97387,CSMT,CST-MUMBAI,TNA,THANE,33,56.0,0.9333333333333333,Short
97388,TNA,THANE,CSMT,CST-MUMBAI,33,57.0,0.95,Short
97389,CSMT,CST-MUMBAI,TNA,THANE,33,56.0,0.9333333333333333,Short
97390,TNA,THANE,CSMT,CST-MUMBAI,33,57.0,0.95,Short
97391,CSMT,CST-MUMBAI,TNA,THANE,33,56.0,0.9333333333333333,Short
97392,TNA,THANE,CSMT,CST-MUMBAI,33,57.0,0.95,Short
97393,CSMT,CST-MUMBAI,TNA,THANE,33,56.0,0.9333333333333333,Short
97394,TNA,THANE,CSMT,CST-MUMBAI,33,58.0,0.9666666666666667,Short
97395,CSMT,CST-MUMBAI,TNA,THANE,33,56.0,0.9333333333333333,Short
97396,TNA,THANE,CSMT,CST-MUMBAI,33,57.0,0.95,Short
97397,CSMT,CST-MUMBAI,TNA,THANE,33,56.0,0.9333333333333333,Short
97398,TNA,THANE,CSMT,CST-MUMBAI,33,58.0,0.9666666666666667,Short
97399,CSMT,CST-MUMBAI,TNA,THANE,33,58.0,0.9666666666666667,Short
97400,TNA,THANE,CSMT,CST-MUMBAI,33,55.0,0.9166666666666666,Short
97401,CSMT,CST-MUMBAI,TNA,THANE,33,57.0,0.95,Short
97402,TNA,THANE,CSMT,CST-MUMBAI,33,57.0,0.95,Short
97403,CSMT,CST-MUMBAI,TNA,THANE,33,56.0,0.9333333333333333,Short
97404,TNA,THANE,CSMT,CST-MUMBAI,33,59.0,0.9833333333333333,Short
97405,CSMT,CST-MUMBAI,TNA,THANE,33,56.0,0.9333333333333333,Short
97406,TNA,THANE,DR,DADAR,24,38.0,0.6333333333333333,Short
97407,CSMT,CST-MUMBAI,TNA,THANE,33,56.0,0.9333333333333333,Short
97408,TNA,THANE,CSMT,CST-MUMBAI,33,58.0,0.9666666666666667,Short
97409,DR,DADAR,TNA,THANE,24,39.0,0.65,Short
97410,TNA,THANE,DR,DADAR,24,40.0,0.6666666666666666,Short
97411,CSMT,CST-MUMBAI,TNA,THANE,33,55.0,0.9166666666666666,Short
97412,TNA,THANE,CSMT,CST-MUMBAI,33,59.0,0.9833333333333333,Short
97413,CSMT,CST-MUMBAI,TNA,THANE,33,57.0,0.95,Short
97414,TNA,THANE,CSMT,CST-MUMBAI,33,58.0,0.9666666666666667,Short
97415,DR,DADAR,TNA,THANE,24,38.0,0.6333333333333333,Short
97416,TNA,THANE,CSMT,CST-MUMBAI,33,59.0,0.9833333333333333,Short
97417,CSMT,CST-MUMBAI,TNA,THANE,33,56.0,0.9333333333333333,Short
97418,TNA,THANE,CSMT,CST-MUMBAI,33,57.0,0.95,Short
97419,CSMT,CST-MUMBAI,TNA,THANE,33,56.0,0.9333333333333333,Short
97420,TNA,THANE,DR,DADAR,24,39.0,0.65,Short
97421,CSMT,CST-MUMBAI,TNA,THANE,33,56.0,0.9333333333333333,Short
97422,TNA,THANE,CSMT,CST-MUMBAI,33,58.0,0.9666666666666667,Short
97423,CSMT,CST-MUMBAI,TNA,THANE,33,55.0,0.9166666666666666,Short
97424,TNA,THANE,DR,DADAR,24,38.0,0.6333333333333333,Short
97425,CSMT,CST-MUMBAI,TNA,THANE,33,55.0,0.9166666666666666,Short
97426,TNA,THANE,CSMT,CST-MUMBAI,33,58.0,0.9666666666666667,Short
97427,CSMT,CST-MUMBAI,TNA,THANE,33,55.0,0.9166666666666666,Short
97428,TNA,THANE,CSMT,CST-MUMBAI,33,58.0,0.9666666666666667,Short
97429,DR,DADAR,TNA,THANE,24,39.0,0.65,Short
97430,TNA,THANE,DR,DADAR,24,39.0,0.65,Short
97431,CSMT,CST-MUMBAI,TNA,THANE,33,55.0,0.9166666666666666,Short
97432,TNA,THANE,CSMT,CST-MUMBAI,33,58.0,0.9666666666666667,Short
97433,CSMT,CST-MUMBAI,TNA,THANE,33,56.0,0.9333333333333333,Short
97434,TNA,THANE,CSMT,CST-MUMBAI,33,60.0,1.0,Short
97435,CSMT,CST-MUMBAI,TNA,THANE,33,55.0,0.9166666666666666,Short
97436,TNA,THANE,CSMT,CST-MUMBAI,33,58.0,0.9666666666666667,Short
97437,CSMT,CST-MUMBAI,TNA,THANE,33,56.0,0.9333333333333333,Short
97438,TNA,THANE,CSMT,CST-MUMBAI,33,58.0,0.9666666666666667,Short
97439,CSMT,CST-MUMBAI,TNA,THANE,33,56.0,0.9333333333333333,Short
97440,TNA,THANE,CSMT,CST-MUMBAI,33,59.0,0.9833333333333333,Short
97441,CSMT,CST-MUMBAI,TNA,THANE,33,55.0,0.9166666666666666,Short
97442,TNA,THANE,DR,DADAR,24,39.0,0.65,Short
97444,TNA,THANE,CSMT,CST-MUMBAI,33,59.0,0.9833333333333333,Short
97445,CSMT,CST-MUMBAI,TNA,THANE,33,56.0,0.9333333333333333,Short
97446,TNA,THANE,CSMT,CST-MUMBAI,33,58.0,0.9666666666666667,Short
97501,CSMT,CST-MUMBAI,GC,GHAT KOPAR,19,34.0,0.5666666666666667,Short
97502,GC,GHAT KOPAR,CSMT,CST-MUMBAI,19,37.0,0.6166666666666667,Short
97503,CSMT,CST-MUMBAI,GC,GHAT KOPAR,19,34.0,0.5666666666666667,Short
97504,GC,GHAT KOPAR,CSMT,CST-MUMBAI,19,37.0,0.6166666666666667,Short
97601,CSMT,CST-MUMBAI,CLA,KURLA,15,28.0,0.4666666666666667,Short
97602,CLA,KURLA,CSMT,CST-MUMBAI,15,30.0,0.5,Short
97603,CSMT,CST-MUMBAI,CLA,KURLA,15,28.0,0.4666666666666667,Short
97604,CLA,KURLA,CSMT,CST-MUMBAI,15,30.0,0.5,Short
97605,CSMT,CST-MUMBAI,CLA,KURLA,15,28.0,0.4666666666666667,Short
97606,CLA,KURLA,CSMT,CST-MUMBAI,15,30.0,0.5,Short
97607,CSMT,CST-MUMBAI,CLA,KURLA,15,28.0,0.4666666666666667,Short
97608,CLA,KURLA,CSMT,CST-MUMBAI,15,30.0,0.5,Short
97609,CSMT,CST-MUMBAI,CLA,KURLA,15,30.0,0.5,Short
97610,CLA,KURLA,CSMT,CST-MUMBAI,15,30.0,0.5,Short
97611,CSMT,CST-MUMBAI,CLA,KURLA,15,28.0,0.4666666666666667,Short
97612,CLA,KURLA,CSMT,CST-MUMBAI,15,31.0,0.5166666666666667,Short
97613,CSMT,CST-MUMBAI,CLA,KURLA,15,28.0,0.4666666666666667,Short
97614,CLA,KURLA,CSMT,CST-MUMBAI,15,31.0,0.5166666666666667,Short
97615,CSMT,CST-MUMBAI,CLA,KURLA,15,31.0,0.5166666666666667,Short
97616,CLA,KURLA,CSMT,CST-MUMBAI,15,30.0,0.5,Short
97617,CSMT,CST-MUMBAI,CLA,KURLA,15,29.0,0.48333333333333334,Short
97618,CLA,KURLA,CSMT,CST-MUMBAI,15,30.0,0.5,Short
97619,CSMT,CST-MUMBAI,CLA,KURLA,15,30.0,0.5,Short
97620,CLA,KURLA,CSMT,CST-MUMBAI,15,30.0,0.5,Short
97621,CSMT,CST-MUMBAI,CLA,KURLA,15,28.0,0.4666666666666667,Short
97622,CLA,KURLA,CSMT,CST-MUMBAI,15,30.0,0.5,Short
97623,CSMT,CST-MUMBAI,CLA,KURLA,15,28.0,0.4666666666666667,Short
97624,CLA,KURLA,CSMT,CST-MUMBAI,15,29.0,0.48333333333333334,Short
97625,CSMT,CST-MUMBAI,CLA,KURLA,15,28.0,0.4666666666666667,Short
97626,CLA,KURLA,CSMT,CST-MUMBAI,15,30.0,0.5,Short
97627,CSMT,CST-MUMBAI,CLA,KURLA,15,28.0,0.4666666666666667,Short
97628,CLA,KURLA,CSMT,CST-MUMBAI,15,30.0,0.5,Short
97629,CSMT,CST-MUMBAI,CLA,KURLA,15,28.0,0.4666666666666667,Short
97630,CLA,KURLA,CSMT,CST-MUMBAI,15,30.0,0.5,Short
97631,CSMT,CST-MUMBAI,CLA,KURLA,15,28.0,0.4666666666666667,Short
97632,CLA,KURLA,CSMT,CST-MUMBAI,15,30.0,0.5,Short
97633,CSMT,CST-MUMBAI,CLA,KURLA,15,29.0,0.48333333333333334,Short
97634,CLA,KURLA,CSMT,CST-MUMBAI,15,31.0,0.5166666666666667,Short
97635,CSMT,CST-MUMBAI,CLA,KURLA,15,28.0,0.4666666666666667,Short
97636,CLA,KURLA,CSMT,CST-MUMBAI,15,30.0,0.5,Short
97637,CSMT,CST-MUMBAI,CLA,KURLA,15,29.0,0.48333333333333334,Short
97638,CLA,KURLA,CSMT,CST-MUMBAI,15,30.0,0.5,Short
97639,CSMT,CST-MUMBAI,CLA,KURLA,15,28.0,0.4666666666666667,Short
97640,CLA,KURLA,CSMT,CST-MUMBAI,15,31.0,0.5166666666666667,Short
97641,CSMT,CST-MUMBAI,CLA,KURLA,15,28.0,0.4666666666666667,Short
97642,CLA,KURLA,CSMT,CST-MUMBAI,15,31.0,0.5166666666666667,Short
97643,CSMT,CST-MUMBAI,CLA,KURLA,15,28.0,0.4666666666666667,Short
97644,CLA,KURLA,CSMT,CST-MUMBAI,15,30.0,0.5,Short
97645,CSMT,CST-MUMBAI,CLA,KURLA,15,29.0,0.48333333333333334,Short
97646,CLA,KURLA,CSMT,CST-MUMBAI,15,30.0,0.5,Short
97647,CSMT,CST-MUMBAI,CLA,KURLA,15,29.0,0.48333333333333334,Short
97648,CLA,KURLA,CSMT,CST-MUMBAI,15,30.0,0.5,Short
97649,CSMT,CST-MUMBAI,CLA,KURLA,15,29.0,0.48333333333333334,Short
97651,CSMT,CST-MUMBAI,CLA,KURLA,15,29.0,0.48333333333333334,Short
97653,CSMT,CST-MUMBAI,CLA,KURLA,15,29.0,0.48333333333333334,Short
97655,CSMT,CST-MUMBAI,CLA,KURLA,15,29.0,0.48333333333333334,Short
98000,PNVL,PANVEL,CSMT,CST-MUMBAI,49,77.0,1.2833333333333334,Short
98001,CSMT,CST-MUMBAI,PNVL,PANVEL,49,77.0,1.2833333333333334,Short
98002,PNVL,PANVEL,CSMT,CST-MUMBAI,49,77.0,1.2833333333333334,Short
98003,CSMT,CST-MUMBAI,PNVL,PANVEL,49,77.0,1.2833333333333334,Short
98004,PNVL,PANVEL,CSMT,CST-MUMBAI,49,77.0,1.2833333333333334,Short
98005,CSMT,CST-MUMBAI,PNVL,PANVEL,49,77.0,1.2833333333333334,Short
98006,PNVL,PANVEL,CSMT,CST-MUMBAI,49,77.0,1.2833333333333334,Short
98007,CSMT,CST-MUMBAI,PNVL,PANVEL,49,77.0,1.2833333333333334,Short
98008,PNVL,PANVEL,CSMT,CST-MUMBAI,49,77.0,1.2833333333333334,Short
98009,CSMT,CST-MUMBAI,PNVL,PANVEL,49,77.0,1.2833333333333334,Short
98010,PNVL,PANVEL,CSMT,CST-MUMBAI,49,77.0,1.2833333333333334,Short
98011,CSMT,CST-MUMBAI,PNVL,PANVEL,49,77.0,1.2833333333333334,Short
98012,PNVL,PANVEL,CSMT,CST-MUMBAI,49,77.0,1.2833333333333334,Short
98013,VSH,VASHI,PNVL,PANVEL,20,31.0,0.5166666666666667,Short
98014,PNVL,PANVEL,CSMT,CST-MUMBAI,49,77.0,1.2833333333333334,Short
98015,CSMT,CST-MUMBAI,PNVL,PANVEL,49,77.0,1.2833333333333334,Short
98016,PNVL,PANVEL,CSMT,CST-MUMBAI,49,78.0,1.3,Short
98017,CSMT,CST-MUMBAI,PNVL,PANVEL,49,77.0,1.2833333333333334,Short
98018,PNVL,PANVEL,VDLR,MUMBAI VADAL,39,60.0,1.0,Short
98019,CSMT,CST-MUMBAI,PNVL,PANVEL,49,77.0,1.2833333333333334,Short
98020,PNVL,PANVEL,CSMT,CST-MUMBAI,49,78.0,1.3,Short
98021,VSH,VASHI,PNVL,PANVEL,20,30.0,0.5,Short
98022,PNVL,PANVEL,CSMT,CST-MUMBAI,49,78.0,1.3,Short
98023,CSMT,CST-MUMBAI,PNVL,PANVEL,49,77.0,1.2833333333333334,Short
98024,PNVL,PANVEL,CSMT,CST-MUMBAI,49,77.0,1.2833333333333334,Short
98025,CSMT,CST-MUMBAI,PNVL,PANVEL,49,77.0,1.2833333333333334,Short
98026,PNVL,PANVEL,VDLR,MUMBAI VADAL,39,59.0,0.9833333333333333,Short
98027,CSMT,CST-MUMBAI,PNVL,PANVEL,49,77.0,1.2833333333333334,Short
98028,PNVL,PANVEL,CSMT,CST-MUMBAI,49,77.0,1.2833333333333334,Short
98029,CSMT,CST-MUMBAI,PNVL,PANVEL,49,77.0,1.2833333333333334,Short
98030,PNVL,PANVEL,CSMT,CST-MUMBAI,49,77.0,1.2833333333333334,Short
98031,VDLR,MUMBAI VADAL,PNVL,PANVEL,39,62.0,1.0333333333333334,Short
98032,PNVL,PANVEL,VDLR,MUMBAI VADAL,39,59.0,0.9833333333333333,Short
98033,CSMT,CST-MUMBAI,PNVL,PANVEL,49,77.0,1.2833333333333334,Short
98034,PNVL,PANVEL,CSMT,CST-MUMBAI,49,77.0,1.2833333333333334,Short
98035,CSMT,CST-MUMBAI,PNVL,PANVEL,49,78.0,1.3,Short
98036,PNVL,PANVEL,CSMT,CST-MUMBAI,49,77.0,1.2833333333333334,Short
98037,CSMT,CST-MUMBAI,PNVL,PANVEL,49,80.0,1.3333333333333333,Short
98038,PNVL,PANVEL,CSMT,CST-MUMBAI,49,77.0,1.2833333333333334,Short
98039,CSMT,CST-MUMBAI,PNVL,PANVEL,49,77.0,1.2833333333333334,Short
98040,PNVL,PANVEL,VDLR,MUMBAI VADAL,39,59.0,0.9833333333333333,Short
98041,CSMT,CST-MUMBAI,PNVL,PANVEL,49,77.0,1.2833333333333334,Short
98042,PNVL,PANVEL,CSMT,CST-MUMBAI,49,77.0,1.2833333333333334,Short
98043,CSMT,CST-MUMBAI,PNVL,PANVEL,49,77.0,1.2833333333333334,Short
98044,PNVL,PANVEL,CSMT,CST-MUMBAI,49,78.0,1.3,Short
98045,CSMT,CST-MUMBAI,PNVL,PANVEL,49,77.0,1.2833333333333334,Short
98046,PNVL,PANVEL,CSMT,CST-MUMBAI,49,78.0,1.3,Short
98047,CSMT,CST-MUMBAI,PNVL,PANVEL,49,77.0,1.2833333333333334,Short
98048,PNVL,PANVEL,CSMT,CST-MUMBAI,49,77.0,1.2833333333333334,Short
98049,CSMT,CST-MUMBAI,PNVL,PANVEL,49,77.0,1.2833333333333334,Short
98050,PNVL,PANVEL,CSMT,CST-MUMBAI,49,77.0,1.2833333333333334,Short
98051,VDLR,MUMBAI VADAL,PNVL,PANVEL,39,59.0,0.9833333333333333,Short
98052,PNVL,PANVEL,CSMT,CST-MUMBAI,49,77.0,1.2833333333333334,Short
98053,CSMT,CST-MUMBAI,PNVL,PANVEL,49,77.0,1.2833333333333334,Short
98054,PNVL,PANVEL,CSMT,CST-MUMBAI,49,77.0,1.2833333333333334,Short
98055,CSMT,CST-MUMBAI,PNVL,PANVEL,49,78.0,1.3,Short
98056,PNVL,PANVEL,CSMT,CST-MUMBAI,49,79.0,1.3166666666666667,Short
98057,CSMT,CST-MUMBAI,PNVL,PANVEL,49,78.0,1.3,Short
98058,PNVL,PANVEL,CSMT,CST-MUMBAI,49,77.0,1.2833333333333334,Short
98059,CSMT,CST-MUMBAI,PNVL,PANVEL,49,77.0,1.2833333333333334,Short
98060,PNVL,PANVEL,CSMT,CST-MUMBAI,49,77.0,1.2833333333333334,Short
98061,CSMT,CST-MUMBAI,PNVL,PANVEL,49,77.0,1.2833333333333334,Short
98062,PNVL,PANVEL,CSMT,CST-MUMBAI,49,77.0,1.2833333333333334,Short
98063,CSMT,CST-MUMBAI,PNVL,PANVEL,49,78.0,1.3,Short
98064,PNVL,PANVEL,CSMT,CST-MUMBAI,49,77.0,1.2833333333333334,Short
98065,CSMT,CST-MUMBAI,PNVL,PANVEL,49,77.0,1.2833333333333334,Short
98066,PNVL,PANVEL,CSMT,CST-MUMBAI,49,78.0,1.3,Short
98067,CSMT,CST-MUMBAI,PNVL,PANVEL,49,77.0,1.2833333333333334,Short
98068,PNVL,PANVEL,CSMT,CST-MUMBAI,49,77.0,1.2833333333333334,Short
98069,CSMT,CST-MUMBAI,PNVL,PANVEL,49,77.0,1.2833333333333334,Short
98070,PNVL,PANVEL,CSMT,CST-MUMBAI,49,77.0,1.2833333333333334,Short
98071,CSMT,CST-MUMBAI,PNVL,PANVEL,49,77.0,1.2833333333333334,Short
98072,PNVL,PANVEL,CSMT,CST-MUMBAI,49,77.0,1.2833333333333334,Short
98073,CSMT,CST-MUMBAI,PNVL,PANVEL,49,77.0,1.2833333333333334,Short
98074,PNVL,PANVEL,CSMT,CST-MUMBAI,49,77.0,1.2833333333333334,Short
98075,CSMT,CST-MUMBAI,PNVL,PANVEL,49,80.0,1.3333333333333333,Short
98076,PNVL,PANVEL,CSMT,CST-MUMBAI,49,77.0,1.2833333333333334,Short
98077,CSMT,CST-MUMBAI,PNVL,PANVEL,49,77.0,1.2833333333333334,Short
98078,PNVL,PANVEL,CSMT,CST-MUMBAI,49,81.0,1.35,Short
98079,CSMT,CST-MUMBAI,PNVL,PANVEL,49,77.0,1.2833333333333334,Short
98080,PNVL,PANVEL,CSMT,CST-MUMBAI,49,80.0,1.3333333333333333,Short
98081,CSMT,CST-MUMBAI,PNVL,PANVEL,49,77.0,1.2833333333333334,Short
98082,PNVL,PANVEL,CSMT,CST-MUMBAI,49,78.0,1.3,Short
98083,VDLR,MUMBAI VADAL,PNVL,PANVEL,39,60.0,1.0,Short
98084,PNVL,PANVEL,CSMT,CST-MUMBAI,49,78.0,1.3,Short
98085,CSMT,CST-MUMBAI,PNVL,PANVEL,49,77.0,1.2833333333333334,Short
98087,CSMT,CST-MUMBAI,PNVL,PANVEL,49,77.0,1.2833333333333334,Short
98088,PNVL,PANVEL,CSMT,CST-MUMBAI,49,77.0,1.2833333333333334,Short
98089,CSMT,CST-MUMBAI,PNVL,PANVEL,49,77.0,1.2833333333333334,Short
98090,PNVL,PANVEL,CSMT,CST-MUMBAI,49,77.0,1.2833333333333334,Short
98091,CSMT,CST-MUMBAI,PNVL,PANVEL,49,77.0,1.2833333333333334,Short
98092,PNVL,PANVEL,CSMT,CST-MUMBAI,49,77.0,1.2833333333333334,Short
98093,CSMT,CST-MUMBAI,PNVL,PANVEL,49,78.0,1.3,Short
98094,PNVL,PANVEL,CSMT,CST-MUMBAI,49,77.0,1.2833333333333334,Short
98095,CSMT,CST-MUMBAI,PNVL,PANVEL,49,78.0,1.3,Short
98096,PNVL,PANVEL,CSMT,CST-MUMBAI,49,77.0,1.2833333333333334,Short
98097,CSMT,CST-MUMBAI,PNVL,PANVEL,49,77.0,1.2833333333333334,Short
98098,PNVL,PANVEL,CSMT,CST-MUMBAI,49,77.0,1.2833333333333334,Short
98099,CSMT,CST-MUMBAI,PNVL,PANVEL,49,77.0,1.2833333333333334,Short
98100,PNVL,PANVEL,CSMT,CST-MUMBAI,49,77.0,1.2833333333333334,Short
98101,CSMT,CST-MUMBAI,PNVL,PANVEL,49,77.0,1.2833333333333334,Short
98102,PNVL,PANVEL,CSMT,CST-MUMBAI,49,77.0,1.2833333333333334,Short
98103,VDLR,MUMBAI VADAL,PNVL,PANVEL,39,60.0,1.0,Short
98104,PNVL,PANVEL,CSMT,CST-MUMBAI,49,77.0,1.2833333333333334,Short
98105,CSMT,CST-MUMBAI,PNVL,PANVEL,49,77.0,1.2833333333333334,Short
98106,PNVL,PANVEL,CSMT,CST-MUMBAI,49,78.0,1.3,Short
98107,CSMT,CST-MUMBAI,PNVL,PANVEL,49,77.0,1.2833333333333334,Short
98108,PNVL,PANVEL,CSMT,CST-MUMBAI,49,80.0,1.3333333333333333,Short
98109,CSMT,CST-MUMBAI,PNVL,PANVEL,49,79.0,1.3166666666666667,Short
98110,PNVL,PANVEL,CSMT,CST-MUMBAI,49,77.0,1.2833333333333334,Short
98111,CSMT,CST-MUMBAI,PNVL,PANVEL,49,78.0,1.3,Short
98112,PNVL,PANVEL,CSMT,CST-MUMBAI,49,77.0,1.2833333333333334,Short
98113,CSMT,CST-MUMBAI,PNVL,PANVEL,49,77.0,1.2833333333333334,Short
98114,PNVL,PANVEL,CSMT,CST-MUMBAI,49,77.0,1.2833333333333334,Short
98115,CSMT,CST-MUMBAI,PNVL,PANVEL,49,77.0,1.2833333333333334,Short
98116,PNVL,PANVEL,CSMT,CST-MUMBAI,49,77.0,1.2833333333333334,Short
98117,CSMT,CST-MUMBAI,PNVL,PANVEL,49,77.0,1.2833333333333334,Short
98118,PNVL,PANVEL,CSMT,CST-MUMBAI,49,79.0,1.3166666666666667,Short
98119,CSMT,CST-MUMBAI,PNVL,PANVEL,49,78.0,1.3,Short
98120,PNVL,PANVEL,CSMT,CST-MUMBAI,49,78.0,1.3,Short
98121,CSMT,CST-MUMBAI,PNVL,PANVEL,49,77.0,1.2833333333333334,Short
98122,PNVL,PANVEL,CSMT,CST-MUMBAI,49,78.0,1.3,Short
98123,CSMT,CST-MUMBAI,PNVL,PANVEL,49,77.0,1.2833333333333334,Short
98124,PNVL,PANVEL,CSMT,CST-MUMBAI,49,79.0,1.3166666666666667,Short
98125,CSMT,CST-MUMBAI,PNVL,PANVEL,49,77.0,1.2833333333333334,Short
98126,PNVL,PANVEL,CSMT,CST-MUMBAI,49,78.0,1.3,Short
98127,CSMT,CST-MUMBAI,PNVL,PANVEL,49,77.0,1.2833333333333334,Short
98128,PNVL,PANVEL,CSMT,CST-MUMBAI,49,77.0,1.2833333333333334,Short
98129,CSMT,CST-MUMBAI,PNVL,PANVEL,49,77.0,1.2833333333333334,Short
98130,PNVL,PANVEL,CSMT,CST-MUMBAI,49,77.0,1.2833333333333334,Short
98131,CSMT,CST-MUMBAI,PNVL,PANVEL,49,79.0,1.3166666666666667,Short
98132,PNVL,PANVEL,CSMT,CST-MUMBAI,49,79.0,1.3166666666666667,Short
98133,VDLR,MUMBAI VADAL,PNVL,PANVEL,39,63.0,1.05,Short
98134,PNVL,PANVEL,VDLR,MUMBAI VADAL,39,61.0,1.0166666666666666,Short
98135,CSMT,CST-MUMBAI,PNVL,PANVEL,49,80.0,1.3333333333333333,Short
98136,PNVL,PANVEL,CSMT,CST-MUMBAI,49,79.0,1.3166666666666667,Short
98137,CSMT,CST-MUMBAI,PNVL,PANVEL,49,78.0,1.3,Short
98138,PNVL,PANVEL,CSMT,CST-MUMBAI,49,78.0,1.3,Short
98139,CSMT,CST-MUMBAI,PNVL,PANVEL,49,77.0,1.2833333333333334,Short
98140,PNVL,PANVEL,CSMT,CST-MUMBAI,49,81.0,1.35,Short
98141,CSMT,CST-MUMBAI,PNVL,PANVEL,49,77.0,1.2833333333333334,Short
98142,PNVL,PANVEL,CSMT,CST-MUMBAI,49,79.0,1.3166666666666667,Short
98143,VDLR,MUMBAI VADAL,PNVL,PANVEL,39,60.0,1.0,Short
98144,PNVL,PANVEL,VDLR,MUMBAI VADAL,39,59.0,0.9833333333333333,Short
98145,CSMT,CST-MUMBAI,PNVL,PANVEL,49,78.0,1.3,Short
98146,PNVL,PANVEL,CSMT,CST-MUMBAI,49,77.0,1.2833333333333334,Short
98147,CSMT,CST-MUMBAI,PNVL,PANVEL,49,77.0,1.2833333333333334,Short
98148,PNVL,PANVEL,CSMT,CST-MUMBAI,49,77.0,1.2833333333333334,Short
98149,VDLR,MUMBAI VADAL,PNVL,PANVEL,39,60.0,1.0,Short
98150,PNVL,PANVEL,CSMT,CST-MUMBAI,49,77.0,1.2833333333333334,Short
98151,CSMT,CST-MUMBAI,PNVL,PANVEL,49,79.0,1.3166666666666667,Short
98152,PNVL,PANVEL,CSMT,CST-MUMBAI,49,77.0,1.2833333333333334,Short
98153,CSMT,CST-MUMBAI,PNVL,PANVEL,49,78.0,1.3,Short
98154,PNVL,PANVEL,CSMT,CST-MUMBAI,49,77.0,1.2833333333333334,Short
98155,CSMT,CST-MUMBAI,PNVL,PANVEL,49,78.0,1.3,Short
98156,PNVL,PANVEL,CSMT,CST-MUMBAI,49,77.0,1.2833333333333334,Short
98157,CSMT,CST-MUMBAI,PNVL,PANVEL,49,78.0,1.3,Short
98158,PNVL,PANVEL,CSMT,CST-MUMBAI,49,77.0,1.2833333333333334,Short
98159,CSMT,CST-MUMBAI,PNVL,PANVEL,49,77.0,1.2833333333333334,Short
98160,PNVL,PANVEL,CSMT,CST-MUMBAI,49,79.0,1.3166666666666667,Short
98161,CSMT,CST-MUMBAI,PNVL,PANVEL,49,77.0,1.2833333333333334,Short
98162,PNVL,PANVEL,CSMT,CST-MUMBAI,49,78.0,1.3,Short
98163,CSMT,CST-MUMBAI,PNVL,PANVEL,49,79.0,1.3166666666666667,Short
98164,PNVL,PANVEL,CSMT,CST-MUMBAI,49,78.0,1.3,Short
98165,CSMT,CST-MUMBAI,PNVL,PANVEL,49,77.0,1.2833333333333334,Short
98166,PNVL,PANVEL,VSH,VASHI,20,30.0,0.5,Short
98167,VDLR,MUMBAI VADAL,PNVL,PANVEL,39,60.0,1.0,Short
98168,PNVL,PANVEL,CSMT,CST-MUMBAI,49,79.0,1.3166666666666667,Short
98169,CSMT,CST-MUMBAI,PNVL,PANVEL,49,77.0,1.2833333333333334,Short
98170,PNVL,PANVEL,CSMT,CST-MUMBAI,49,78.0,1.3,Short
98171,CSMT,CST-MUMBAI,PNVL,PANVEL,49,78.0,1.3,Short
98172,PNVL,PANVEL,CSMT,CST-MUMBAI,49,78.0,1.3,Short
98173,VDLR,MUMBAI VADAL,PNVL,PANVEL,39,59.0,0.9833333333333333,Short
98174,PNVL,PANVEL,CSMT,CST-MUMBAI,49,78.0,1.3,Short
98175,CSMT,CST-MUMBAI,PNVL,PANVEL,49,78.0,1.3,Short
98176,PNVL,PANVEL,CSMT,CST-MUMBAI,49,78.0,1.3,Short
98177,VDLR,MUMBAI VADAL,PNVL,PANVEL,39,60.0,1.0,Short
98178,PNVL,PANVEL,CSMT,CST-MUMBAI,49,78.0,1.3,Short
98179,CSMT,CST-MUMBAI,PNVL,PANVEL,49,78.0,1.3,Short
98180,PNVL,PANVEL,CSMT,CST-MUMBAI,49,77.0,1.2833333333333334,Short
98181,VDLR,MUMBAI VADAL,PNVL,PANVEL,39,60.0,1.0,Short
98182,PNVL,PANVEL,CSMT,CST-MUMBAI,49,78.0,1.3,Short
98183,CSMT,CST-MUMBAI,PNVL,PANVEL,49,77.0,1.2833333333333334,Short
98184,PNVL,PANVEL,CSMT,CST-MUMBAI,49,77.0,1.2833333333333334,Short
98185,CSMT,CST-MUMBAI,PNVL,PANVEL,49,77.0,1.2833333333333334,Short
98186,PNVL,PANVEL,CSMT,CST-MUMBAI,49,78.0,1.3,Short
98187,VDLR,MUMBAI VADAL,PNVL,PANVEL,39,60.0,1.0,Short
98188,PNVL,PANVEL,CSMT,CST-MUMBAI,49,77.0,1.2833333333333334,Short
98189,CSMT,CST-MUMBAI,PNVL,PANVEL,49,77.0,1.2833333333333334,Short
98190,PNVL,PANVEL,CSMT,CST-MUMBAI,49,77.0,1.2833333333333334,Short
98191,CSMT,CST-MUMBAI,PNVL,PANVEL,49,77.0,1.2833333333333334,Short
98192,PNVL,PANVEL,CSMT,CST-MUMBAI,49,78.0,1.3,Short
98193,CSMT,CST-MUMBAI,PNVL,PANVEL,49,78.0,1.3,Short
98194,PNVL,PANVEL,CSMT,CST-MUMBAI,49,77.0,1.2833333333333334,Short
98195,CSMT,CST-MUMBAI,PNVL,PANVEL,49,79.0,1.3166666666666667,Short
98196,PNVL,PANVEL,BEPR,BELAPUR C.B.,10,15.0,0.25,Short
98197,CSMT,CST-MUMBAI,PNVL,PANVEL,49,78.0,1.3,Short
98198,PNVL,PANVEL,CSMT,CST-MUMBAI,49,78.0,1.3,Short
98199,CSMT,CST-MUMBAI,PNVL,PANVEL,49,78.0,1.3,Short
98200,PNVL,PANVEL,VSH,VASHI,20,30.0,0.5,Short
98201,CSMT,CST-MUMBAI,PNVL,PANVEL,49,78.0,1.3,Short
98202,PNVL,PANVEL,CSMT,CST-MUMBAI,49,78.0,1.3,Short
98203,CSMT,CST-MUMBAI,PNVL,PANVEL,49,77.0,1.2833333333333334,Short
98204,PNVL,PANVEL,CSMT,CST-MUMBAI,49,80.0,1.3333333333333333,Short
98205,CSMT,CST-MUMBAI,PNVL,PANVEL,49,77.0,1.2833333333333334,Short
98207,CSMT,CST-MUMBAI,PNVL,PANVEL,49,77.0,1.2833333333333334,Short
98208,PNVL,PANVEL,BEPR,BELAPUR C.B.,10,15.0,0.25,Short
98209,CSMT,CST-MUMBAI,PNVL,PANVEL,49,77.0,1.2833333333333334,Short
98211,CSMT,CST-MUMBAI,PNVL,PANVEL,49,77.0,1.2833333333333334,Short
98213,CSMT,CST-MUMBAI,PNVL,PANVEL,49,77.0,1.2833333333333334,Short
98214,PNVL,PANVEL,BEPR,BELAPUR C.B.,10,15.0,0.25,Short
98215,CSMT,CST-MUMBAI,PNVL,PANVEL,49,78.0,1.3,Short
98300,BEPR,BELAPUR C.B.,CSMT,CST-MUMBAI,38,64.0,1.0666666666666667,Short
98301,CSMT,CST-MUMBAI,BEPR,BELAPUR C.B.,38,64.0,1.0666666666666667,Short
98302,BEPR,BELAPUR C.B.,CSMT,CST-MUMBAI,38,64.0,1.0666666666666667,Short
98303,CSMT,CST-MUMBAI,BEPR,BELAPUR C.B.,38,63.0,1.05,Short
98304,BEPR,BELAPUR C.B.,CSMT,CST-MUMBAI,38,64.0,1.0666666666666667,Short
98305,CSMT,CST-MUMBAI,BEPR,BELAPUR C.B.,38,63.0,1.05,Short
98306,BEPR,BELAPUR C.B.,CSMT,CST-MUMBAI,38,64.0,1.0666666666666667,Short
98307,CSMT,CST-MUMBAI,BEPR,BELAPUR C.B.,38,66.0,1.1,Short
98308,BEPR,BELAPUR C.B.,CSMT,CST-MUMBAI,38,64.0,1.0666666666666667,Short
98309,VDLR,MUMBAI VADAL,BEPR,BELAPUR C.B.,28,46.0,0.7666666666666667,Short
98310,BEPR,BELAPUR C.B.,CSMT,CST-MUMBAI,38,64.0,1.0666666666666667,Short
98311,CSMT,CST-MUMBAI,BEPR,BELAPUR C.B.,38,63.0,1.05,Short
98312,BEPR,BELAPUR C.B.,CSMT,CST-MUMBAI,38,63.0,1.05,Short
98313,CSMT,CST-MUMBAI,BEPR,BELAPUR C.B.,38,63.0,1.05,Short
98314,BEPR,BELAPUR C.B.,CSMT,CST-MUMBAI,38,63.0,1.05,Short
98315,CSMT,CST-MUMBAI,BEPR,BELAPUR C.B.,38,63.0,1.05,Short
98316,BEPR,BELAPUR C.B.,CSMT,CST-MUMBAI,38,63.0,1.05,Short
98317,CSMT,CST-MUMBAI,BEPR,BELAPUR C.B.,38,63.0,1.05,Short
98318,BEPR,BELAPUR C.B.,CSMT,CST-MUMBAI,38,63.0,1.05,Short
98319,CSMT,CST-MUMBAI,BEPR,BELAPUR C.B.,38,63.0,1.05,Short
98320,BEPR,BELAPUR C.B.,CSMT,CST-MUMBAI,38,63.0,1.05,Short
98321,VDLR,MUMBAI VADAL,BEPR,BELAPUR C.B.,28,46.0,0.7666666666666667,Short
98322,BEPR,BELAPUR C.B.,CSMT,CST-MUMBAI,38,63.0,1.05,Short
98323,CSMT,CST-MUMBAI,BEPR,BELAPUR C.B.,38,65.0,1.0833333333333333,Short
98324,BEPR,BELAPUR C.B.,CSMT,CST-MUMBAI,38,63.0,1.05,Short
98325,CSMT,CST-MUMBAI,BEPR,BELAPUR C.B.,38,63.0,1.05,Short
98326,BEPR,BELAPUR C.B.,CSMT,CST-MUMBAI,38,63.0,1.05,Short
98327,CSMT,CST-MUMBAI,BEPR,BELAPUR C.B.,38,63.0,1.05,Short
98328,BEPR,BELAPUR C.B.,CSMT,CST-MUMBAI,38,65.0,1.0833333333333333,Short
98329,VDLR,MUMBAI VADAL,BEPR,BELAPUR C.B.,28,48.0,0.8,Short
98330,BEPR,BELAPUR C.B.,CSMT,CST-MUMBAI,38,63.0,1.05,Short
98331,CSMT,CST-MUMBAI,BEPR,BELAPUR C.B.,38,63.0,1.05,Short
98332,BEPR,BELAPUR C.B.,CSMT,CST-MUMBAI,38,63.0,1.05,Short
98333,CSMT,CST-MUMBAI,BEPR,BELAPUR C.B.,38,63.0,1.05,Short
98334,BEPR,BELAPUR C.B.,VDLR,MUMBAI VADAL,28,45.0,0.75,Short
98335,CSMT,CST-MUMBAI,BEPR,BELAPUR C.B.,38,65.0,1.0833333333333333,Short
98336,BEPR,BELAPUR C.B.,CSMT,CST-MUMBAI,38,65.0,1.0833333333333333,Short
98337,CSMT,CST-MUMBAI,BEPR,BELAPUR C.B.,38,63.0,1.05,Short
98338,BEPR,BELAPUR C.B.,VDLR,MUMBAI VADAL,28,45.0,0.75,Short
98339,CSMT,CST-MUMBAI,BEPR,BELAPUR C.B.,38,64.0,1.0666666666666667,Short
98340,BEPR,BELAPUR C.B.,VDLR,MUMBAI VADAL,28,45.0,0.75,Short
98341,CSMT,CST-MUMBAI,BEPR,BELAPUR C.B.,38,63.0,1.05,Short
98342,BEPR,BELAPUR C.B.,CSMT,CST-MUMBAI,38,64.0,1.0666666666666667,Short
98343,CSMT,CST-MUMBAI,BEPR,BELAPUR C.B.,38,63.0,1.05,Short
98344,BEPR,BELAPUR C.B.,CSMT,CST-MUMBAI,38,63.0,1.05,Short
98345,CSMT,CST-MUMBAI,BEPR,BELAPUR C.B.,38,64.0,1.0666666666666667,Short
98346,BEPR,BELAPUR C.B.,CSMT,CST-MUMBAI,38,63.0,1.05,Short
98347,CSMT,CST-MUMBAI,BEPR,BELAPUR C.B.,38,63.0,1.05,Short
98348,BEPR,BELAPUR C.B.,CSMT,CST-MUMBAI,38,63.0,1.05,Short
98349,CSMT,CST-MUMBAI,BEPR,BELAPUR C.B.,38,64.0,1.0666666666666667,Short
98350,BEPR,BELAPUR C.B.,CSMT,CST-MUMBAI,38,64.0,1.0666666666666667,Short
98351,CSMT,CST-MUMBAI,BEPR,BELAPUR C.B.,38,64.0,1.0666666666666667,Short
98352,BEPR,BELAPUR C.B.,CSMT,CST-MUMBAI,38,64.0,1.0666666666666667,Short
98353,CSMT,CST-MUMBAI,BEPR,BELAPUR C.B.,38,65.0,1.0833333333333333,Short
98354,BEPR,BELAPUR C.B.,CSMT,CST-MUMBAI,38,63.0,1.05,Short
98355,VDLR,MUMBAI VADAL,BEPR,BELAPUR C.B.,28,46.0,0.7666666666666667,Short
98356,BEPR,BELAPUR C.B.,CSMT,CST-MUMBAI,38,63.0,1.05,Short
98357,CSMT,CST-MUMBAI,BEPR,BELAPUR C.B.,38,63.0,1.05,Short
98358,BEPR,BELAPUR C.B.,CSMT,CST-MUMBAI,38,63.0,1.05,Short
98359,CSMT,CST-MUMBAI,BEPR,BELAPUR C.B.,38,63.0,1.05,Short
98360,BEPR,BELAPUR C.B.,CSMT,CST-MUMBAI,38,64.0,1.0666666666666667,Short
98361,CSMT,CST-MUMBAI,BEPR,BELAPUR C.B.,38,63.0,1.05,Short
98362,BEPR,BELAPUR C.B.,CSMT,CST-MUMBAI,38,64.0,1.0666666666666667,Short
98363,CSMT,CST-MUMBAI,BEPR,BELAPUR C.B.,38,63.0,1.05,Short
98364,BEPR,BELAPUR C.B.,VDLR,MUMBAI VADAL,28,48.0,0.8,Short
98365,CSMT,CST-MUMBAI,BEPR,BELAPUR C.B.,38,64.0,1.0666666666666667,Short
98366,BEPR,BELAPUR C.B.,CSMT,CST-MUMBAI,38,63.0,1.05,Short
98367,VDLR,MUMBAI VADAL,BEPR,BELAPUR C.B.,28,46.0,0.7666666666666667,Short
98368,BEPR,BELAPUR C.B.,CSMT,CST-MUMBAI,38,65.0,1.0833333333333333,Short
98369,CSMT,CST-MUMBAI,BEPR,BELAPUR C.B.,38,63.0,1.05,Short
98370,BEPR,BELAPUR C.B.,CSMT,CST-MUMBAI,38,64.0,1.0666666666666667,Short
98371,CSMT,CST-MUMBAI,BEPR,BELAPUR C.B.,38,63.0,1.05,Short
98372,BEPR,BELAPUR C.B.,CSMT,CST-MUMBAI,38,67.0,1.1166666666666667,Short
98373,CSMT,CST-MUMBAI,BEPR,BELAPUR C.B.,38,64.0,1.0666666666666667,Short
98374,BEPR,BELAPUR C.B.,CSMT,CST-MUMBAI,38,64.0,1.0666666666666667,Short
98375,CSMT,CST-MUMBAI,BEPR,BELAPUR C.B.,38,65.0,1.0833333333333333,Short
98376,BEPR,BELAPUR C.B.,CSMT,CST-MUMBAI,38,63.0,1.05,Short
98377,CSMT,CST-MUMBAI,BEPR,BELAPUR C.B.,38,63.0,1.05,Short
98378,BEPR,BELAPUR C.B.,CSMT,CST-MUMBAI,38,65.0,1.0833333333333333,Short
98379,CSMT,CST-MUMBAI,BEPR,BELAPUR C.B.,38,64.0,1.0666666666666667,Short
98380,BEPR,BELAPUR C.B.,CSMT,CST-MUMBAI,38,66.0,1.1,Short
98381,CSMT,CST-MUMBAI,BEPR,BELAPUR C.B.,38,65.0,1.0833333333333333,Short
98382,BEPR,BELAPUR C.B.,CSMT,CST-MUMBAI,38,63.0,1.05,Short
98384,BEPR,BELAPUR C.B.,VDLR,MUMBAI VADAL,28,45.0,0.75,Short
98386,BEPR,BELAPUR C.B.,CSMT,CST-MUMBAI,38,63.0,1.05,Short
98388,BEPR,BELAPUR C.B.,CSMT,CST-MUMBAI,38,67.0,1.1166666666666667,Short
98390,BEPR,BELAPUR C.B.,CSMT,CST-MUMBAI,38,64.0,1.0666666666666667,Short
98392,BEPR,BELAPUR C.B.,CSMT,CST-MUMBAI,38,63.0,1.05,Short
98394,BEPR,BELAPUR C.B.,CSMT,CST-MUMBAI,38,63.0,1.05,Short
98500,VSH,VASHI,CSMT,CST-MUMBAI,28,48.0,0.8,Short
98501,CSMT,CST-MUMBAI,VSH,VASHI,28,47.0,0.7833333333333333,Short
98502,VSH,VASHI,CSMT,CST-MUMBAI,28,48.0,0.8,Short
98503,CSMT,CST-MUMBAI,VSH,VASHI,28,48.0,0.8,Short
98504,VSH,VASHI,CSMT,CST-MUMBAI,28,48.0,0.8,Short
98505,CSMT,CST-MUMBAI,VSH,VASHI,28,47.0,0.7833333333333333,Short
98506,VSH,VASHI,CSMT,CST-MUMBAI,28,48.0,0.8,Short
98507,VDLR,MUMBAI VADAL,VSH,VASHI,19,29.0,0.48333333333333334,Short
98508,VSH,VASHI,CSMT,CST-MUMBAI,28,48.0,0.8,Short
98509,CSMT,CST-MUMBAI,VSH,VASHI,28,48.0,0.8,Short
98510,VSH,VASHI,CSMT,CST-MUMBAI,28,48.0,0.8,Short
98511,CSMT,CST-MUMBAI,VSH,VASHI,28,47.0,0.7833333333333333,Short
98512,VSH,VASHI,CSMT,CST-MUMBAI,28,48.0,0.8,Short
98513,CSMT,CST-MUMBAI,VSH,VASHI,28,48.0,0.8,Short
98514,VSH,VASHI,VDLR,MUMBAI VADAL,19,30.0,0.5,Short
98515,CSMT,CST-MUMBAI,VSH,VASHI,28,47.0,0.7833333333333333,Short
98516,VSH,VASHI,CSMT,CST-MUMBAI,28,48.0,0.8,Short
98517,CSMT,CST-MUMBAI,VSH,VASHI,28,47.0,0.7833333333333333,Short
98518,VSH,VASHI,CSMT,CST-MUMBAI,28,48.0,0.8,Short
98519,CSMT,CST-MUMBAI,VSH,VASHI,28,48.0,0.8,Short
98520,VSH,VASHI,CSMT,CST-MUMBAI,28,48.0,0.8,Short
98521,CSMT,CST-MUMBAI,VSH,VASHI,28,48.0,0.8,Short
98522,VSH,VASHI,CSMT,CST-MUMBAI,28,48.0,0.8,Short
98523,CSMT,CST-MUMBAI,VSH,VASHI,28,47.0,0.7833333333333333,Short
98524,VSH,VASHI,CSMT,CST-MUMBAI,28,49.0,0.8166666666666667,Short
98525,CSMT,CST-MUMBAI,VSH,VASHI,28,47.0,0.7833333333333333,Short
98526,VSH,VASHI,CSMT,CST-MUMBAI,28,49.0,0.8166666666666667,Short
98527,VDLR,MUMBAI VADAL,VSH,VASHI,19,29.0,0.48333333333333334,Short
98528,VSH,VASHI,CSMT,CST-MUMBAI,28,48.0,0.8,Short
98529,CSMT,CST-MUMBAI,VSH,VASHI,28,47.0,0.7833333333333333,Short
98530,VSH,VASHI,CSMT,CST-MUMBAI,28,48.0,0.8,Short
98531,CSMT,CST-MUMBAI,VSH,VASHI,28,47.0,0.7833333333333333,Short
98532,VSH,VASHI,CSMT,CST-MUMBAI,28,48.0,0.8,Short
98533,CSMT,CST-MUMBAI,VSH,VASHI,28,47.0,0.7833333333333333,Short
98535,CSMT,CST-MUMBAI,VSH,VASHI,28,47.0,0.7833333333333333,Short
98537,CSMT,CST-MUMBAI,VSH,VASHI,28,47.0,0.7833333333333333,Short
98538,VSH,VASHI,VDLR,MUMBAI VADAL,19,30.0,0.5,Short
98539,CSMT,CST-MUMBAI,VSH,VASHI,28,47.0,0.7833333333333333,Short
98540,VSH,VASHI,CSMT,CST-MUMBAI,28,48.0,0.8,Short
98541,CSMT,CST-MUMBAI,VSH,VASHI,28,47.0,0.7833333333333333,Short
98543,CSMT,CST-MUMBAI,VSH,VASHI,28,48.0,0.8,Short
98544,VSH,VASHI,CSMT,CST-MUMBAI,28,48.0,0.8,Short
98545,CSMT,CST-MUMBAI,VSH,VASHI,28,49.0,0.8166666666666667,Short
98546,VSH,VASHI,VDLR,MUMBAI VADAL,19,30.0,0.5,Short
98547,CSMT,CST-MUMBAI,VSH,VASHI,28,49.0,0.8166666666666667,Short
98548,VSH,VASHI,CSMT,CST-MUMBAI,28,48.0,0.8,Short
98549,CSMT,CST-MUMBAI,VSH,VASHI,28,47.0,0.7833333333333333,Short
98550,VSH,VASHI,CSMT,CST-MUMBAI,28,48.0,0.8,Short
98551,CSMT,CST-MUMBAI,VSH,VASHI,28,48.0,0.8,Short
98552,VSH,VASHI,CSMT,CST-MUMBAI,28,48.0,0.8,Short
98553,CSMT,CST-MUMBAI,VSH,VASHI,28,49.0,0.8166666666666667,Short
98554,VSH,VASHI,CSMT,CST-MUMBAI,28,48.0,0.8,Short
98555,CSMT,CST-MUMBAI,VSH,VASHI,28,48.0,0.8,Short
98556,VSH,VASHI,CSMT,CST-MUMBAI,28,49.0,0.8166666666666667,Short
98557,CSMT,CST-MUMBAI,VSH,VASHI,28,47.0,0.7833333333333333,Short
98558,VSH,VASHI,VDLR,MUMBAI VADAL,19,30.0,0.5,Short
98559,CSMT,CST-MUMBAI,VSH,VASHI,28,47.0,0.7833333333333333,Short
98560,VSH,VASHI,CSMT,CST-MUMBAI,28,48.0,0.8,Short
98561,CSMT,CST-MUMBAI,VSH,VASHI,28,47.0,0.7833333333333333,Short
98562,VSH,VASHI,VDLR,MUMBAI VADAL,19,30.0,0.5,Short
98563,CSMT,CST-MUMBAI,VSH,VASHI,28,48.0,0.8,Short
98564,VSH,VASHI,CSMT,CST-MUMBAI,28,48.0,0.8,Short
98565,CSMT,CST-MUMBAI,VSH,VASHI,28,47.0,0.7833333333333333,Short
98566,VSH,VASHI,CSMT,CST-MUMBAI,28,48.0,0.8,Short
98567,CSMT,CST-MUMBAI,VSH,VASHI,28,47.0,0.7833333333333333,Short
98568,VSH,VASHI,CSMT,CST-MUMBAI,28,50.0,0.8333333333333334,Short
98569,CSMT,CST-MUMBAI,VSH,VASHI,28,47.0,0.7833333333333333,Short
98570,VSH,VASHI,VDLR,MUMBAI VADAL,19,32.0,0.5333333333333333,Short
98571,CSMT,CST-MUMBAI,VSH,VASHI,28,47.0,0.7833333333333333,Short
98572,VSH,VASHI,CSMT,CST-MUMBAI,28,50.0,0.8333333333333334,Short
98573,CSMT,CST-MUMBAI,VSH,VASHI,28,47.0,0.7833333333333333,Short
98574,VSH,VASHI,CSMT,CST-MUMBAI,28,48.0,0.8,Short
98575,CSMT,CST-MUMBAI,VSH,VASHI,28,47.0,0.7833333333333333,Short
98576,VSH,VASHI,CSMT,CST-MUMBAI,28,48.0,0.8,Short
98577,CSMT,CST-MUMBAI,VSH,VASHI,28,47.0,0.7833333333333333,Short
98578,VSH,VASHI,VDLR,MUMBAI VADAL,19,30.0,0.5,Short
98580,VSH,VASHI,VDLR,MUMBAI VADAL,19,31.0,0.5166666666666667,Short
98600,MNKD,MANKHURD,CSMT,CST-MUMBAI,21,41.0,0.6833333333333333,Short
98601,CSMT,CST-MUMBAI,MNKD,MANKHURD,21,44.0,0.7333333333333333,Short
98602,MNKD,MANKHURD,CSMT,CST-MUMBAI,21,41.0,0.6833333333333333,Short
98603,CSMT,CST-MUMBAI,MNKD,MANKHURD,21,44.0,0.7333333333333333,Short
98604,CMBR,CHEMBUR,CSMT,CST-MUMBAI,17,36.0,0.6,Short
98605,CSMT,CST-MUMBAI,CMBR,CHEMBUR,17,33.0,0.55,Short
98700,RVJ,RAVLI JN,CSMT,CST-MUMBAI,10,20.0,0.3333333333333333,Short
98701,CSMT,CST-MUMBAI,RVJ,RAVLI JN,10,20.0,0.3333333333333333,Short
98702,RVJ,RAVLI JN,CSMT,CST-MUMBAI,10,21.0,0.35,Short
98703,CSMT,CST-MUMBAI,RVJ,RAVLI JN,10,20.0,0.3333333333333333,Short
98704,RVJ,RAVLI JN,CSMT,CST-MUMBAI,10,21.0,0.35,Short
98705,CSMT,CST-MUMBAI,RVJ,RAVLI JN,10,20.0,0.3333333333333333,Short
98706,RVJ,RAVLI JN,CSMT,CST-MUMBAI,10,21.0,0.35,Short
98707,CSMT,CST-MUMBAI,RVJ,RAVLI JN,10,20.0,0.3333333333333333,Short
98708,RVJ,RAVLI JN,CSMT,CST-MUMBAI,10,21.0,0.35,Short
98709,CSMT,CST-MUMBAI,RVJ,RAVLI JN,10,20.0,0.3333333333333333,Short
98710,RVJ,RAVLI JN,CSMT,CST-MUMBAI,10,21.0,0.35,Short
98711,CSMT,CST-MUMBAI,RVJ,RAVLI JN,10,20.0,0.3333333333333333,Short
98712,RVJ,RAVLI JN,CSMT,CST-MUMBAI,10,21.0,0.35,Short
98713,CSMT,CST-MUMBAI,RVJ,RAVLI JN,10,20.0,0.3333333333333333,Short
98714,RVJ,RAVLI JN,CSMT,CST-MUMBAI,10,21.0,0.35,Short
98715,CSMT,CST-MUMBAI,RVJ,RAVLI JN,10,20.0,0.3333333333333333,Short
98716,RVJ,RAVLI JN,CSMT,CST-MUMBAI,10,21.0,0.35,Short
98717,CSMT,CST-MUMBAI,RVJ,RAVLI JN,10,20.0,0.3333333333333333,Short
98718,RVJ,RAVLI JN,CSMT,CST-MUMBAI,10,21.0,0.35,Short
98719,CSMT,CST-MUMBAI,RVJ,RAVLI JN,10,20.0,0.3333333333333333,Short
98720,RVJ,RAVLI JN,CSMT,CST-MUMBAI,10,21.0,0.35,Short
98721,CSMT,CST-MUMBAI,RVJ,RAVLI JN,10,20.0,0.3333333333333333,Short
98722,RVJ,RAVLI JN,CSMT,CST-MUMBAI,10,21.0,0.35,Short
98723,CSMT,CST-MUMBAI,RVJ,RAVLI JN,10,20.0,0.3333333333333333,Short
98724,RVJ,RAVLI JN,CSMT,CST-MUMBAI,10,21.0,0.35,Short
98725,CSMT,CST-MUMBAI,RVJ,RAVLI JN,10,20.0,0.3333333333333333,Short
98726,RVJ,RAVLI JN,CSMT,CST-MUMBAI,10,21.0,0.35,Short
98727,CSMT,CST-MUMBAI,RVJ,RAVLI JN,10,20.0,0.3333333333333333,Short
98728,RVJ,RAVLI JN,CSMT,CST-MUMBAI,10,21.0,0.35,Short
98729,CSMT,CST-MUMBAI,RVJ,RAVLI JN,10,20.0,0.3333333333333333,Short
98730,RVJ,RAVLI JN,CSMT,CST-MUMBAI,10,21.0,0.35,Short
98731,CSMT,CST-MUMBAI,RVJ,RAVLI JN,10,20.0,0.3333333333333333,Short
98732,RVJ,RAVLI JN,CSMT,CST-MUMBAI,10,21.0,0.35,Short
98733,CSMT,CST-MUMBAI,RVJ,RAVLI JN,10,20.0,0.3333333333333333,Short
98734,RVJ,RAVLI JN,CSMT,CST-MUMBAI,10,21.0,0.35,Short
98735,CSMT,CST-MUMBAI,RVJ,RAVLI JN,10,21.0,0.35,Short
98736,RVJ,RAVLI JN,CSMT,CST-MUMBAI,10,21.0,0.35,Short
98737,CSMT,CST-MUMBAI,RVJ,RAVLI JN,10,20.0,0.3333333333333333,Short
98738,RVJ,RAVLI JN,CSMT,CST-MUMBAI,10,21.0,0.35,Short
98739,CSMT,CST-MUMBAI,RVJ,RAVLI JN,10,20.0,0.3333333333333333,Short
98740,RVJ,RAVLI JN,CSMT,CST-MUMBAI,10,21.0,0.35,Short
98741,CSMT,CST-MUMBAI,RVJ,RAVLI JN,10,20.0,0.3333333333333333,Short
98742,RVJ,RAVLI JN,CSMT,CST-MUMBAI,10,21.0,0.35,Short
98743,CSMT,CST-MUMBAI,RVJ,RAVLI JN,10,20.0,0.3333333333333333,Short
98744,RVJ,RAVLI JN,CSMT,CST-MUMBAI,10,21.0,0.35,Short
98745,CSMT,CST-MUMBAI,RVJ,RAVLI JN,10,20.0,0.3333333333333333,Short
98746,RVJ,RAVLI JN,CSMT,CST-MUMBAI,10,20.0,0.3333333333333333,Short
98747,CSMT,CST-MUMBAI,RVJ,RAVLI JN,10,20.0,0.3333333333333333,Short
98748,RVJ,RAVLI JN,CSMT,CST-MUMBAI,10,20.0,0.3333333333333333,Short
98749,CSMT,CST-MUMBAI,RVJ,RAVLI JN,10,20.0,0.3333333333333333,Short
98750,RVJ,RAVLI JN,CSMT,CST-MUMBAI,10,21.0,0.35,Short
98751,CSMT,CST-MUMBAI,RVJ,RAVLI JN,10,20.0,0.3333333333333333,Short
98752,RVJ,RAVLI JN,CSMT,CST-MUMBAI,10,21.0,0.35,Short
98753,CSMT,CST-MUMBAI,RVJ,RAVLI JN,10,20.0,0.3333333333333333,Short
98754,RVJ,RAVLI JN,CSMT,CST-MUMBAI,10,21.0,0.35,Short
98755,CSMT,CST-MUMBAI,RVJ,RAVLI JN,10,20.0,0.3333333333333333,Short
98756,RVJ,RAVLI JN,CSMT,CST-MUMBAI,10,21.0,0.35,Short
98757,CSMT,CST-MUMBAI,RVJ,RAVLI JN,10,20.0,0.3333333333333333,Short
98758,RVJ,RAVLI JN,CSMT,CST-MUMBAI,10,21.0,0.35,Short
98759,CSMT,CST-MUMBAI,RVJ,RAVLI JN,10,20.0,0.3333333333333333,Short
98760,RVJ,RAVLI JN,CSMT,CST-MUMBAI,10,20.0,0.3333333333333333,Short
98761,CSMT,CST-MUMBAI,RVJ,RAVLI JN,10,20.0,0.3333333333333333,Short
98762,RVJ,RAVLI JN,CSMT,CST-MUMBAI,10,21.0,0.35,Short
98763,CSMT,CST-MUMBAI,RVJ,RAVLI JN,10,20.0,0.3333333333333333,Short
98764,RVJ,RAVLI JN,CSMT,CST-MUMBAI,10,20.0,0.3333333333333333,Short
98765,CSMT,CST-MUMBAI,RVJ,RAVLI JN,10,20.0,0.3333333333333333,Short
98766,RVJ,RAVLI JN,CSMT,CST-MUMBAI,10,20.0,0.3333333333333333,Short
98767,CSMT,CST-MUMBAI,RVJ,RAVLI JN,10,20.0,0.3333333333333333,Short
98768,RVJ,RAVLI JN,CSMT,CST-MUMBAI,10,22.0,0.36666666666666664,Short
98769,CSMT,CST-MUMBAI,RVJ,RAVLI JN,10,20.0,0.3333333333333333,Short
98770,RVJ,RAVLI JN,CSMT,CST-MUMBAI,10,21.0,0.35,Short
98771,CSMT,CST-MUMBAI,RVJ,RAVLI JN,10,20.0,0.3333333333333333,Short
98772,RVJ,RAVLI JN,CSMT,CST-MUMBAI,10,20.0,0.3333333333333333,Short
98773,CSMT,CST-MUMBAI,RVJ,RAVLI JN,10,21.0,0.35,Short
98774,RVJ,RAVLI JN,CSMT,CST-MUMBAI,10,20.0,0.3333333333333333,Short
98775,CSMT,CST-MUMBAI,RVJ,RAVLI JN,10,20.0,0.3333333333333333,Short
98776,RVJ,RAVLI JN,CSMT,CST-MUMBAI,10,20.0,0.3333333333333333,Short
98777,CSMT,CST-MUMBAI,RVJ,RAVLI JN,10,20.0,0.3333333333333333,Short
98778,RVJ,RAVLI JN,CSMT,CST-MUMBAI,10,20.0,0.3333333333333333,Short
98779,CSMT,CST-MUMBAI,RVJ,RAVLI JN,10,20.0,0.3333333333333333,Short
98780,RVJ,RAVLI JN,CSMT,CST-MUMBAI,10,20.0,0.3333333333333333,Short
98781,CSMT,CST-MUMBAI,RVJ,RAVLI JN,10,20.0,0.3333333333333333,Short
98782,RVJ,RAVLI JN,CSMT,CST-MUMBAI,10,20.0,0.3333333333333333,Short
98783,CSMT,CST-MUMBAI,RVJ,RAVLI JN,10,20.0,0.3333333333333333,Short
98784,RVJ,RAVLI JN,CSMT,CST-MUMBAI,10,20.0,0.3333333333333333,Short
98785,CSMT,CST-MUMBAI,RVJ,RAVLI JN,10,20.0,0.3333333333333333,Short
98800,RVJ,RAVLI JN,CSMT,CST-MUMBAI,10,21.0,0.35,Short
98801,CSMT,CST-MUMBAI,RVJ,RAVLI JN,10,28.0,0.4666666666666667,Short
98802,RVJ,RAVLI JN,CSMT,CST-MUMBAI,10,21.0,0.35,Short
98803,CSMT,CST-MUMBAI,RVJ,RAVLI JN,10,28.0,0.4666666666666667,Short
98804,RVJ,RAVLI JN,CSMT,CST-MUMBAI,10,21.0,0.35,Short
98805,CSMT,CST-MUMBAI,RVJ,RAVLI JN,10,20.0,0.3333333333333333,Short
98806,RVJ,RAVLI JN,CSMT,CST-MUMBAI,10,21.0,0.35,Short
98807,CSMT,CST-MUMBAI,RVJ,RAVLI JN,10,20.0,0.3333333333333333,Short
98808,RVJ,RAVLI JN,CSMT,CST-MUMBAI,10,21.0,0.35,Short
98809,CSMT,CST-MUMBAI,RVJ,RAVLI JN,10,20.0,0.3333333333333333,Short
98810,RVJ,RAVLI JN,CSMT,CST-MUMBAI,10,21.0,0.35,Short
98811,CSMT,CST-MUMBAI,RVJ,RAVLI JN,10,20.0,0.3333333333333333,Short
98812,RVJ,RAVLI JN,CSMT,CST-MUMBAI,10,21.0,0.35,Short
98813,CSMT,CST-MUMBAI,RVJ,RAVLI JN,10,20.0,0.3333333333333333,Short
98814,RVJ,RAVLI JN,CSMT,CST-MUMBAI,10,21.0,0.35,Short
98815,CSMT,CST-MUMBAI,RVJ,RAVLI JN,10,21.0,0.35,Short
98816,RVJ,RAVLI JN,CSMT,CST-MUMBAI,10,21.0,0.35,Short
98817,CSMT,CST-MUMBAI,RVJ,RAVLI JN,10,20.0,0.3333333333333333,Short
98818,RVJ,RAVLI JN,CSMT,CST-MUMBAI,10,21.0,0.35,Short
98819,CSMT,CST-MUMBAI,RVJ,RAVLI JN,10,20.0,0.3333333333333333,Short
98820,RVJ,RAVLI JN,CSMT,CST-MUMBAI,10,21.0,0.35,Short
98821,CSMT,CST-MUMBAI,RVJ,RAVLI JN,10,20.0,0.3333333333333333,Short
98822,RVJ,RAVLI JN,CSMT,CST-MUMBAI,10,21.0,0.35,Short
98823,CSMT,CST-MUMBAI,RVJ,RAVLI JN,10,20.0,0.3333333333333333,Short
98824,RVJ,RAVLI JN,CSMT,CST-MUMBAI,10,21.0,0.35,Short
98825,CSMT,CST-MUMBAI,RVJ,RAVLI JN,10,20.0,0.3333333333333333,Short
98826,RVJ,RAVLI JN,CSMT,CST-MUMBAI,10,22.0,0.36666666666666664,Short
98827,CSMT,CST-MUMBAI,RVJ,RAVLI JN,10,20.0,0.3333333333333333,Short
98828,RVJ,RAVLI JN,CSMT,CST-MUMBAI,10,21.0,0.35,Short
98829,CSMT,CST-MUMBAI,RVJ,RAVLI JN,10,20.0,0.3333333333333333,Short
98830,RVJ,RAVLI JN,CSMT,CST-MUMBAI,10,21.0,0.35,Short
98831,CSMT,CST-MUMBAI,RVJ,RAVLI JN,10,20.0,0.3333333333333333,Short
98832,RVJ,RAVLI JN,CSMT,CST-MUMBAI,10,21.0,0.35,Short
98833,CSMT,CST-MUMBAI,RVJ,RAVLI JN,10,20.0,0.3333333333333333,Short
98834,RVJ,RAVLI JN,CSMT,CST-MUMBAI,10,21.0,0.35,Short
98835,CSMT,CST-MUMBAI,RVJ,RAVLI JN,10,22.0,0.36666666666666664,Short
98836,RVJ,RAVLI JN,CSMT,CST-MUMBAI,10,21.0,0.35,Short
98837,CSMT,CST-MUMBAI,RVJ,RAVLI JN,10,20.0,0.3333333333333333,Short
98838,RVJ,RAVLI JN,CSMT,CST-MUMBAI,10,21.0,0.35,Short
98839,CSMT,CST-MUMBAI,RVJ,RAVLI JN,10,20.0,0.3333333333333333,Short
98840,RVJ,RAVLI JN,CSMT,CST-MUMBAI,10,21.0,0.35,Short
98841,CSMT,CST-MUMBAI,RVJ,RAVLI JN,10,20.0,0.3333333333333333,Short
98842,RVJ,RAVLI JN,CSMT,CST-MUMBAI,10,21.0,0.35,Short
98843,CSMT,CST-MUMBAI,RVJ,RAVLI JN,10,20.0,0.3333333333333333,Short
98844,RVJ,RAVLI JN,CSMT,CST-MUMBAI,10,21.0,0.35,Short
98845,CSMT,CST-MUMBAI,RVJ,RAVLI JN,10,20.0,0.3333333333333333,Short
98846,RVJ,RAVLI JN,CSMT,CST-MUMBAI,10,21.0,0.35,Short
98847,CSMT,CST-MUMBAI,RVJ,RAVLI JN,10,20.0,0.3333333333333333,Short
98848,RVJ,RAVLI JN,CSMT,CST-MUMBAI,10,21.0,0.35,Short
98849,CSMT,CST-MUMBAI,RVJ,RAVLI JN,10,20.0,0.3333333333333333,Short
98850,RVJ,RAVLI JN,CSMT,CST-MUMBAI,10,20.0,0.3333333333333333,Short
98851,CSMT,CST-MUMBAI,RVJ,RAVLI JN,10,20.0,0.3333333333333333,Short
98852,RVJ,RAVLI JN,CSMT,CST-MUMBAI,10,21.0,0.35,Short
98853,CSMT,CST-MUMBAI,RVJ,RAVLI JN,10,20.0,0.3333333333333333,Short
98854,RVJ,RAVLI JN,CSMT,CST-MUMBAI,10,21.0,0.35,Short
98855,CSMT,CST-MUMBAI,RVJ,RAVLI JN,10,20.0,0.3333333333333333,Short
98856,RVJ,RAVLI JN,CSMT,CST-MUMBAI,10,22.0,0.36666666666666664,Short
98857,CSMT,CST-MUMBAI,RVJ,RAVLI JN,10,20.0,0.3333333333333333,Short
98858,RVJ,RAVLI JN,CSMT,CST-MUMBAI,10,22.0,0.36666666666666664,Short
98859,CSMT,CST-MUMBAI,RVJ,RAVLI JN,10,20.0,0.3333333333333333,Short
98860,RVJ,RAVLI JN,CSMT,CST-MUMBAI,10,21.0,0.35,Short
98861,CSMT,CST-MUMBAI,RVJ,RAVLI JN,10,20.0,0.3333333333333333,Short
98862,RVJ,RAVLI JN,CSMT,CST-MUMBAI,10,21.0,0.35,Short
98863,CSMT,CST-MUMBAI,RVJ,RAVLI JN,10,20.0,0.3333333333333333,Short
98864,RVJ,RAVLI JN,CSMT,CST-MUMBAI,10,21.0,0.35,Short
98865,CSMT,CST-MUMBAI,RVJ,RAVLI JN,10,22.0,0.36666666666666664,Short
98866,RVJ,RAVLI JN,CSMT,CST-MUMBAI,10,21.0,0.35,Short
98867,CSMT,CST-MUMBAI,RVJ,RAVLI JN,10,20.0,0.3333333333333333,Short
98868,RVJ,RAVLI JN,CSMT,CST-MUMBAI,10,21.0,0.35,Short
98869,CSMT,CST-MUMBAI,RVJ,RAVLI JN,10,20.0,0.3333333333333333,Short
98870,RVJ,RAVLI JN,CSMT,CST-MUMBAI,10,21.0,0.35,Short
98871,CSMT,CST-MUMBAI,RVJ,RAVLI JN,10,20.0,0.3333333333333333,Short
98872,RVJ,RAVLI JN,CSMT,CST-MUMBAI,10,21.0,0.35,Short
98873,CSMT,CST-MUMBAI,RVJ,RAVLI JN,10,22.0,0.36666666666666664,Short
98874,RVJ,RAVLI JN,CSMT,CST-MUMBAI,10,22.0,0.36666666666666664,Short
98875,CSMT,CST-MUMBAI,RVJ,RAVLI JN,10,20.0,0.3333333333333333,Short
98876,RVJ,RAVLI JN,CSMT,CST-MUMBAI,10,20.0,0.3333333333333333,Short
98877,CSMT,CST-MUMBAI,RVJ,RAVLI JN,10,20.0,0.3333333333333333,Short
98878,RVJ,RAVLI JN,CSMT,CST-MUMBAI,10,20.0,0.3333333333333333,Short
98879,CSMT,CST-MUMBAI,RVJ,RAVLI JN,10,21.0,0.35,Short
98880,RVJ,RAVLI JN,CSMT,CST-MUMBAI,10,20.0,0.3333333333333333,Short
98881,CSMT,CST-MUMBAI,RVJ,RAVLI JN,10,20.0,0.3333333333333333,Short
98882,RVJ,RAVLI JN,CSMT,CST-MUMBAI,10,20.0,0.3333333333333333,Short
98883,CSMT,CST-MUMBAI,RVJ,RAVLI JN,10,20.0,0.3333333333333333,Short
98884,RVJ,RAVLI JN,CSMT,CST-MUMBAI,10,20.0,0.3333333333333333,Short
98885,CSMT,CST-MUMBAI,RVJ,RAVLI JN,10,20.0,0.3333333333333333,Short
98886,RVJ,RAVLI JN,CSMT,CST-MUMBAI,10,20.0,0.3333333333333333,Short
98887,CSMT,CST-MUMBAI,RVJ,RAVLI JN,10,20.0,0.3333333333333333,Short
98900,RVJ,RAVLI JN,PNVL,PANVEL,40,66.0,1.1,Short
98901,PNVL,PANVEL,VDLR,MUMBAI VADAL,39,60.0,1.0,Short
98902,RVJ,RAVLI JN,PNVL,PANVEL,40,70.0,1.1666666666666667,Short
98903,PNVL,PANVEL,VDLR,MUMBAI VADAL,39,59.0,0.9833333333333333,Short
98904,RVJ,RAVLI JN,PNVL,PANVEL,40,69.0,1.15,Short
98905,PNVL,PANVEL,VDLR,MUMBAI VADAL,39,59.0,0.9833333333333333,Short
98906,RVJ,RAVLI JN,PNVL,PANVEL,40,66.0,1.1,Short
98907,PNVL,PANVEL,VDLR,MUMBAI VADAL,39,59.0,0.9833333333333333,Short
98908,RVJ,RAVLI JN,PNVL,PANVEL,40,68.0,1.1333333333333333,Short
98909,PNVL,PANVEL,VDLR,MUMBAI VADAL,39,60.0,1.0,Short
98910,RVJ,RAVLI JN,PNVL,PANVEL,40,67.0,1.1166666666666667,Short
98911,PNVL,PANVEL,VDLR,MUMBAI VADAL,39,59.0,0.9833333333333333,Short
98912,RVJ,RAVLI JN,PNVL,PANVEL,40,70.0,1.1666666666666667,Short
98913,PNVL,PANVEL,RVJ,RAVLI JN,40,70.0,1.1666666666666667,Short
98914,RVJ,RAVLI JN,PNVL,PANVEL,40,68.0,1.1333333333333333,Short
98915,PNVL,PANVEL,RVJ,RAVLI JN,40,72.0,1.2,Short
98916,RVJ,RAVLI JN,PNVL,PANVEL,40,66.0,1.1,Short
98917,PNVL,PANVEL,RVJ,RAVLI JN,40,70.0,1.1666666666666667,Short
99000,PNVL,PANVEL,TNA,THANE,34,54.0,0.9,Short
99001,TNA,THANE,PNVL,PANVEL,34,53.0,0.8833333333333333,Short
99002,PNVL,PANVEL,TNA,THANE,34,53.0,0.8833333333333333,Short
99003,TNA,THANE,PNVL,PANVEL,34,53.0,0.8833333333333333,Short
99004,PNVL,PANVEL,TNA,THANE,34,53.0,0.8833333333333333,Short
99005,TNA,THANE,PNVL,PANVEL,34,53.0,0.8833333333333333,Short
99006,PNVL,PANVEL,TNA,THANE,34,56.0,0.9333333333333333,Short
99007,TNA,THANE,PNVL,PANVEL,34,49.0,0.8166666666666667,Short
99008,PNVL,PANVEL,TNA,THANE,34,53.0,0.8833333333333333,Short
99009,TNA,THANE,PNVL,PANVEL,34,53.0,0.8833333333333333,Short
99010,PNVL,PANVEL,TNA,THANE,34,46.0,0.7666666666666667,Short
99011,TNA,THANE,PNVL,PANVEL,34,53.0,0.8833333333333333,Short
99012,PNVL,PANVEL,TNA,THANE,34,54.0,0.9,Short
99013,TNA,THANE,PNVL,PANVEL,34,53.0,0.8833333333333333,Short
99014,PNVL,PANVEL,TNA,THANE,34,54.0,0.9,Short
99015,TNA,THANE,PNVL,PANVEL,34,55.0,0.9166666666666666,Short
99016,PNVL,PANVEL,TNA,THANE,34,53.0,0.8833333333333333,Short
99017,TNA,THANE,PNVL,PANVEL,34,53.0,0.8833333333333333,Short
99018,PNVL,PANVEL,TNA,THANE,34,53.0,0.8833333333333333,Short
99019,TNA,THANE,PNVL,PANVEL,34,53.0,0.8833333333333333,Short
99020,PNVL,PANVEL,TNA,THANE,34,53.0,0.8833333333333333,Short
99021,TNA,THANE,PNVL,PANVEL,34,56.0,0.9333333333333333,Short
99022,PNVL,PANVEL,TNA,THANE,34,53.0,0.8833333333333333,Short
99023,TNA,THANE,PNVL,PANVEL,34,53.0,0.8833333333333333,Short
99024,PNVL,PANVEL,TNA,THANE,34,53.0,0.8833333333333333,Short
99025,TNA,THANE,PNVL,PANVEL,34,53.0,0.8833333333333333,Short
99026,PNVL,PANVEL,TNA,THANE,34,53.0,0.8833333333333333,Short
99027,TNA,THANE,PNVL,PANVEL,34,53.0,0.8833333333333333,Short
99028,PNVL,PANVEL,TNA,THANE,34,53.0,0.8833333333333333,Short
99029,TNA,THANE,PNVL,PANVEL,34,53.0,0.8833333333333333,Short
99030,PNVL,PANVEL,TNA,THANE,34,53.0,0.8833333333333333,Short
99031,TNA,THANE,PNVL,PANVEL,34,53.0,0.8833333333333333,Short
99032,PNVL,PANVEL,TNA,THANE,34,53.0,0.8833333333333333,Short
99033,TNA,THANE,PNVL,PANVEL,34,49.0,0.8166666666666667,Short
99034,PNVL,PANVEL,TNA,THANE,34,46.0,0.7666666666666667,Short
99035,TNA,THANE,PNVL,PANVEL,34,53.0,0.8833333333333333,Short
99036,PNVL,PANVEL,TNA,THANE,34,53.0,0.8833333333333333,Short
99037,TNA,THANE,PNVL,PANVEL,34,54.0,0.9,Short
99038,PNVL,PANVEL,TNA,THANE,34,53.0,0.8833333333333333,Short
99039,TNA,THANE,PNVL,PANVEL,34,53.0,0.8833333333333333,Short
99040,PNVL,PANVEL,TNA,THANE,34,53.0,0.8833333333333333,Short
99041,TNA,THANE,PNVL,PANVEL,34,53.0,0.8833333333333333,Short
99042,PNVL,PANVEL,TNA,THANE,34,53.0,0.8833333333333333,Short
99100,BEPR,BELAPUR C.B.,TNA,THANE,23,40.0,0.6666666666666666,Short
99101,TNA,THANE,BEPR,BELAPUR C.B.,23,39.0,0.65,Short
99102,BEPR,BELAPUR C.B.,TNA,THANE,23,39.0,0.65,Short
99103,TNA,THANE,BEPR,BELAPUR C.B.,23,39.0,0.65,Short
99104,BEPR,BELAPUR C.B.,TNA,THANE,23,39.0,0.65,Short
99105,TNA,THANE,BEPR,BELAPUR C.B.,23,40.0,0.6666666666666666,Short
99107,TNA,THANE,BEPR,BELAPUR C.B.,23,40.0,0.6666666666666666,Short
99200,NEU,NERUL,TNA,THANE,20,32.0,0.5333333333333333,Short
99201,TNA,THANE,NEU,NERUL,20,32.0,0.5333333333333333,Short
99202,NEU,NERUL,TNA,THANE,20,32.0,0.5333333333333333,Short
99203,TNA,THANE,NEU,NERUL,20,32.0,0.5333333333333333,Short
99204,NEU,NERUL,TNA,THANE,20,32.0,0.5333333333333333,Short
99205,TNA,THANE,NEU,NERUL,20,32.0,0.5333333333333333,Short
99206,NEU,NERUL,TNA,THANE,20,32.0,0.5333333333333333,Short
99207,TNA,THANE,NEU,NERUL,20,32.0,0.5333333333333333,Short
99208,NEU,NERUL,TNA,THANE,20,32.0,0.5333333333333333,Short
99209,TNA,THANE,NEU,NERUL,20,32.0,0.5333333333333333,Short
99210,NEU,NERUL,TNA,THANE,20,32.0,0.5333333333333333,Short
99211,TNA,THANE,NEU,NERUL,20,32.0,0.5333333333333333,Short
99212,NEU,NERUL,TNA,THANE,20,32.0,0.5333333333333333,Short
99213,TNA,THANE,NEU,NERUL,20,32.0,0.5333333333333333,Short
99214,NEU,NERUL,TNA,THANE,20,32.0,0.5333333333333333,Short
99215,TNA,THANE,NEU,NERUL,20,32.0,0.5333333333333333,Short
99216,NEU,NERUL,TNA,THANE,20,32.0,0.5333333333333333,Short
99217,TNA,THANE,NEU,NERUL,20,32.0,0.5333333333333333,Short
99218,NEU,NERUL,TNA,THANE,20,32.0,0.5333333333333333,Short
99219,TNA,THANE,NEU,NERUL,20,32.0,0.5333333333333333,Short
99220,NEU,NERUL,TNA,THANE,20,33.0,0.55,Short
99221,TNA,THANE,NEU,NERUL,20,32.0,0.5333333333333333,Short
99222,NEU,NERUL,TNA,THANE,20,32.0,0.5333333333333333,Short
99223,TNA,THANE,NEU,NERUL,20,32.0,0.5333333333333333,Short
99224,NEU,NERUL,TNA,THANE,20,32.0,0.5333333333333333,Short
99225,TNA,THANE,NEU,NERUL,20,32.0,0.5333333333333333,Short
99226,NEU,NERUL,TNA,THANE,20,32.0,0.5333333333333333,Short
99227,TNA,THANE,NEU,NERUL,20,32.0,0.5333333333333333,Short
99228,NEU,NERUL,TNA,THANE,20,32.0,0.5333333333333333,Short
99229,TNA,THANE,NEU,NERUL,20,32.0,0.5333333333333333,Short
99230,NEU,NERUL,TNA,THANE,20,34.0,0.5666666666666667,Short
99231,TNA,THANE,NEU,NERUL,20,32.0,0.5333333333333333,Short
99232,NEU,NERUL,TNA,THANE,20,32.0,0.5333333333333333,Short
99233,TNA,THANE,NEU,NERUL,20,32.0,0.5333333333333333,Short
99234,NEU,NERUL,TNA,THANE,20,32.0,0.5333333333333333,Short
99235,TNA,THANE,NEU,NERUL,20,32.0,0.5333333333333333,Short
99236,NEU,NERUL,TNA,THANE,20,32.0,0.5333333333333333,Short
99237,TNA,THANE,NEU,NERUL,20,32.0,0.5333333333333333,Short
99238,NEU,NERUL,TNA,THANE,20,32.0,0.5333333333333333,Short
99239,TNA,THANE,NEU,NERUL,20,32.0,0.5333333333333333,Short
99240,NEU,NERUL,TNA,THANE,20,32.0,0.5333333333333333,Short
99241,TNA,THANE,NEU,NERUL,20,32.0,0.5333333333333333,Short
99242,NEU,NERUL,TNA,THANE,20,32.0,0.5333333333333333,Short
99243,TNA,THANE,NEU,NERUL,20,32.0,0.5333333333333333,Short
99244,NEU,NERUL,TNA,THANE,20,32.0,0.5333333333333333,Short
99245,TNA,THANE,NEU,NERUL,20,32.0,0.5333333333333333,Short
99246,NEU,NERUL,TNA,THANE,20,32.0,0.5333333333333333,Short
99247,TNA,THANE,NEU,NERUL,20,32.0,0.5333333333333333,Short
99248,NEU,NERUL,TNA,THANE,20,33.0,0.55,Short
99249,TNA,THANE,NEU,NERUL,20,32.0,0.5333333333333333,Short
99250,NEU,NERUL,TNA,THANE,20,32.0,0.5333333333333333,Short
99251,TNA,THANE,NEU,NERUL,20,32.0,0.5333333333333333,Short
99252,NEU,NERUL,TNA,THANE,20,32.0,0.5333333333333333,Short
99253,TNA,THANE,NEU,NERUL,20,32.0,0.5333333333333333,Short
99254,NEU,NERUL,TNA,THANE,20,32.0,0.5333333333333333,Short
99255,TNA,THANE,NEU,NERUL,20,32.0,0.5333333333333333,Short
99400,VSH,VASHI,TNA,THANE,18,28.0,0.4666666666666667,Short
99401,TNA,THANE,VSH,VASHI,18,28.0,0.4666666666666667,Short
99402,VSH,VASHI,TNA,THANE,18,28.0,0.4666666666666667,Short
99403,TNA,THANE,VSH,VASHI,18,28.0,0.4666666666666667,Short
99404,VSH,VASHI,TNA,THANE,18,28.0,0.4666666666666667,Short
99405,TNA,THANE,VSH,VASHI,18,28.0,0.4666666666666667,Short
99406,VSH,VASHI,TNA,THANE,18,28.0,0.4666666666666667,Short
99407,TNA,THANE,VSH,VASHI,18,28.0,0.4666666666666667,Short
99408,VSH,VASHI,TNA,THANE,18,28.0,0.4666666666666667,Short
99409,TNA,THANE,VSH,VASHI,18,28.0,0.4666666666666667,Short
99410,VSH,VASHI,TNA,THANE,18,28.0,0.4666666666666667,Short
99411,TNA,THANE,VSH,VASHI,18,28.0,0.4666666666666667,Short
99412,VSH,VASHI,TNA,THANE,18,28.0,0.4666666666666667,Short
99413,TNA,THANE,VSH,VASHI,18,28.0,0.4666666666666667,Short
99414,VSH,VASHI,TNA,THANE,18,28.0,0.4666666666666667,Short
99415,TNA,THANE,VSH,VASHI,18,28.0,0.4666666666666667,Short
99416,VSH,VASHI,TNA,THANE,18,28.0,0.4666666666666667,Short
99417,TNA,THANE,VSH,VASHI,18,28.0,0.4666666666666667,Short
99418,VSH,VASHI,TNA,THANE,18,28.0,0.4666666666666667,Short
99419,TNA,THANE,VSH,VASHI,18,28.0,0.4666666666666667,Short
99420,VSH,VASHI,TNA,THANE,18,29.0,0.48333333333333334,Short
99421,TNA,THANE,VSH,VASHI,18,28.0,0.4666666666666667,Short
99422,VSH,VASHI,TNA,THANE,18,28.0,0.4666666666666667,Short
99423,TNA,THANE,VSH,VASHI,18,28.0,0.4666666666666667,Short
99424,VSH,VASHI,TNA,THANE,18,28.0,0.4666666666666667,Short
99425,TNA,THANE,VSH,VASHI,18,28.0,0.4666666666666667,Short
99426,VSH,VASHI,TNA,THANE,18,29.0,0.48333333333333334,Short
99427,TNA,THANE,VSH,VASHI,18,28.0,0.4666666666666667,Short
99428,VSH,VASHI,TNA,THANE,18,28.0,0.4666666666666667,Short
99429,TNA,THANE,VSH,VASHI,18,29.0,0.48333333333333334,Short
99430,VSH,VASHI,TNA,THANE,18,28.0,0.4666666666666667,Short
99431,TNA,THANE,VSH,VASHI,18,28.0,0.4666666666666667,Short
99432,VSH,VASHI,TNA,THANE,18,28.0,0.4666666666666667,Short
99433,TNA,THANE,VSH,VASHI,18,28.0,0.4666666666666667,Short
99434,VSH,VASHI,TNA,THANE,18,28.0,0.4666666666666667,Short
99435,TNA,THANE,VSH,VASHI,18,28.0,0.4666666666666667,Short
99436,VSH,VASHI,TNA,THANE,18,28.0,0.4666666666666667,Short
99437,TNA,THANE,VSH,VASHI,18,28.0,0.4666666666666667,Short
99438,VSH,VASHI,TNA,THANE,18,28.0,0.4666666666666667,Short
99439,TNA,THANE,VSH,VASHI,18,28.0,0.4666666666666667,Short
99440,VSH,VASHI,TNA,THANE,18,28.0,0.4666666666666667,Short
99441,TNA,THANE,VSH,VASHI,18,28.0,0.4666666666666667,Short
99442,VSH,VASHI,TNA,THANE,18,28.0,0.4666666666666667,Short
99443,TNA,THANE,VSH,VASHI,18,28.0,0.4666666666666667,Short
99444,VSH,VASHI,TNA,THANE,18,28.0,0.4666666666666667,Short
99445,TNA,THANE,VSH,VASHI,18,28.0,0.4666666666666667,Short
99446,VSH,VASHI,TNA,THANE,18,28.0,0.4666666666666667,Short
99447,TNA,THANE,VSH,VASHI,18,29.0,0.48333333333333334,Short
99448,VSH,VASHI,TNA,THANE,18,28.0,0.4666666666666667,Short
99449,TNA,THANE,VSH,VASHI,18,29.0,0.48333333333333334,Short
99450,VSH,VASHI,TNA,THANE,18,28.0,0.4666666666666667,Short
99451,TNA,THANE,VSH,VASHI,18,29.0,0.48333333333333334,Short
99452,VSH,VASHI,TNA,THANE,18,28.0,0.4666666666666667,Short
99453,TNA,THANE,VSH,VASHI,18,29.0,0.48333333333333334,Short
99454,VSH,VASHI,TNA,THANE,18,28.0,0.4666666666666667,Short
99455,TNA,THANE,VSH,VASHI,18,28.0,0.4666666666666667,Short
99456,VSH,VASHI,TNA,THANE,18,28.0,0.4666666666666667,Short
99457,TNA,THANE,VSH,VASHI,18,28.0,0.4666666666666667,Short
99458,VSH,VASHI,TNA,THANE,18,28.0,0.4666666666666667,Short
99459,TNA,THANE,VSH,VASHI,18,28.0,0.4666666666666667,Short
99460,VSH,VASHI,TNA,THANE,18,28.0,0.4666666666666667,Short
99461,TNA,THANE,VSH,VASHI,18,28.0,0.4666666666666667,Short
99462,VSH,VASHI,TNA,THANE,18,28.0,0.4666666666666667,Short
99463,TNA,THANE,VSH,VASHI,18,28.0,0.4666666666666667,Short
99464,VSH,VASHI,TNA,THANE,18,28.0,0.4666666666666667,Short
99465,TNA,THANE,VSH,VASHI,18,28.0,0.4666666666666667,Short
99466,VSH,VASHI,TNA,THANE,18,28.0,0.4666666666666667,Short
99467,TNA,THANE,VSH,VASHI,18,29.0,0.48333333333333334,Short
99468,VSH,VASHI,TNA,THANE,18,28.0,0.4666666666666667,Short
99469,TNA,THANE,VSH,VASHI,18,28.0,0.4666666666666667,Short
99470,VSH,VASHI,TNA,THANE,18,28.0,0.4666666666666667,Short
99471,TNA,THANE,VSH,VASHI,18,28.0,0.4666666666666667,Short
99472,VSH,VASHI,TNA,THANE,18,28.0,0.4666666666666667,Short
99473,TNA,THANE,VSH,VASHI,18,28.0,0.4666666666666667,Short
99474,VSH,VASHI,TNA,THANE,18,28.0,0.4666666666666667,Short
99475,TNA,THANE,VSH,VASHI,18,28.0,0.4666666666666667,Short
99476,VSH,VASHI,TNA,THANE,18,28.0,0.4666666666666667,Short
99477,TNA,THANE,VSH,VASHI,18,28.0,0.4666666666666667,Short
99478,VSH,VASHI,TNA,THANE,18,28.0,0.4666666666666667,Short
99479,TNA,THANE,VSH,VASHI,18,28.0,0.4666666666666667,Short
99480,VSH,VASHI,TNA,THANE,18,28.0,0.4666666666666667,Short
99481,TNA,THANE,VSH,VASHI,18,28.0,0.4666666666666667,Short
99482,VSH,VASHI,TNA,THANE,18,28.0,0.4666666666666667,Short
99483,TNA,THANE,VSH,VASHI,18,28.0,0.4666666666666667,Short
99484,VSH,VASHI,TNA,THANE,18,28.0,0.4666666666666667,Short
99485,TNA,THANE,VSH,VASHI,18,28.0,0.4666666666666667,Short
99486,VSH,VASHI,TNA,THANE,18,28.0,0.4666666666666667,Short
99487,TNA,THANE,VSH,VASHI,18,28.0,0.4666666666666667,Short
99488,VSH,VASHI,TNA,THANE,18,28.0,0.4666666666666667,Short
99489,TNA,THANE,VSH,VASHI,18,30.0,0.5,Short
99490,VSH,VASHI,TNA,THANE,18,29.0,0.48333333333333334,Short
99491,TNA,THANE,VSH,VASHI,18,28.0,0.4666666666666667,Short
99492,VSH,VASHI,TNA,THANE,18,28.0,0.4666666666666667,Short
99493,TNA,THANE,VSH,VASHI,18,28.0,0.4666666666666667,Short
99494,VSH,VASHI,TNA,THANE,18,28.0,0.4666666666666667,Short
99495,TNA,THANE,VSH,VASHI,18,89.0,1.4833333333333334,Short
99496,VSH,VASHI,TNA,THANE,18,28.0,0.4666666666666667,Short
99497,TNA,THANE,VSH,VASHI,18,29.0,0.48333333333333334,Short
99498,VSH,VASHI,TNA,THANE,18,28.0,0.4666666666666667,Short
99499,TNA,THANE,VSH,VASHI,18,29.0,0.48333333333333334,Short
99500,VSH,VASHI,TNA,THANE,18,28.0,0.4666666666666667,Short
99501,TNA,THANE,VSH,VASHI,18,29.0,0.48333333333333334,Short
99502,VSH,VASHI,TNA,THANE,18,28.0,0.4666666666666667,Short
99503,TNA,THANE,VSH,VASHI,18,29.0,0.48333333333333334,Short
99801,LNL,LONAVLA,PUNE,PUNE JN.,63,80.0,1.3333333333333333,Short
99802,PUNE,PUNE JN.,LNL,LONAVLA,63,100.0,1.6666666666666667,Short
99803,LNL,LONAVLA,PUNE,PUNE JN.,63,85.0,1.4166666666666667,Short
99804,PUNE,PUNE JN.,LNL,LONAVLA,63,80.0,1.3333333333333333,Short
99805,LNL,LONAVLA,PUNE,PUNE JN.,63,85.0,1.4166666666666667,Short
99806,PUNE,PUNE JN.,LNL,LONAVLA,63,85.0,1.4166666666666667,Short
99807,LNL,LONAVLA,PUNE,PUNE JN.,63,85.0,1.4166666666666667,Short
99808,PUNE,PUNE JN.,LNL,LONAVLA,63,85.0,1.4166666666666667,Short
99809,LNL,LONAVLA,PUNE,PUNE JN.,63,105.0,1.75,Short
99810,PUNE,PUNE JN.,LNL,LONAVLA,63,85.0,1.4166666666666667,Short
99811,LNL,LONAVLA,PUNE,PUNE JN.,63,85.0,1.4166666666666667,Short
99812,PUNE,PUNE JN.,LNL,LONAVLA,63,85.0,1.4166666666666667,Short
99813,LNL,LONAVLA,PUNE,PUNE JN.,63,85.0,1.4166666666666667,Short
99814,SVJR,SHIVAJINAGAR,LNL,LONAVLA,61,78.0,1.3,Short
99815,LNL,LONAVLA,PUNE,PUNE JN.,63,85.0,1.4166666666666667,Short
99816,PUNE,PUNE JN.,LNL,LONAVLA,63,90.0,1.5,Short
99817,LNL,LONAVLA,PUNE,PUNE JN.,63,85.0,1.4166666666666667,Short
99818,PUNE,PUNE JN.,LNL,LONAVLA,63,80.0,1.3333333333333333,Short
99819,LNL,LONAVLA,PUNE,PUNE JN.,63,85.0,1.4166666666666667,Short
99820,PUNE,PUNE JN.,LNL,LONAVLA,63,85.0,1.4166666666666667,Short
99821,LNL,LONAVLA,PUNE,PUNE JN.,63,85.0,1.4166666666666667,Short
99822,PUNE,PUNE JN.,LNL,LONAVLA,63,85.0,1.4166666666666667,Short
99823,LNL,LONAVLA,SVJR,SHIVAJINAGAR,61,85.0,1.4166666666666667,Short
99824,PUNE,PUNE JN.,LNL,LONAVLA,63,85.0,1.4166666666666667,Short
99825,LNL,LONAVLA,PUNE,PUNE JN.,63,80.0,1.3333333333333333,Short
99826,PUNE,PUNE JN.,LNL,LONAVLA,63,85.0,1.4166666666666667,Short
99827,LNL,LONAVLA,PUNE,PUNE JN.,63,80.0,1.3333333333333333,Short
99828,PUNE,PUNE JN.,LNL,LONAVLA,63,85.0,1.4166666666666667,Short
99829,LNL,LONAVLA,PUNE,PUNE JN.,63,80.0,1.3333333333333333,Short
99830,PUNE,PUNE JN.,LNL,LONAVLA,63,80.0,1.3333333333333333,Short
99831,LNL,LONAVLA,PUNE,PUNE JN.,63,80.0,1.3333333333333333,Short
99832,SVJR,SHIVAJINAGAR,LNL,LONAVLA,61,78.0,1.3,Short
99833,LNL,LONAVLA,PUNE,PUNE JN.,63,105.0,1.75,Short
99834,PUNE,PUNE JN.,LNL,LONAVLA,63,81.0,1.35,Short
99835,LNL,LONAVLA,PUNE,PUNE JN.,63,115.0,1.9166666666666667,Short
99836,PUNE,PUNE JN.,LNL,LONAVLA,63,80.0,1.3333333333333333,Short
99901,TGN,TALEGAON,PUNE,PUNE JN.,34,70.0,1.1666666666666667,Short
99902,PUNE,PUNE JN.,TGN,TALEGAON,34,50.0,0.8333333333333334,Short
99903,TGN,TALEGAON,PUNE,PUNE JN.,34,50.0,0.8333333333333334,Short
99904,PUNE,PUNE JN.,TGN,TALEGAON,34,50.0,0.8333333333333334,Short
99905,TGN,TALEGAON,SVJR,SHIVAJINAGAR,31,43.0,0.7166666666666667,Short
99906,PUNE,PUNE JN.,TGN,TALEGAON,34,50.0,0.8333333333333334,Short
99907,TGN,TALEGAON,PUNE,PUNE JN.,34,52.0,0.8666666666666667,Short
99908,PUNE,PUNE JN.,TGN,TALEGAON,34,50.0,0.8333333333333334,Short
